id,municipio_id,categoria_id,prioridade_id,status,data_abertura,data_fechamento,tempo_atendimento
1,6.0,9,3,resolvido,2026-06-27 21:30:33,2026-06-28 21:30:33,1.0
2,3.0,4,3,aberto,2025-08-31 19:53:55,,
3,15.0,2,4,resolvido,2025-11-02 01:07:08,2025-11-06 01:07:08,4.0
4,30.0,6,2,resolvido,2026-07-20 17:31:43,2026-07-23 17:31:43,3.0
5,45.0,2,2,em_andamento,2025-09-25 18:36:57,,
6,11.0,8,4,resolvido,2026-05-03 01:52:11,2026-05-14 01:52:11,11.0
7,41.0,9,2,resolvido,2026-04-11 01:09:45,2026-04-21 01:09:45,10.0
8,15.0,1,3,cancelado,2026-04-24 03:06:29,,
9,18.0,2,2,resolvido,2026-06-20 11:56:35,2026-06-21 11:56:35,1.0
10,14.0,8,4,cancelado,2025-12-31 17:40:48,,
11,10.0,5,2,em_andamento,2025-12-29 14:23:19,,
12,48.0,9,3,cancelado,2025-12-21 13:56:28,,
13,38.0,7,3,em_andamento,2026-01-05 06:51:58,,
14,9.0,9,4,aberto,2025-11-18 09:52:08,,
15,49.0,1,1,em_andamento,2025-11-10 06:57:13,,
16,41.0,3,4,aberto,2025-12-14 03:27:50,,
17,25.0,7,4,resolvido,2026-02-02 09:09:50,2026-02-16 09:09:50,14.0
18,1.0,2,3,resolvido,2025-11-07 04:30:41,2025-11-12 04:30:41,5.0
19,8.0,5,4,em_andamento,2025-12-27 01:52:41,,
20,30.0,1,3,em_andamento,2026-01-11 05:01:36,,
21,33.0,2,3,em_andamento,2025-10-27 19:46:28,,
22,10.0,6,2,aberto,2026-07-14 14:31:59,,
23,39.0,6,4,aberto,2025-09-23 13:34:24,,
24,8.0,6,3,em_andamento,2026-04-05 04:20:28,,
25,4.0,4,1,aberto,2026-06-01 13:28:06,,
26,47.0,8,1,em_andamento,2026-04-21 02:01:47,,
27,9.0,8,2,resolvido,2025-09-08 09:32:58,2025-09-09 09:32:58,1.0
28,14.0,9,2,resolvido,2026-03-02 08:28:15,2026-03-08 08:28:15,6.0
29,26.0,6,4,cancelado,2025-09-25 19:58:12,,
30,8.0,4,2,aberto,2026-07-07 17:41:04,,
31,22.0,1,2,em_andamento,2025-10-07 04:52:38,,
32,1.0,2,1,em_andamento,2025-09-25 11:25:30,,
33,5.0,1,3,aberto,2025-08-31 02:54:36,,
34,33.0,4,3,cancelado,2025-08-03 21:23:50,,
35,14.0,9,2,cancelado,2025-11-18 01:39:10,,
36,16.0,8,4,em_andamento,2026-03-21 07:10:48,,
37,7.0,2,4,resolvido,2025-11-14 13:58:38,2025-11-17 13:58:38,3.0
38,47.0,1,1,aberto,2025-09-23 00:47:00,,
39,26.0,6,1,em_andamento,2025-11-06 00:29:57,,
40,13.0,4,4,em_andamento,2025-10-11 16:04:59,,
41,28.0,3,3,cancelado,2025-09-07 14:32:52,,
42,16.0,2,4,aberto,2026-04-05 09:16:06,,
43,4.0,9,1,aberto,2026-04-02 00:37:00,,
44,49.0,4,2,cancelado,2026-06-06 19:45:36,,
45,32.0,8,2,cancelado,2025-10-13 14:23:42,,
46,4.0,3,4,aberto,2026-07-29 08:20:13,,
47,25.0,5,4,resolvido,2025-11-20 00:01:44,2025-11-29 00:01:44,9.0
48,28.0,9,4,em_andamento,2025-11-11 14:21:30,,
49,13.0,5,2,aberto,2026-02-16 08:22:42,,
50,38.0,9,1,resolvido,2025-12-05 23:23:37,2025-12-16 23:23:37,11.0
51,33.0,9,2,aberto,2026-06-18 10:26:56,,
52,33.0,2,2,aberto,2026-07-09 02:37:53,,
53,39.0,2,2,cancelado,2025-09-26 05:40:38,,
54,8.0,10,2,aberto,2026-05-05 21:46:36,,
55,40.0,2,4,resolvido,2025-12-04 05:09:00,2025-12-12 05:09:00,8.0
56,17.0,4,3,em_andamento,2025-10-20 21:20:12,,
57,17.0,7,2,resolvido,2026-01-27 06:43:22,2026-01-28 06:43:22,1.0
58,5.0,1,4,aberto,2025-10-01 16:31:56,,
59,5.0,9,2,resolvido,2026-03-23 04:30:55,2026-04-01 04:30:55,9.0
60,9.0,6,1,em_andamento,2026-06-17 21:57:16,,
61,24.0,5,2,cancelado,2026-05-27 21:24:44,,
62,35.0,5,1,resolvido,2025-09-30 01:13:29,2025-10-08 01:13:29,8.0
63,9.0,5,1,aberto,2025-12-28 21:56:54,,
64,48.0,9,2,resolvido,2025-09-02 19:43:00,2025-09-08 19:43:00,6.0
65,19.0,10,2,resolvido,2025-08-22 23:22:06,2025-08-30 23:22:06,8.0
66,17.0,9,4,resolvido,2025-08-29 12:31:27,2025-09-10 12:31:27,12.0
67,4.0,2,4,resolvido,2026-06-01 02:25:34,2026-06-11 02:25:34,10.0
68,9.0,5,2,cancelado,2026-01-30 21:55:42,,
69,36.0,7,1,aberto,2025-10-12 21:48:58,,
70,5.0,3,1,resolvido,2026-02-24 18:28:31,2026-03-03 18:28:31,7.0
71,38.0,9,2,cancelado,2026-03-07 18:38:51,,
72,9.0,1,3,resolvido,2026-05-24 06:47:51,2026-06-05 06:47:51,12.0
73,3.0,6,2,em_andamento,2026-03-13 11:25:21,,
74,43.0,2,3,cancelado,2025-12-20 20:00:39,,
75,40.0,3,2,em_andamento,2025-12-26 22:05:44,,
76,12.0,7,1,em_andamento,2025-08-09 16:19:59,,
77,48.0,6,4,em_andamento,2025-11-27 16:03:56,,
78,18.0,3,1,cancelado,2025-10-26 02:08:12,,
79,3.0,8,2,em_andamento,2025-12-13 14:09:18,,
80,30.0,6,3,em_andamento,2025-09-28 19:32:20,,
81,15.0,1,2,cancelado,2026-02-24 15:43:22,,
82,22.0,5,1,resolvido,2026-07-03 11:57:50,2026-07-05 11:57:50,2.0
83,23.0,9,4,resolvido,2026-04-18 17:36:11,2026-04-26 17:36:11,8.0
84,17.0,3,3,aberto,2026-07-30 01:25:54,,
85,7.0,10,4,resolvido,2026-03-26 20:07:49,2026-04-01 20:07:49,6.0
86,47.0,6,4,aberto,2026-03-03 01:15:47,,
87,25.0,10,2,resolvido,2026-01-16 09:21:33,2026-01-27 09:21:33,11.0
88,34.0,9,2,resolvido,2026-05-08 18:22:41,2026-05-16 18:22:41,8.0
89,28.0,2,3,resolvido,2026-06-22 05:32:54,2026-06-27 05:32:54,5.0
90,20.0,9,3,cancelado,2026-07-29 21:13:28,,
91,21.0,7,3,em_andamento,2025-12-17 04:33:27,,
92,13.0,7,4,em_andamento,2026-07-25 10:45:19,,
93,40.0,10,3,cancelado,2025-09-12 21:32:05,,
94,36.0,1,3,resolvido,2026-07-28 04:56:11,2026-08-02 04:56:11,5.0
95,14.0,7,3,cancelado,2026-07-29 03:08:05,,
96,29.0,8,2,cancelado,2026-03-06 20:35:56,,
97,48.0,3,1,resolvido,2026-02-04 07:30:29,2026-02-05 07:30:29,1.0
98,22.0,2,2,resolvido,2026-06-22 12:43:02,2026-06-28 12:43:02,6.0
99,15.0,4,2,aberto,2025-09-28 04:55:10,,
100,3.0,4,4,aberto,2026-06-18 16:51:54,,
101,30.0,7,2,cancelado,2025-11-27 07:51:26,,
102,32.0,7,2,em_andamento,2026-04-13 15:22:34,,
103,42.0,1,1,cancelado,2025-09-02 00:17:18,,
104,15.0,3,4,aberto,2025-08-03 21:01:44,,
105,36.0,4,1,cancelado,2025-12-18 20:01:38,,
106,9.0,8,3,cancelado,2025-10-24 04:09:36,,
107,40.0,9,4,cancelado,2026-03-02 13:12:23,,
108,11.0,8,4,resolvido,2026-02-06 02:19:25,2026-02-13 02:19:25,7.0
109,18.0,9,4,em_andamento,2026-06-10 03:12:43,,
110,18.0,8,1,resolvido,2025-10-17 06:56:18,2025-10-18 06:56:18,1.0
111,16.0,5,3,resolvido,2026-07-02 05:01:17,2026-07-10 05:01:17,8.0
112,10.0,4,4,em_andamento,2026-03-02 19:43:49,,
113,46.0,4,1,cancelado,2025-12-16 12:33:13,,
114,27.0,6,4,cancelado,2026-03-27 11:09:38,,
115,4.0,4,4,cancelado,2026-01-08 17:08:36,,
116,50.0,10,1,cancelado,2026-03-28 04:16:51,,
117,31.0,1,3,resolvido,2025-10-05 19:02:48,2025-10-10 19:02:48,5.0
118,49.0,7,4,em_andamento,2025-10-09 18:32:38,,
119,32.0,4,3,cancelado,2025-12-16 10:45:43,,
120,32.0,1,4,resolvido,2026-01-05 03:29:25,2026-01-08 03:29:25,3.0
121,47.0,3,4,em_andamento,2026-02-05 02:30:54,,
122,40.0,9,1,cancelado,2026-04-04 15:47:11,,
123,38.0,10,1,aberto,2026-05-02 01:41:58,,
124,42.0,7,2,cancelado,2025-11-09 16:27:57,,
125,12.0,1,3,cancelado,2025-11-13 17:13:39,,
126,21.0,4,4,resolvido,2026-01-13 01:45:16,2026-01-14 01:45:16,1.0
127,22.0,7,3,cancelado,2026-03-27 10:01:22,,
128,17.0,2,4,aberto,2026-02-14 19:46:42,,
129,48.0,9,1,resolvido,2026-01-24 01:30:54,2026-01-31 01:30:54,7.0
130,42.0,1,1,em_andamento,2026-04-17 10:04:39,,
131,13.0,1,2,Em Andamento,2025-12-09 04:25:10,,
132,9.0,8,1,em_andamento,2025-11-12 18:49:27,,
133,30.0,5,3,em_andamento,2026-07-31 19:47:44,,
134,39.0,10,1,em_andamento,2026-04-21 03:01:07,,
135,20.0,2,1,resolvido,2026-04-07 03:46:24,2026-04-15 03:46:24,8.0
136,37.0,7,4,em_andamento,2026-02-18 13:45:05,,
137,5.0,10,2,aberto,2026-04-19 04:16:51,,
138,45.0,5,1,aberto,2026-06-10 09:11:23,,
139,23.0,9,4,resolvido,2025-08-26 19:16:19,2025-09-07 19:16:19,12.0
140,1.0,7,4,aberto,2026-05-23 09:38:46,,
141,28.0,6,4,em_andamento,2026-03-19 05:12:42,,
142,28.0,3,3,cancelado,2026-01-04 07:16:40,,
143,30.0,7,3,resolvido,2025-11-21 06:50:09,2025-11-30 06:50:09,9.0
144,16.0,2,3,cancelado,2026-05-11 13:19:18,,
145,16.0,8,4,resolvido,2026-02-07 06:50:38,2026-02-21 06:50:38,14.0
146,12.0,8,2,resolvido,2025-11-25 02:22:20,2025-12-03 02:22:20,8.0
147,17.0,6,3,resolvido,2025-09-16 08:13:48,2025-09-18 08:13:48,2.0
148,13.0,2,2,cancelado,2025-08-28 19:02:50,,
149,32.0,9,2,cancelado,2025-12-12 19:20:31,,
150,42.0,8,4,aberto,2026-01-04 03:31:50,,
151,6.0,5,2,cancelado,2026-01-07 12:19:13,,
152,45.0,4,3,resolvido,2025-10-22 11:03:51,2025-10-27 11:03:51,5.0
153,31.0,9,3,cancelado,2025-08-21 00:13:51,,
154,48.0,9,3,resolvido,2026-05-11 00:21:09,2026-05-17 00:21:09,6.0
155,17.0,4,1,em_andamento,2025-12-27 16:01:18,,
156,21.0,2,2,em_andamento,2026-03-28 05:04:41,,
157,14.0,8,3,resolvido,2025-12-19 03:52:04,2025-12-22 03:52:04,3.0
158,7.0,4,3,em_andamento,2026-03-05 18:45:06,,
159,24.0,3,3,aberto,2026-01-05 08:49:47,,
160,46.0,9,2,resolvido,2025-11-30 21:55:20,2025-12-08 21:55:20,8.0
161,19.0,3,4,aberto,2025-11-21 12:23:52,,
162,1.0,10,3,cancelado,2025-08-18 14:04:14,,
163,31.0,8,3,em_andamento,2026-01-03 21:27:00,,
164,4.0,5,4,aberto,2025-10-06 17:09:44,,
165,5.0,7,4,aberto,2026-07-11 14:09:32,,
166,37.0,1,2,em_andamento,2026-06-10 20:39:54,,
167,37.0,5,1,em_andamento,2026-07-20 02:00:38,,
168,8.0,9,4,em_andamento,2025-08-13 13:45:21,,
169,50.0,9,4,cancelado,2025-09-30 11:27:13,,
170,29.0,5,4,resolvido,2026-04-18 07:56:19,2026-04-25 07:56:19,7.0
171,37.0,10,1,aberto,2026-06-16 15:57:06,,
172,49.0,4,2,resolvido,2026-03-13 23:36:06,2026-03-18 23:36:06,5.0
173,12.0,9,1,em_andamento,2025-12-08 06:10:07,,
174,1.0,7,4,cancelado,2025-10-28 14:29:02,,
175,19.0,1,2,resolvido,2026-06-06 00:45:50,2026-06-11 00:45:50,5.0
176,46.0,5,4,aberto,2026-03-29 14:46:00,,
177,44.0,4,3,em_andamento,2026-01-03 22:30:02,,
178,28.0,2,2,em_andamento,2026-04-30 06:27:22,,
179,18.0,3,1,aberto,2026-01-21 20:48:51,,
180,11.0,5,3,cancelado,2026-06-30 19:45:33,,
181,8.0,8,3,cancelado,2025-11-13 23:57:37,,
182,18.0,9,4,cancelado,2025-09-26 12:20:02,,
183,6.0,10,1,cancelado,2026-07-13 03:12:00,,
184,48.0,6,3,aberto,2026-07-28 14:35:36,,
185,6.0,4,1,resolvido,2025-09-05 03:55:54,2025-09-06 03:55:54,1.0
186,12.0,8,4,resolvido,2026-02-25 16:07:09,2026-02-28 16:07:09,3.0
187,12.0,10,4,cancelado,2025-10-22 10:30:51,,
188,6.0,8,3,cancelado,2026-01-28 06:34:23,,
189,22.0,6,1,em_andamento,2025-09-28 21:44:30,,
190,22.0,7,4,resolvido,2026-06-10 09:52:19,2026-06-14 09:52:19,4.0
191,49.0,9,1,cancelado,2025-11-23 17:56:36,,
192,6.0,6,3,resolvido,2026-06-24 09:38:52,2026-06-27 09:38:52,3.0
193,8.0,7,1,cancelado,2025-08-15 21:56:31,,
194,27.0,1,2,resolvido,2025-12-25 06:13:49,2025-12-28 06:13:49,3.0
195,29.0,1,2,resolvido,2026-04-04 18:54:34,2026-04-07 18:54:34,3.0
196,36.0,3,3,cancelado,2025-08-16 09:29:49,,
197,45.0,8,1,aberto,2026-05-26 11:54:51,,
198,41.0,10,2,em_andamento,2026-01-09 12:27:44,,
199,20.0,9,1,cancelado,2026-03-28 07:56:35,,
200,6.0,4,1,cancelado,2026-03-31 20:00:11,,
201,8.0,3,4,resolvido,2026-05-15 13:48:47,2026-05-18 13:48:47,3.0
202,31.0,8,2,cancelado,2026-02-22 13:21:50,,
203,36.0,3,4,em_andamento,2025-12-24 13:57:29,,
204,39.0,9,2,aberto,2026-06-09 10:56:10,,
205,18.0,7,3,resolvido,2025-10-29 18:21:34,2025-11-04 18:21:34,6.0
206,1.0,5,3,cancelado,2026-06-28 10:19:24,,
207,10.0,8,4,resolvido,2026-01-23 09:29:22,2026-01-26 09:29:22,3.0
208,25.0,8,3,em_andamento,2025-12-10 14:29:51,,
209,45.0,4,4,em_andamento,2026-02-06 09:41:09,,
210,50.0,7,1,resolvido,2026-01-02 23:44:16,2026-01-14 23:44:16,12.0
211,48.0,8,4,cancelado,2026-05-17 17:52:50,,
212,43.0,3,4,aberto,2026-05-12 21:46:03,,
213,9.0,9,3,aberto,2026-02-09 20:37:37,,
214,29.0,2,4,aberto,2026-03-20 15:36:49,,
215,47.0,3,4,em_andamento,2025-09-05 15:39:02,,
216,5.0,8,3,resolvido,2026-03-11 09:22:32,2026-03-15 09:22:32,4.0
217,6.0,6,4,resolvido,2026-04-10 21:43:29,2026-04-14 21:43:29,4.0
218,41.0,8,1,aberto,2026-06-16 20:06:28,,
219,16.0,5,2,aberto,2025-08-14 02:43:02,,
220,28.0,2,1,cancelado,2026-07-21 17:14:52,,
221,11.0,5,1,aberto,2025-11-15 05:58:38,,
222,21.0,1,3,resolvido,2025-11-03 12:49:52,2025-11-08 12:49:52,5.0
223,34.0,7,2,em_andamento,2025-11-29 22:57:55,,
224,12.0,2,4,em_andamento,2026-03-26 12:33:52,,
225,32.0,10,2,em_andamento,2026-05-11 18:05:04,,
226,30.0,5,4,resolvido,2025-12-26 09:02:56,2026-01-03 09:02:56,8.0
227,43.0,1,4,resolvido,2026-04-26 00:42:02,2026-05-01 00:42:02,5.0
228,29.0,6,3,cancelado,2026-07-02 17:03:29,,
229,45.0,5,4,resolvido,2026-01-31 06:34:55,2026-02-04 06:34:55,4.0
230,13.0,7,4,aberto,2026-07-04 01:41:35,,
231,16.0,7,3,resolvido,2025-09-30 06:02:10,2025-10-10 06:02:10,10.0
232,43.0,7,3,aberto,2025-11-26 15:31:13,2025-11-24 15:31:13,
233,37.0,1,4,resolvido,2026-01-28 13:32:58,2026-02-03 13:32:58,6.0
234,50.0,4,3,em_andamento,2026-06-22 15:16:02,,
235,41.0,4,3,em_andamento,2025-10-11 01:03:12,,
236,41.0,2,1,resolvido,2025-12-11 10:33:57,2025-12-18 10:33:57,7.0
237,24.0,3,1,resolvido,2025-08-14 14:29:24,2025-08-19 14:29:24,5.0
238,21.0,7,2,em_andamento,2026-06-27 09:14:45,,
239,9.0,9,3,resolvido,2025-10-02 13:09:56,2025-10-10 13:09:56,8.0
240,31.0,5,3,aberto,2026-03-01 17:07:04,,
241,30.0,2,2,em_andamento,2026-01-05 01:20:12,,
242,44.0,7,3,aberto,2026-07-06 22:32:01,,
243,26.0,1,3,aberto,2026-06-15 08:04:39,,
244,30.0,6,3,cancelado,2026-01-16 00:39:39,,
245,41.0,6,1,em_andamento,2026-05-12 22:42:03,,
246,31.0,1,3,em_andamento,2026-07-13 20:05:41,,
247,42.0,2,4,resolvido,2025-11-24 17:52:33,2025-11-28 17:52:33,4.0
248,42.0,7,1,em_andamento,2026-02-10 21:29:50,,
249,3.0,1,3,cancelado,2026-03-06 20:27:06,,
250,8.0,2,2,em_andamento,2026-03-29 14:57:30,,
251,25.0,8,3,cancelado,2026-01-01 17:12:30,,
252,38.0,3,4,aberto,2025-09-02 08:06:09,,
253,32.0,10,4,resolvido,2026-03-19 14:41:57,2026-03-29 14:41:57,10.0
254,29.0,8,2,resolvido,2026-06-22 00:05:12,2026-06-29 00:05:12,7.0
255,7.0,6,3,aberto,2026-02-12 18:43:35,,
256,26.0,5,2,aberto,2026-02-06 03:22:04,,
257,30.0,2,2,aberto,2026-03-26 06:58:15,,
258,4.0,6,2,em_andamento,2025-10-07 16:18:19,,
259,37.0,4,1,em_andamento,2026-06-18 20:50:13,,
260,38.0,4,2,resolvido,2026-05-06 05:07:27,2026-05-14 05:07:27,8.0
261,39.0,1,3,em_andamento,2026-07-12 14:02:37,,
262,9.0,9,3,em_andamento,2026-02-27 04:14:53,,
263,8.0,1,2,aberto,2026-05-11 11:32:23,,
264,23.0,4,3,aberto,2026-03-16 22:46:29,,
265,12.0,5,1,em_andamento,2026-03-20 03:12:34,,
266,48.0,7,1,aberto,2025-12-18 20:07:06,,
267,31.0,8,3,aberto,2026-02-07 06:42:30,,
268,29.0,9,2,aberto,2025-10-18 21:45:10,,
269,47.0,9,3,cancelado,2026-03-11 18:36:37,,
270,42.0,1,1,cancelado,2025-10-24 23:27:36,,
271,26.0,7,1,cancelado,2026-06-26 06:54:46,,
272,46.0,8,1,aberto,2025-08-17 09:38:49,,
273,21.0,10,2,aberto,2025-12-16 09:44:53,,
274,9.0,5,3,cancelado,2025-08-09 08:25:29,,
275,39.0,9,3,cancelado,2025-11-03 14:28:08,,
276,33.0,10,4,aberto,2025-10-26 17:03:48,,
277,45.0,2,2,cancelado,2026-07-01 06:34:19,,
278,29.0,4,4,resolvido,2025-09-14 18:31:41,2025-09-15 18:31:41,1.0
279,30.0,7,4,aberto,2026-07-22 15:09:14,,
280,21.0,7,3,resolvido,2026-06-15 21:56:27,2026-06-20 21:56:27,5.0
281,31.0,2,1,aberto,2026-02-05 12:52:05,,
282,6.0,7,1,resolvido,2026-07-28 22:31:07,2026-08-05 22:31:07,8.0
283,9.0,9,1,resolvido,2026-06-29 13:50:56,2026-07-04 13:50:56,5.0
284,43.0,7,1,resolvido,2026-02-26 03:41:01,2026-03-01 03:41:01,3.0
285,39.0,5,3,aberto,2026-01-08 22:29:53,,
286,37.0,9,2,em_andamento,2026-07-18 07:53:14,,
287,43.0,8,2,aberto,2026-07-26 15:33:57,,
288,23.0,9,3,aberto,2025-10-04 10:34:29,,
289,49.0,5,2,cancelado,2026-06-03 02:10:17,,
290,36.0,10,1,resolvido,2026-07-15 07:47:02,2026-07-25 07:47:02,10.0
291,49.0,5,3,resolvido,2025-12-28 21:15:48,2026-01-04 21:15:48,7.0
292,1.0,3,2,cancelado,2026-04-30 05:25:58,,
293,5.0,3,1,aberto,2026-07-31 18:34:35,,
294,48.0,9,2,cancelado,2025-11-29 00:33:30,,
295,27.0,8,3,em_andamento,2025-09-12 01:53:37,,
296,24.0,5,3,aberto,2026-04-02 02:21:12,,
297,4.0,3,2,aberto,2025-08-18 17:17:25,,
298,44.0,2,3,cancelado,2025-10-16 11:51:41,,
299,43.0,7,4,cancelado,2026-05-28 10:24:02,,
300,27.0,5,2,aberto,2025-10-10 06:26:51,,
301,23.0,7,1,resolvido,2025-10-10 23:32:32,2025-10-14 23:32:32,4.0
302,34.0,5,1,em_andamento,2026-07-11 15:52:19,,
303,26.0,10,1,aberto,2026-01-08 07:52:49,,
304,14.0,5,2,em_andamento,2026-01-25 06:16:22,,
305,49.0,5,3,resolvido,2025-09-21 00:53:28,2025-09-23 00:53:28,2.0
306,8.0,1,4,cancelado,2026-03-26 08:31:32,,
307,12.0,3,4,em_andamento,2026-04-17 18:24:50,,
308,33.0,9,3,aberto,2026-05-06 21:57:05,,
309,26.0,1,4,aberto,2026-07-23 06:28:14,,
310,30.0,2,3,cancelado,2025-11-05 00:14:06,,
311,37.0,7,4,resolvido,2026-04-25 10:36:09,2026-05-02 10:36:09,7.0
312,21.0,3,4,resolvido,2025-09-14 14:08:11,2025-09-21 14:08:11,7.0
313,6.0,7,1,em_andamento,2025-12-06 16:27:56,,
314,28.0,10,4,aberto,2025-09-16 13:04:02,,
315,26.0,5,3,em_andamento,2026-04-28 08:42:31,,
316,22.0,3,1,aberto,2026-07-05 04:52:00,,
317,34.0,9,2,resolvido,2025-08-21 09:58:05,2025-08-22 09:58:05,1.0
318,42.0,3,2,aberto,2026-04-04 13:52:03,,
319,10.0,5,2,em_andamento,2026-07-04 18:17:35,,
320,39.0,3,1,em_andamento,2026-04-17 02:30:18,,
321,50.0,8,4,cancelado,2026-05-26 02:38:57,,
322,44.0,10,3,resolvido,2026-01-08 22:05:31,2026-01-23 22:05:31,15.0
323,10.0,8,1,cancelado,2026-06-08 16:13:30,,
324,29.0,5,3,aberto,2026-04-20 06:43:46,,
325,23.0,9,1,resolvido,2026-02-03 16:25:35,2026-02-08 16:25:35,5.0
326,24.0,5,1,aberto,2026-01-25 00:01:17,,
327,40.0,10,4,cancelado,2025-12-29 22:26:37,,
328,38.0,9,1,cancelado,2025-10-12 09:54:59,,
329,37.0,4,3,cancelado,2026-05-26 06:10:56,,
330,33.0,3,1,cancelado,2026-04-18 06:14:01,,
331,7.0,6,1,em_andamento,2026-05-05 10:32:08,,
332,3.0,4,4,cancelado,2026-04-27 23:00:28,,
333,34.0,9,2,resolvido,2025-09-30 07:52:06,2025-10-07 07:52:06,7.0
334,24.0,5,4,cancelado,2026-07-17 05:18:53,,
335,50.0,6,1,resolvido,2026-02-22 05:12:02,2026-03-02 05:12:02,8.0
336,44.0,7,3,resolvido,2025-08-31 07:36:47,2025-09-07 07:36:47,7.0
337,47.0,10,2,resolvido,2026-05-21 21:40:54,2026-06-02 21:40:54,12.0
338,23.0,5,4,em_andamento,2026-04-29 17:03:16,,
339,39.0,2,3,cancelado,2026-07-13 08:10:51,,
340,42.0,6,2,aberto,2026-04-23 01:43:04,,
341,42.0,7,3,aberto,2026-05-07 06:02:30,,
342,24.0,5,2,em_andamento,2026-07-13 23:19:06,,
343,22.0,8,2,em_andamento,2025-12-23 12:26:23,,
344,9.0,3,1,resolvido,2026-02-07 11:24:33,2026-02-16 11:24:33,9.0
345,7.0,9,1,resolvido,2026-01-22 15:57:44,2026-02-01 15:57:44,10.0
346,39.0,7,2,em_andamento,2026-01-12 10:00:45,,
347,12.0,10,2,cancelado,2026-03-12 15:45:13,,
348,3.0,7,3,em_andamento,2025-10-08 04:49:30,,
349,29.0,10,3,cancelado,2025-08-04 18:08:07,,
350,15.0,9,2,resolvido,2026-02-03 03:03:03,2026-02-06 03:03:03,3.0
351,31.0,4,3,cancelado,2026-06-17 23:25:53,,
352,30.0,5,4,cancelado,2025-09-01 17:13:45,,
353,11.0,4,2,resolvido,2026-01-30 19:28:29,2026-02-10 19:28:29,11.0
354,24.0,9,1,aberto,2026-06-28 21:04:40,,
355,19.0,2,2,resolvido,2025-11-27 18:31:36,2025-12-05 18:31:36,8.0
356,29.0,9,2,cancelado,2025-12-06 08:47:56,,
357,6.0,4,4,resolvido,2026-02-25 17:55:21,2026-03-07 17:55:21,10.0
358,26.0,9,3,em_andamento,2026-01-07 23:39:25,,
359,25.0,2,3,em_andamento,2026-06-14 02:06:16,,
360,2.0,6,1,resolvido,2025-12-28 08:10:56,2026-01-02 08:10:56,5.0
361,10.0,3,1,resolvido,2025-08-15 07:29:34,2025-08-25 07:29:34,10.0
362,9.0,8,4,aberto,2026-07-06 08:44:19,,
363,6.0,1,3,em_andamento,2025-12-12 13:47:54,,
364,10.0,9,4,aberto,2025-11-25 20:46:39,,
365,50.0,5,2,resolvido,2026-07-28 02:37:07,2026-08-01 02:37:07,4.0
366,8.0,1,2,cancelado,2026-01-01 20:59:46,,
367,41.0,10,4,aberto,2025-10-26 04:03:37,,
368,8.0,8,1,em_andamento,2026-07-26 16:56:35,,
369,46.0,3,3,cancelado,2026-04-21 15:34:21,,
370,1.0,10,3,em_andamento,2026-03-29 10:34:02,,
371,37.0,7,2,aberto,2025-10-01 07:38:59,,
372,34.0,6,1,aberto,2026-04-20 15:43:33,,
373,25.0,8,1,cancelado,2026-07-07 18:23:29,,
374,24.0,5,1,resolvido,2026-05-07 18:53:23,2026-05-14 18:53:23,7.0
375,47.0,2,3,em_andamento,2026-03-10 02:47:44,,
376,3.0,6,3,em_andamento,2026-06-23 21:08:41,,
377,50.0,8,4,em_andamento,2025-08-15 04:19:55,,
378,9.0,2,4,aberto,2025-12-07 06:26:18,,
379,19.0,4,1,em_andamento,2026-05-27 21:01:09,,
380,3.0,6,3,cancelado,2026-07-11 10:58:59,,
381,35.0,8,3,aberto,2026-05-26 02:27:32,,
382,49.0,4,3,resolvido,2026-06-30 07:38:00,2026-07-03 07:38:00,3.0
383,50.0,1,3,resolvido,2025-10-16 04:49:05,2025-10-25 04:49:05,9.0
384,26.0,8,4,resolvido,2025-12-15 17:53:47,2025-12-24 17:53:47,9.0
385,12.0,8,4,resolvido,2025-10-15 19:43:46,2025-10-26 19:43:46,11.0
386,6.0,7,1,cancelado,2026-05-06 15:15:18,,
387,39.0,3,3,resolvido,2025-11-14 04:13:18,2025-11-18 04:13:18,4.0
388,7.0,2,3,resolvido,2026-04-27 14:25:35,2026-05-02 14:25:35,5.0
389,28.0,3,4,resolvido,2026-05-24 13:13:14,2026-06-05 13:13:14,12.0
390,29.0,1,3,cancelado,2026-05-13 17:26:56,,
391,18.0,1,1,cancelado,2025-12-01 01:29:50,,
392,24.0,9,2,aberto,2025-12-25 16:21:16,,
393,10.0,10,4,aberto,2025-12-31 12:24:55,,
394,9.0,2,2,resolvido,2025-08-17 08:42:33,2025-08-18 08:42:33,1.0
395,3.0,10,2,cancelado,2025-11-16 18:59:54,,
396,24.0,6,4,aberto,2026-03-15 09:46:13,,
397,37.0,3,3,cancelado,2026-05-12 12:55:30,,
398,21.0,5,2,aberto,2026-07-27 06:03:07,,
399,2.0,3,4,cancelado,2026-06-30 10:55:14,,
400,36.0,2,3,resolvido,2026-05-18 08:42:19,2026-06-01 08:42:19,14.0
401,46.0,8,2,resolvido,2025-08-01 15:59:23,2025-08-02 15:59:23,1.0
402,13.0,2,2,aberto,2026-01-23 14:27:20,,
403,29.0,3,4,aberto,2025-09-22 01:21:33,,
404,44.0,6,3,aberto,2026-02-06 12:03:18,,
405,36.0,9,3,resolvido,2025-12-22 06:52:32,2025-12-23 06:52:32,1.0
406,11.0,3,3,em_andamento,2026-03-06 20:08:42,,
407,8.0,4,2,em_andamento,2025-11-22 04:18:48,,
408,32.0,1,3,resolvido,2026-07-06 18:44:15,2026-07-07 18:44:15,1.0
409,9.0,10,1,aberto,2025-10-24 14:27:37,,
410,20.0,7,4,cancelado,2026-01-30 00:34:42,,
411,50.0,7,1,em_andamento,2025-11-14 20:15:50,,
412,21.0,2,4,cancelado,2026-03-28 05:38:55,,
413,44.0,9,3,em_andamento,2025-11-14 19:20:46,,
414,50.0,9,2,em_andamento,2025-11-10 04:49:41,,
415,28.0,9,1,aberto,2026-03-27 02:15:44,,
416,34.0,3,3,em_andamento,2026-04-05 17:43:55,,
417,11.0,6,2,resolvido,2026-04-09 13:54:35,2026-04-18 13:54:35,9.0
418,34.0,5,1,resolvido,2025-10-21 00:53:56,2025-10-31 00:53:56,10.0
419,18.0,3,3,aberto,2026-03-12 03:23:14,,
420,33.0,3,2,em_andamento,2026-06-29 19:32:44,,
421,43.0,10,3,aberto,2026-04-16 11:48:45,,
422,2.0,2,1,resolvido,2026-01-06 10:37:59,2026-01-22 10:37:59,16.0
423,42.0,4,4,aberto,2026-07-22 12:50:25,,
424,32.0,9,3,resolvido,2025-12-07 15:56:56,2025-12-08 15:56:56,1.0
425,44.0,7,3,cancelado,2026-02-18 23:01:54,,
426,5.0,1,2,cancelado,2026-07-02 16:20:39,,
427,27.0,8,4,em_andamento,2026-04-13 13:17:36,,
428,22.0,10,2,resolvido,2026-04-04 13:47:03,2026-04-11 13:47:03,7.0
429,46.0,6,3,cancelado,2026-02-12 00:59:22,,
430,9.0,6,1,resolvido,2026-01-15 03:37:32,2026-01-22 03:37:32,7.0
431,29.0,4,2,aberto,2026-07-31 19:26:57,,
432,4.0,5,4,cancelado,2026-07-29 12:46:06,,
433,16.0,3,3,resolvido,2026-02-20 01:10:32,2026-03-01 01:10:32,9.0
434,13.0,3,4,cancelado,2026-05-07 13:10:28,,
435,32.0,5,4,aberto,2026-07-25 19:39:03,,
436,6.0,7,4,em_andamento,2026-03-15 21:53:40,,
437,14.0,10,3,aberto,2026-03-18 17:57:40,,
438,4.0,5,4,cancelado,2026-02-16 01:00:44,,
439,19.0,9,1,aberto,2025-09-08 18:47:05,,
440,28.0,3,3,resolvido,2026-03-06 22:15:55,2026-03-13 22:15:55,7.0
441,26.0,1,2,resolvido,2026-03-28 04:37:31,2026-03-31 04:37:31,3.0
442,36.0,5,1,cancelado,2026-07-09 11:25:27,,
443,33.0,8,3,aberto,2026-03-26 03:55:17,,
444,9.0,2,4,resolvido,2025-12-31 05:28:57,2026-01-08 05:28:57,8.0
445,24.0,3,2,cancelado,2026-07-14 08:54:29,,
446,33.0,1,1,aberto,2025-10-14 03:35:47,,
447,9.0,6,4,cancelado,2025-12-01 12:51:45,,
448,10.0,10,2,resolvido,2026-04-25 05:39:08,2026-04-28 05:39:08,3.0
449,40.0,6,2,cancelado,2026-04-25 14:30:46,,
450,40.0,5,3,cancelado,2026-04-16 17:05:31,,
451,46.0,10,3,cancelado,2026-01-15 23:36:03,,
452,2.0,6,3,aberto,2025-11-06 22:13:13,,
453,27.0,10,3,aberto,2026-07-13 01:31:33,,
454,39.0,8,3,em_andamento,2025-12-21 21:27:36,,
455,47.0,1,4,em_andamento,2026-05-13 09:22:33,,
456,34.0,10,4,em_andamento,2025-09-24 23:54:31,,
457,44.0,4,1,aberto,2026-03-21 22:18:29,,
458,13.0,1,4,resolvido,2026-02-27 02:53:46,2026-03-02 02:53:46,3.0
459,14.0,7,4,aberto,2026-01-10 04:18:34,,
460,46.0,3,2,resolvido,2026-02-20 09:16:12,2026-03-01 09:16:12,9.0
461,43.0,8,4,resolvido,2025-10-23 20:48:52,2025-11-03 20:48:52,11.0
462,35.0,6,3,resolvido,2026-06-14 17:58:03,2026-06-19 17:58:03,5.0
463,40.0,8,2,em_andamento,2025-10-03 15:11:26,,
464,18.0,9,3,em_andamento,2026-05-29 11:11:49,,
465,20.0,5,2,cancelado,2025-12-23 04:42:44,,
466,21.0,8,3,resolvido,2026-07-22 21:28:46,2026-07-27 21:28:46,5.0
467,35.0,7,4,resolvido,2026-03-07 07:27:32,2026-03-19 07:27:32,12.0
468,50.0,3,3,aberto,2025-11-06 22:42:03,,
469,19.0,2,3,cancelado,2026-06-22 16:28:31,,
470,42.0,5,4,em_andamento,2026-01-23 14:21:06,,
471,13.0,9,3,resolvido,2026-05-09 06:48:24,2026-05-19 06:48:24,10.0
472,38.0,4,2,aberto,2026-04-19 17:53:18,,
473,43.0,9,2,em_andamento,2026-06-26 06:51:15,,
474,4.0,2,4,resolvido,2026-03-30 06:55:24,2026-04-10 06:55:24,11.0
475,46.0,8,1,em_andamento,2025-08-19 07:51:13,,
476,1.0,9,2,cancelado,2026-07-09 15:11:23,,
477,42.0,8,4,em_andamento,2025-10-31 16:57:45,,
478,49.0,5,3,resolvido,2025-11-30 11:39:50,2025-12-01 11:39:50,1.0
479,6.0,10,2,aberto,2025-11-01 05:07:30,,
480,12.0,7,2,aberto,2026-05-27 20:20:09,,
481,26.0,8,2,resolvido,2026-01-07 21:12:55,2026-01-08 21:12:55,1.0
482,3.0,1,3,aberto,2026-05-30 10:26:26,,
483,22.0,5,4,cancelado,2026-04-12 09:48:38,,
484,9.0,9,4,resolvido,2025-08-21 01:30:52,2025-08-28 01:30:52,7.0
485,11.0,8,3,em_andamento,2025-12-25 05:21:53,,
486,1.0,6,3,em_andamento,2026-03-19 19:11:23,,
487,12.0,10,4,cancelado,2025-08-01 11:41:41,,
488,33.0,6,1,cancelado,2026-01-10 16:17:49,,
489,43.0,2,2,em_andamento,2026-07-09 10:20:08,,
490,31.0,6,2,aberto,2025-08-08 22:56:56,,
491,17.0,7,2,cancelado,2026-07-02 03:45:27,,
492,49.0,5,3,resolvido,2025-08-15 10:48:43,2025-08-23 10:48:43,8.0
493,38.0,10,1,resolvido,2025-08-19 16:44:14,2025-08-22 16:44:14,3.0
494,4.0,2,4,resolvido,2025-12-04 19:21:21,2025-12-05 19:21:21,1.0
495,11.0,7,3,aberto,2026-02-27 23:31:03,,
496,41.0,5,3,em_andamento,2026-03-29 02:00:38,,
497,15.0,3,4,em_andamento,2025-08-07 07:51:49,,
498,30.0,10,3,cancelado,2026-01-09 22:33:13,,
499,45.0,9,4,em_andamento,2026-01-09 15:54:24,,
500,49.0,4,1,cancelado,2026-07-19 11:48:55,,
501,34.0,6,1,aberto,2026-06-26 11:10:04,,
502,4.0,9,2,em_andamento,2025-08-02 09:11:45,,
503,11.0,6,4,aberto,2026-07-11 09:10:34,,
504,44.0,4,4,aberto,2025-11-04 07:07:30,,
505,33.0,8,1,cancelado,2025-08-18 03:50:34,,
506,9.0,9,4,cancelado,2025-09-18 13:42:12,,
507,37.0,1,4,resolvido,2026-04-07 17:19:23,2026-04-13 17:19:23,6.0
508,1.0,4,1,aberto,2026-01-09 15:02:57,,
509,28.0,6,1,aberto,2026-05-31 12:21:42,,
510,5.0,8,1,resolvido,2026-07-07 02:59:26,2026-07-10 02:59:26,3.0
511,27.0,3,2,cancelado,2026-05-27 02:25:12,,
512,24.0,7,4,cancelado,2026-01-11 20:32:07,,
513,25.0,2,2,resolvido,2026-03-02 17:32:02,2026-03-18 17:32:02,16.0
514,26.0,9,2,em_andamento,2025-10-04 01:45:06,,
515,1.0,1,3,cancelado,2026-02-17 13:18:15,,
516,44.0,9,4,cancelado,2026-04-07 05:48:20,,
517,15.0,4,4,resolvido,2026-07-08 20:40:24,2026-07-23 20:40:24,15.0
518,10.0,5,2,aberto,2026-02-16 01:48:33,,
519,3.0,7,1,em_andamento,2026-01-29 01:09:27,,
520,14.0,2,1,aberto,2026-04-10 10:48:07,,
521,29.0,10,1,em_andamento,2025-08-04 08:00:08,,
522,48.0,1,4,cancelado,2026-04-13 02:17:27,,
523,15.0,9,2,aberto,2026-01-17 16:14:48,,
524,9.0,9,3,em_andamento,2025-11-08 08:23:46,,
525,47.0,10,3,resolvido,2025-08-18 07:23:41,2025-08-25 07:23:41,7.0
526,43.0,9,2,cancelado,2026-04-24 20:42:41,,
527,20.0,5,1,em_andamento,2026-05-12 23:36:25,,
528,41.0,7,4,aberto,2025-11-04 06:53:09,,
529,23.0,7,3,cancelado,2026-04-16 07:53:41,,
530,27.0,3,3,cancelado,2026-06-06 10:30:22,,
531,12.0,9,4,em_andamento,2025-10-22 19:30:13,,
532,15.0,5,2,cancelado,2026-04-29 20:38:00,,
533,4.0,9,4,cancelado,2025-10-02 20:02:47,,
534,36.0,9,2,cancelado,2025-08-19 03:10:13,,
535,16.0,5,2,resolvido,2025-08-30 05:41:58,2025-09-14 05:41:58,15.0
536,42.0,2,4,resolvido,2026-03-22 01:14:54,2026-04-03 01:14:54,12.0
537,13.0,1,3,cancelado,2026-01-30 22:41:48,,
538,44.0,10,1,aberto,2026-03-11 22:58:06,,
539,13.0,10,2,cancelado,2025-10-12 18:13:38,,
540,14.0,6,3,aberto,2026-04-25 10:51:19,,
541,14.0,4,1,cancelado,2026-01-02 09:11:19,,
542,16.0,10,2,cancelado,2026-05-16 05:17:23,,
543,16.0,9,3,resolvido,2026-07-22 12:07:59,2026-08-01 12:07:59,10.0
544,25.0,8,3,resolvido,2026-03-30 11:14:33,2026-04-05 11:14:33,6.0
545,32.0,8,1,cancelado,2026-02-01 04:51:11,,
546,49.0,6,2,resolvido,2026-05-11 09:06:25,2026-05-22 09:06:25,11.0
547,21.0,7,1,em_andamento,2026-07-05 03:12:04,,
548,48.0,3,1,resolvido,2026-06-05 11:16:02,2026-06-06 11:16:02,1.0
549,47.0,7,3,em_andamento,2025-12-22 22:26:55,,
550,13.0,6,2,cancelado,2026-06-15 01:13:30,,
551,37.0,4,4,resolvido,2025-12-12 00:45:37,2025-12-17 00:45:37,5.0
552,17.0,8,4,cancelado,2026-07-08 00:48:59,,
553,11.0,6,2,em_andamento,2026-04-26 19:11:07,,
554,47.0,9,4,em_andamento,2025-08-28 23:51:27,,
555,35.0,1,1,aberto,2026-05-27 08:49:00,,
556,43.0,1,1,cancelado,2026-07-02 00:30:59,,
557,9.0,4,1,em_andamento,2025-11-30 22:16:16,,
558,1.0,4,4,resolvido,2025-11-24 03:34:34,2025-12-06 03:34:34,12.0
559,40.0,8,4,aberto,2025-10-06 20:58:38,,
560,1.0,9,4,aberto,2026-03-27 14:33:38,,
561,2.0,9,3,resolvido,2026-04-24 14:34:40,2026-05-03 14:34:40,9.0
562,2.0,9,4,em_andamento,2025-09-03 05:59:18,,
563,7.0,2,2,em_andamento,2026-05-27 12:05:15,,
564,13.0,10,3,resolvido,2025-08-20 08:06:03,2025-08-26 08:06:03,6.0
565,24.0,7,4,em_andamento,2026-07-26 12:48:16,,
566,45.0,4,3,aberto,2025-10-09 11:20:52,,
567,42.0,1,1,cancelado,2026-06-28 17:16:25,,
568,25.0,7,4,aberto,2025-08-17 14:14:50,,
569,41.0,1,2,aberto,2025-09-21 16:19:27,,
570,32.0,7,3,aberto,2025-08-22 14:45:30,,
571,34.0,1,2,em_andamento,2025-10-19 10:07:52,,
572,45.0,10,4,resolvido,2026-03-31 00:12:06,2026-04-10 00:12:06,10.0
573,3.0,2,3,aberto,2026-06-16 03:27:45,,
574,12.0,6,1,em_andamento,2025-12-20 16:34:47,,
575,38.0,3,4,aberto,2025-11-02 07:18:11,,
576,20.0,3,2,cancelado,2026-02-01 19:26:54,,
577,44.0,9,3,cancelado,2025-11-14 18:58:55,,
578,49.0,3,1,resolvido,2025-08-13 19:36:47,2025-08-24 19:36:47,11.0
579,5.0,6,4,resolvido,2026-02-09 20:51:25,2026-02-17 20:51:25,8.0
580,2.0,5,4,cancelado,2026-02-20 03:59:01,,
581,15.0,6,4,cancelado,2026-03-20 14:46:19,,
582,12.0,10,4,aberto,2025-08-08 06:07:10,,
583,50.0,10,3,em_andamento,2025-10-01 01:23:56,,
584,46.0,2,1,resolvido,2026-04-19 00:36:49,2026-04-29 00:36:49,10.0
585,41.0,3,4,resolvido,2026-05-20 02:38:30,2026-06-01 02:38:30,12.0
586,24.0,2,1,aberto,2025-08-17 06:59:58,,
587,20.0,8,3,resolvido,2026-02-16 10:01:34,2026-02-24 10:01:34,8.0
588,28.0,8,4,aberto,2025-08-22 07:49:51,,
589,2.0,2,3,aberto,2025-12-14 16:12:36,,
590,39.0,10,3,cancelado,2026-07-28 06:22:19,,
591,1.0,5,4,cancelado,2026-03-11 01:54:08,,
592,50.0,2,2,em_andamento,2026-05-10 23:44:08,,
593,44.0,7,2,em_andamento,2025-09-14 20:38:17,,
594,18.0,5,3,cancelado,2025-10-16 00:14:27,,
595,10.0,2,2,cancelado,2025-09-05 09:53:14,,
596,18.0,7,3,cancelado,2026-01-08 00:07:28,,
597,5.0,6,3,em_andamento,2026-03-25 22:45:04,,
598,47.0,8,2,cancelado,2025-12-04 12:56:39,,
599,7.0,3,3,aberto,2025-11-01 11:02:12,,
600,26.0,6,4,resolvido,2026-03-31 22:31:50,2026-04-08 22:31:50,8.0
601,29.0,6,4,em_andamento,2026-04-06 23:16:17,,
602,20.0,6,2,cancelado,2025-08-09 21:16:20,,
603,21.0,3,4,resolvido,2026-04-18 03:09:49,2026-04-23 03:09:49,5.0
604,32.0,10,2,resolvido,2026-04-11 18:25:52,2026-04-23 18:25:52,12.0
605,25.0,5,4,resolvido,2026-06-13 19:23:08,2026-06-23 19:23:08,10.0
606,38.0,9,2,aberto,2025-09-11 06:49:52,,
607,47.0,8,2,cancelado,2025-10-02 20:40:27,,
608,19.0,2,4,cancelado,2025-11-03 09:41:56,,
609,9.0,5,2,resolvido,2026-06-18 05:43:42,2026-06-28 05:43:42,10.0
610,43.0,3,4,cancelado,2026-07-07 02:23:44,,
611,5.0,8,4,cancelado,2025-08-04 21:59:04,,
612,35.0,9,4,aberto,2025-09-07 06:18:14,,
613,24.0,9,1,aberto,2026-05-23 04:24:11,,
614,50.0,4,3,em_andamento,2025-10-31 01:50:11,,
615,42.0,10,1,cancelado,2026-03-30 20:45:18,,
616,49.0,6,4,aberto,2026-06-28 01:35:01,,
617,1.0,2,3,em_andamento,2026-05-30 03:51:51,,
618,33.0,9,2,cancelado,2026-03-03 23:10:46,,
619,24.0,7,4,em_andamento,2025-08-28 19:36:24,,
620,23.0,1,4,aberto,2026-02-14 14:43:29,,
621,19.0,7,1,aberto,2026-06-20 15:54:22,,
622,47.0,3,3,resolvido,2025-10-12 09:34:45,2025-10-15 09:34:45,3.0
623,34.0,8,3,cancelado,2026-01-12 11:22:00,,
624,7.0,8,4,resolvido,2026-01-12 23:28:03,2026-01-24 23:28:03,12.0
625,5.0,5,1,aberto,2026-05-23 22:34:05,,
626,2.0,6,1,em_andamento,2026-05-26 16:40:00,,
627,48.0,4,2,em_andamento,2026-05-11 00:55:30,,
628,22.0,9,4,cancelado,2025-12-17 12:51:24,,
629,15.0,7,2,em_andamento,2026-05-22 06:23:04,,
630,41.0,7,4,aberto,2026-03-01 10:47:26,,
631,48.0,10,2,cancelado,2025-08-02 19:20:00,,
632,38.0,7,4,aberto,2025-10-01 10:02:21,,
633,46.0,4,2,resolvido,2026-03-11 23:50:24,2026-03-18 23:50:24,7.0
634,5.0,10,1,em_andamento,2026-03-17 17:57:45,,
635,24.0,6,2,cancelado,2026-04-02 17:18:27,,
636,8.0,5,4,resolvido,2026-02-17 03:02:38,2026-02-18 03:02:38,1.0
637,39.0,7,4,aberto,2026-05-04 12:01:04,,
638,23.0,6,4,em_andamento,2025-10-19 16:57:23,,
639,44.0,5,1,em_andamento,2025-09-24 04:01:37,,
640,21.0,2,2,resolvido,2025-11-27 00:30:27,2025-12-06 00:30:27,9.0
641,10.0,9,4,cancelado,2025-10-19 18:26:20,,
642,39.0,3,4,cancelado,2025-08-09 10:45:02,,
643,12.0,8,2,em_andamento,2026-01-05 12:24:02,,
644,32.0,5,2,em_andamento,2026-05-04 02:20:24,,
645,21.0,8,1,resolvido,2025-09-02 00:39:57,2025-09-11 00:39:57,9.0
646,1.0,8,2,em_andamento,2025-11-14 20:47:39,,
647,25.0,9,4,cancelado,2026-07-02 01:30:55,,
648,44.0,8,4,cancelado,2025-08-28 22:28:41,,
649,32.0,3,1,aberto,2026-07-23 17:56:07,,
650,49.0,4,3,aberto,2025-10-09 03:53:26,,
651,18.0,4,3,em_andamento,2026-05-07 12:31:16,,
652,50.0,8,4,aberto,2026-04-25 18:59:18,,
653,37.0,2,3,resolvido,2025-09-14 03:44:18,2025-09-15 03:44:18,1.0
654,49.0,8,2,cancelado,2025-11-13 13:53:55,,
655,7.0,4,3,aberto,2026-03-01 12:56:34,,
656,29.0,5,3,aberto,2026-07-12 16:24:23,,
657,29.0,2,2,em_andamento,2025-10-19 05:31:00,,
658,48.0,10,3,cancelado,2026-02-10 09:14:52,,
659,11.0,10,2,em_andamento,2025-10-22 20:48:28,,
660,14.0,1,3,resolvido,2025-10-28 12:31:10,2025-11-02 12:31:10,5.0
661,39.0,9,2,resolvido,2026-04-03 02:48:48,2026-04-13 02:48:48,10.0
662,37.0,5,1,em_andamento,2025-08-21 19:48:35,,
663,49.0,7,1,resolvido,2026-04-01 11:39:04,2026-04-07 11:39:04,6.0
664,42.0,3,2,em_andamento,2025-09-25 19:37:15,,
665,10.0,6,2,cancelado,2025-11-15 14:14:41,,
666,32.0,3,3,cancelado,2025-12-01 11:41:29,,
667,25.0,8,1,aberto,2025-11-09 12:36:13,,
668,26.0,9,3,resolvido,2026-03-16 11:57:02,2026-03-18 11:57:02,2.0
669,38.0,1,1,cancelado,2026-04-02 19:33:31,,
670,41.0,6,1,cancelado,2025-09-21 12:54:08,,
671,14.0,7,2,cancelado,2025-08-20 15:46:59,,
672,18.0,6,3,resolvido,2026-04-09 17:31:04,2026-04-17 17:31:04,8.0
673,36.0,10,2,cancelado,2025-11-08 04:34:56,,
674,22.0,1,1,aberto,2025-09-28 21:11:15,,
675,41.0,8,1,aberto,2026-02-15 18:27:24,,
676,11.0,8,4,aberto,2025-12-26 22:24:23,,
677,28.0,4,2,resolvido,2026-03-06 21:43:59,2026-03-18 21:43:59,12.0
678,18.0,2,3,resolvido,2025-08-27 21:34:10,2025-09-10 21:34:10,14.0
679,6.0,6,2,aberto,2025-09-10 19:01:34,,
680,26.0,5,2,cancelado,2026-06-13 03:43:12,,
681,42.0,2,1,aberto,2025-12-03 05:30:14,,
682,14.0,8,1,em_andamento,2026-06-06 10:42:57,,
683,38.0,4,4,aberto,2026-05-03 15:17:05,,
684,1.0,6,1,cancelado,2026-04-21 02:00:07,,
685,45.0,3,4,aberto,2025-10-22 05:20:39,,
686,15.0,7,1,aberto,2025-10-14 00:32:12,,
687,7.0,6,3,resolvido,2025-09-12 09:16:29,2025-09-23 09:16:29,11.0
688,49.0,3,2,aberto,2025-10-11 12:41:35,,
689,34.0,10,1,em_andamento,2026-06-15 16:43:56,,
690,29.0,6,2,em_andamento,2026-03-12 14:33:16,,
691,27.0,10,4,em_andamento,2025-12-21 15:40:43,,
692,6.0,2,2,aberto,2025-12-18 12:27:52,,
693,38.0,7,3,cancelado,2025-08-29 19:00:26,,
694,21.0,3,2,resolvido,2026-01-26 15:39:18,2026-02-07 15:39:18,12.0
695,42.0,2,2,resolvido,2025-09-01 22:36:18,2025-09-09 22:36:18,8.0
696,43.0,5,2,em_andamento,2026-06-15 11:04:22,,
697,48.0,7,3,aberto,2025-11-24 23:20:01,,
698,16.0,8,4,aberto,2026-07-07 05:50:39,,
699,16.0,8,1,aberto,2026-01-11 10:56:30,,
700,24.0,6,2,cancelado,2026-01-18 21:08:40,,
701,37.0,7,3,em_andamento,2025-09-01 05:07:55,,
702,49.0,8,1,aberto,2026-04-18 02:58:09,,
703,38.0,2,1,resolvido,2026-07-26 06:04:36,2026-07-27 06:04:36,1.0
704,14.0,1,1,cancelado,2025-11-23 01:32:39,,
705,33.0,5,4,cancelado,2026-01-15 00:51:20,,
706,45.0,7,1,em_andamento,2026-04-12 08:22:45,,
707,18.0,2,3,aberto,2026-05-04 23:30:33,,
708,33.0,4,2,resolvido,2025-10-26 19:44:17,2025-10-28 19:44:17,2.0
709,42.0,2,3,cancelado,2026-04-22 20:24:50,,
710,47.0,4,1,em_andamento,2026-05-26 14:26:27,,
711,6.0,7,1,cancelado,2025-10-12 17:12:25,,
712,40.0,10,1,resolvido,2025-12-03 12:47:16,2025-12-13 12:47:16,10.0
713,43.0,3,1,aberto,2026-02-09 23:40:38,,
714,46.0,3,1,em_andamento,2026-07-05 23:41:44,,
715,32.0,6,3,em_andamento,2025-08-20 02:18:19,,
716,24.0,3,3,aberto,2025-12-07 02:07:14,,
717,50.0,1,3,cancelado,2026-03-07 06:16:31,,
718,18.0,9,1,resolvido,2025-12-20 20:36:36,2025-12-25 20:36:36,5.0
719,5.0,8,4,resolvido,2026-01-03 08:25:42,2026-01-04 08:25:42,1.0
720,4.0,8,2,resolvido,2025-08-23 13:16:10,2025-09-02 13:16:10,10.0
721,37.0,2,2,aberto,2026-01-11 02:57:42,,
722,3.0,1,2,aberto,2026-01-17 09:02:59,,
723,31.0,6,4,em_andamento,2025-08-08 17:41:32,,
724,12.0,1,4,em_andamento,2025-10-15 16:13:56,,
725,21.0,4,4,resolvido,2026-01-26 12:02:59,2026-02-07 12:02:59,12.0
726,18.0,2,3,aberto,2026-05-17 03:39:36,,
727,33.0,1,2,em_andamento,2026-07-11 22:05:43,,
728,34.0,1,4,aberto,2026-04-25 11:14:56,,
729,30.0,5,3,resolvido,2026-05-14 03:39:15,2026-05-24 03:39:15,10.0
730,24.0,4,3,resolvido,2026-07-18 16:54:46,2026-07-27 16:54:46,9.0
731,48.0,10,2,cancelado,2026-06-11 20:35:25,,
732,24.0,10,4,em_andamento,2025-11-15 02:05:06,,
733,47.0,9,2,em_andamento,2026-03-28 06:29:03,,
734,1.0,7,1,em_andamento,2026-03-17 23:41:39,,
735,35.0,6,1,resolvido,2025-09-14 21:19:55,2025-09-26 21:19:55,12.0
736,48.0,5,1,em_andamento,2025-09-09 11:58:11,,
737,34.0,4,4,cancelado,2026-04-09 07:35:03,,
738,4.0,3,3,aberto,2026-05-22 03:33:03,,
739,3.0,4,4,resolvido,2026-05-10 06:41:26,2026-05-17 06:41:26,7.0
740,30.0,2,1,em_andamento,2026-03-30 13:10:46,,
741,41.0,7,1,aberto,2025-11-02 17:45:19,,
742,28.0,3,2,resolvido,2026-01-26 16:33:56,2026-02-01 16:33:56,6.0
743,26.0,6,3,cancelado,2025-09-05 08:30:16,,
744,18.0,4,1,em_andamento,2025-09-22 07:19:30,,
745,9.0,10,1,em_andamento,2026-04-15 19:35:10,,
746,7.0,3,4,cancelado,2025-11-18 17:42:05,,
747,21.0,7,1,resolvido,2026-05-18 17:28:03,2026-05-28 17:28:03,10.0
748,50.0,4,4,resolvido,2026-07-24 01:13:17,2026-07-25 01:13:17,1.0
749,6.0,3,3,aberto,2025-11-20 04:04:50,,
750,14.0,6,2,aberto,2025-08-27 15:45:01,,
751,46.0,4,3,cancelado,2026-05-13 16:30:08,,
752,33.0,1,3,resolvido,2026-06-28 12:40:47,2026-07-06 12:40:47,8.0
753,12.0,1,4,cancelado,2025-11-12 20:16:31,,
754,36.0,9,2,aberto,2026-03-27 12:13:48,,
755,30.0,2,2,aberto,2025-12-29 08:23:42,,
756,1.0,1,2,em_andamento,2025-12-04 18:29:34,,
757,13.0,7,3,aberto,2026-06-20 09:28:34,,
758,38.0,10,3,aberto,2026-04-21 05:43:05,,
759,2.0,2,2,cancelado,2025-10-22 03:44:51,,
760,9.0,2,3,aberto,2026-01-14 13:15:19,,
761,3.0,8,1,em_andamento,2026-06-23 19:56:56,,
762,37.0,7,4,cancelado,2025-12-10 15:31:02,,
763,2.0,7,4,em_andamento,2025-11-30 02:10:34,,
764,23.0,4,2,resolvido,2025-09-28 18:57:40,2025-10-03 18:57:40,5.0
765,3.0,10,2,resolvido,2025-12-02 04:54:15,2025-12-17 04:54:15,15.0
766,32.0,7,4,aberto,2026-01-05 08:08:17,,
767,6.0,5,4,em_andamento,2025-09-05 12:13:02,,
768,27.0,4,2,aberto,2026-07-08 19:23:06,,
769,25.0,6,4,cancelado,2026-07-24 14:27:59,,
770,23.0,10,3,cancelado,2025-10-22 22:49:18,,
771,18.0,3,1,resolvido,2026-05-29 04:19:25,2026-06-04 04:19:25,6.0
772,50.0,5,1,cancelado,2025-11-04 20:54:29,,
773,34.0,6,2,em_andamento,2025-11-01 04:24:15,,
774,7.0,4,2,resolvido,2025-08-14 05:25:00,2025-08-20 05:25:00,6.0
775,35.0,1,2,cancelado,2026-02-27 23:20:16,,
776,23.0,3,2,em_andamento,2026-05-23 04:55:53,,
777,38.0,6,3,aberto,2026-07-20 13:26:10,,
778,46.0,6,2,em_andamento,2026-04-05 21:43:12,,
779,32.0,9,3,em_andamento,2025-08-01 01:58:50,,
780,32.0,1,1,aberto,2026-07-08 07:57:38,,
781,15.0,10,2,aberto,2026-07-31 11:46:12,,
782,34.0,8,1,resolvido,2026-02-06 10:11:42,2026-02-15 10:11:42,9.0
783,9.0,6,2,resolvido,2026-01-16 00:26:48,2026-01-21 00:26:48,5.0
784,4.0,1,2,em_andamento,2026-02-26 04:07:42,,
785,50.0,2,3,aberto,2025-12-23 22:25:37,,
786,24.0,7,1,resolvido,2025-10-14 08:07:34,2025-10-20 08:07:34,6.0
787,11.0,7,4,resolvido,2025-09-11 09:30:43,2025-09-20 09:30:43,9.0
788,12.0,9,3,em_andamento,2026-07-20 16:05:31,,
789,43.0,10,2,cancelado,2025-09-12 12:34:35,,
790,20.0,5,2,em_andamento,2026-04-26 06:15:07,,
791,47.0,1,4,aberto,2026-01-17 22:26:39,,
792,12.0,10,3,em_andamento,2025-08-17 19:49:14,,
793,41.0,10,1,cancelado,2026-03-24 21:17:00,,
794,10.0,6,1,em_andamento,2025-11-25 13:41:35,,
795,23.0,6,2,aberto,2025-12-04 00:27:33,,
796,46.0,6,4,aberto,2025-10-19 02:29:57,,
797,17.0,4,2,aberto,2025-11-15 06:07:45,,
798,23.0,5,1,aberto,2025-11-02 16:57:55,,
799,4.0,7,4,cancelado,2025-11-19 15:33:54,,
800,11.0,7,4,cancelado,2025-10-04 22:59:54,,
801,23.0,9,4,aberto,2026-07-19 15:25:55,,
802,31.0,10,2,em_andamento,2026-01-27 03:22:41,,
803,29.0,2,1,resolvido,2026-05-22 20:05:52,2026-06-01 20:05:52,10.0
804,7.0,2,3,em_andamento,2026-07-17 16:27:26,,
805,25.0,3,1,aberto,2025-12-29 05:45:45,,
806,22.0,10,4,aberto,2026-07-29 04:29:09,,
807,28.0,3,4,em_andamento,2025-10-30 03:50:38,,
808,4.0,2,3,em_andamento,2026-06-12 04:19:36,,
809,13.0,7,3,resolvido,2025-10-10 08:36:48,2025-10-17 08:36:48,7.0
810,20.0,4,1,aberto,2026-07-27 22:35:54,,
811,26.0,10,4,em_andamento,2026-03-17 00:49:16,,
812,4.0,6,1,cancelado,2026-05-17 14:07:14,,
813,6.0,5,4,em_andamento,2025-10-21 16:09:45,,
814,7.0,1,2,em_andamento,2026-04-17 15:01:03,,
815,41.0,5,1,cancelado,2025-08-14 04:21:17,,
816,8.0,5,4,cancelado,2025-08-18 11:04:34,,
817,32.0,5,1,cancelado,2025-10-04 10:01:44,,
818,12.0,6,4,resolvido,2026-02-23 09:16:49,2026-03-02 09:16:49,7.0
819,29.0,8,3,em_andamento,2025-10-25 21:54:47,,
820,18.0,10,1,em_andamento,2026-02-12 12:17:12,,
821,49.0,2,1,resolvido,2025-09-11 23:43:10,2025-09-19 23:43:10,8.0
822,35.0,7,2,aberto,2025-11-22 01:02:35,,
823,25.0,9,4,cancelado,2026-03-04 10:18:30,,
824,37.0,4,4,resolvido,2025-12-17 06:17:49,2025-12-31 06:17:49,14.0
825,46.0,1,2,aberto,2025-08-12 20:13:09,,
826,49.0,8,2,em_andamento,2026-06-28 16:07:10,,
827,14.0,4,2,aberto,2025-12-13 01:14:39,,
828,28.0,2,4,em_andamento,2026-06-19 02:20:02,,
829,41.0,3,3,resolvido,2026-07-11 02:47:27,2026-07-22 02:47:27,11.0
830,47.0,2,1,cancelado,2026-03-21 01:31:05,,
831,36.0,7,3,resolvido,2026-04-09 02:38:39,2026-04-10 02:38:39,1.0
832,1.0,10,4,aberto,2025-08-16 02:28:39,,
833,27.0,3,2,aberto,2025-08-05 01:44:45,,
834,7.0,10,1,resolvido,2026-03-13 08:01:20,2026-03-18 08:01:20,5.0
835,35.0,6,4,resolvido,2025-08-06 22:43:56,2025-08-09 22:43:56,3.0
836,39.0,8,1,em_andamento,2026-07-17 11:15:18,,
837,18.0,7,2,cancelado,2025-08-31 10:59:35,,
838,3.0,7,3,em_andamento,2026-05-17 14:52:20,,
839,4.0,8,3,resolvido,2025-12-01 19:32:17,2025-12-11 19:32:17,10.0
840,2.0,6,3,resolvido,2026-05-09 21:50:37,2026-05-15 21:50:37,6.0
841,45.0,2,2,em_andamento,2026-07-06 01:41:05,,
842,20.0,8,3,resolvido,2026-07-24 18:28:44,2026-08-04 18:28:44,11.0
843,47.0,7,1,em_andamento,2026-03-14 23:50:52,,
844,29.0,4,4,cancelado,2025-11-01 23:32:43,,
845,49.0,9,3,aberto,2026-06-28 05:50:46,,
846,33.0,3,1,resolvido,2025-10-31 07:56:49,2025-11-05 07:56:49,5.0
847,50.0,9,1,em_andamento,2025-10-10 14:46:11,,
848,13.0,4,1,em_andamento,2025-12-04 17:15:43,,
849,3.0,8,1,resolvido,2026-04-30 21:57:03,2026-05-03 21:57:03,3.0
850,46.0,4,3,resolvido,2025-11-21 05:18:11,2025-11-30 05:18:11,9.0
851,41.0,2,1,em_andamento,2025-11-19 22:53:53,,
852,24.0,8,4,em_andamento,2025-09-28 05:22:11,,
853,31.0,10,3,resolvido,2025-08-10 04:19:37,2025-08-12 04:19:37,2.0
854,11.0,5,1,resolvido,2025-12-29 09:56:29,2026-01-06 09:56:29,8.0
855,37.0,4,2,em_andamento,2026-02-02 22:45:46,,
856,44.0,4,3,cancelado,2026-02-24 07:39:56,,
857,33.0,1,1,cancelado,2026-02-05 21:31:12,,
858,9.0,3,1,em_andamento,2025-11-23 02:17:13,,
859,17.0,10,3,resolvido,2026-07-19 11:27:55,2026-07-26 11:27:55,7.0
860,28.0,7,3,cancelado,2025-09-25 22:17:08,,
861,17.0,4,4,resolvido,2026-03-14 13:42:46,2026-03-17 13:42:46,3.0
862,26.0,10,1,aberto,2025-09-24 13:53:20,,
863,33.0,6,3,resolvido,2026-03-16 11:17:41,2026-03-17 11:17:41,1.0
864,44.0,2,4,aberto,2026-03-20 05:28:26,,
865,22.0,5,3,resolvido,2026-06-01 07:27:35,2026-06-07 07:27:35,6.0
866,42.0,5,2,em_andamento,2025-09-09 04:27:26,,
867,34.0,4,1,cancelado,2025-12-04 23:50:30,,
868,43.0,6,2,aberto,2026-04-21 18:14:05,,
869,42.0,8,3,resolvido,2026-07-25 17:34:57,2026-08-07 17:34:57,13.0
870,27.0,7,4,aberto,2025-09-03 15:12:20,,
871,38.0,10,2,resolvido,2026-01-22 11:56:06,2026-01-28 11:56:06,6.0
872,35.0,8,3,resolvido,2025-09-09 14:33:00,2025-09-13 14:33:00,4.0
873,11.0,9,2,resolvido,2025-08-31 12:35:23,2025-09-08 12:35:23,8.0
874,17.0,9,2,resolvido,2025-09-12 19:12:59,2025-09-20 19:12:59,8.0
875,42.0,2,2,resolvido,2026-04-09 23:20:38,2026-04-17 23:20:38,8.0
876,27.0,6,3,resolvido,2026-06-15 13:20:15,2026-06-29 13:20:15,14.0
877,38.0,5,4,aberto,2026-07-12 18:39:22,,
878,31.0,1,1,cancelado,2025-09-05 01:34:54,,
879,13.0,9,1,cancelado,2026-01-06 09:59:42,,
880,34.0,5,4,aberto,2026-01-15 05:38:25,,
881,10.0,3,2,resolvido,2026-06-19 02:55:35,2026-06-21 02:55:35,2.0
882,30.0,3,3,em_andamento,2025-09-03 13:41:18,,
883,50.0,2,4,resolvido,2026-02-06 17:36:48,2026-02-15 17:36:48,9.0
884,41.0,3,3,aberto,2025-11-16 22:40:28,,
885,1.0,8,3,em_andamento,2026-07-03 22:02:35,,
886,49.0,3,2,cancelado,2026-07-11 16:03:05,,
887,49.0,2,2,cancelado,2026-05-01 05:26:59,,
888,41.0,7,4,cancelado,2025-12-27 10:58:28,,
889,31.0,7,1,aberto,2026-07-07 04:10:40,,
890,35.0,4,3,aberto,2025-08-11 01:37:10,,
891,21.0,9,2,aberto,2026-02-14 05:41:39,,
892,44.0,1,2,em_andamento,2026-05-24 09:57:22,,
893,45.0,6,3,em_andamento,2026-03-08 03:41:12,,
894,7.0,7,3,em_andamento,2026-03-16 05:31:03,,
895,5.0,1,3,resolvido,2026-01-13 12:09:32,2026-01-15 12:09:32,2.0
896,34.0,6,4,em_andamento,2025-11-07 14:57:55,,
897,22.0,8,3,em_andamento,2026-04-06 08:55:25,,
898,11.0,7,1,em_andamento,2026-03-28 05:15:42,,
899,15.0,3,2,aberto,2026-05-14 04:23:15,,
900,38.0,9,2,aberto,2025-09-11 04:42:36,,
901,24.0,1,4,resolvido,2025-11-05 12:14:44,2025-11-13 12:14:44,8.0
902,50.0,9,1,aberto,2026-07-29 09:57:37,,
903,43.0,2,1,aberto,2026-02-28 21:45:58,,
904,45.0,2,4,cancelado,2025-11-07 02:57:19,,
905,25.0,2,3,cancelado,2026-06-17 20:17:51,,
906,45.0,3,2,aberto,2026-02-06 20:23:20,,
907,20.0,7,1,resolvido,2025-12-09 21:44:04,2025-12-11 21:44:04,2.0
908,27.0,2,1,resolvido,2026-01-14 11:03:44,2026-01-16 11:03:44,2.0
909,8.0,2,4,em_andamento,2026-01-23 01:38:26,,
910,39.0,4,3,em_andamento,2026-06-19 10:36:32,,
911,23.0,7,3,em_andamento,2026-03-29 23:38:08,,
912,3.0,9,4,em_andamento,2025-08-06 07:27:04,,
913,45.0,8,3,em_andamento,2026-01-02 12:35:58,,
914,1.0,1,1,aberto,2025-10-31 17:33:44,,
915,37.0,8,2,aberto,2026-04-20 07:02:29,,
916,50.0,9,1,aberto,2025-12-13 14:32:37,,
917,17.0,4,4,resolvido,2026-07-01 00:07:21,2026-07-07 00:07:21,6.0
918,12.0,1,3,resolvido,2026-04-10 19:07:00,2026-04-18 19:07:00,8.0
919,44.0,6,4,aberto,2026-04-29 21:17:51,,
920,7.0,1,1,em_andamento,2025-12-19 18:14:44,,
921,43.0,3,3,resolvido,2026-06-25 03:15:50,2026-07-09 03:15:50,14.0
922,18.0,2,3,resolvido,2025-09-12 11:35:23,2025-09-13 11:35:23,1.0
923,12.0,2,4,cancelado,2026-04-15 15:58:34,,
924,30.0,5,4,cancelado,2026-01-02 02:52:43,,
925,27.0,3,1,em_andamento,2026-07-14 02:17:07,,
926,45.0,1,2,aberto,2026-01-02 13:52:51,,
927,27.0,10,4,cancelado,2025-11-20 01:29:37,,
928,12.0,10,4,resolvido,2026-06-26 02:18:11,2026-06-27 02:18:11,1.0
929,47.0,3,4,cancelado,2026-05-29 18:26:13,,
930,8.0,7,4,aberto,2026-07-21 17:05:23,,
931,5.0,5,3,aberto,2026-01-20 04:49:23,,
932,46.0,9,2,resolvido,2026-05-02 07:26:50,2026-05-03 07:26:50,1.0
933,34.0,9,1,cancelado,2026-07-24 17:48:11,,
934,43.0,4,4,resolvido,2026-01-12 22:47:27,2026-01-16 22:47:27,4.0
935,10.0,9,1,aberto,2025-09-12 18:55:56,,
936,42.0,3,4,cancelado,2026-06-02 04:42:18,,
937,11.0,2,4,resolvido,2026-07-17 03:41:38,2026-07-19 03:41:38,2.0
938,16.0,6,3,aberto,2025-09-17 15:20:32,,
939,33.0,4,4,cancelado,2026-07-16 05:28:06,,
940,16.0,2,4,cancelado,2025-09-07 18:10:21,,
941,37.0,8,1,cancelado,2026-06-03 06:16:01,,
942,29.0,6,1,cancelado,2026-06-02 21:20:43,,
943,48.0,1,1,cancelado,2026-07-25 07:27:36,,
944,27.0,1,1,aberto,2026-03-16 08:38:18,,
945,39.0,10,3,em_andamento,2025-08-12 18:17:13,,
946,42.0,8,3,resolvido,2026-06-13 00:17:48,2026-06-23 00:17:48,10.0
947,30.0,6,4,resolvido,2025-09-05 15:52:04,2025-09-06 15:52:04,1.0
948,46.0,8,1,aberto,2026-04-08 20:43:23,,
949,49.0,4,1,resolvido,2025-10-10 03:15:12,2025-10-13 03:15:12,3.0
950,19.0,9,3,aberto,2026-07-01 11:32:34,,
951,3.0,3,4,em_andamento,2025-12-20 19:55:51,,
952,46.0,7,1,resolvido,2026-02-23 19:56:52,2026-03-06 19:56:52,11.0
953,40.0,4,2,aberto,2026-03-12 05:10:41,,
954,26.0,4,4,em_andamento,2025-08-25 20:09:27,,
955,46.0,6,1,cancelado,2025-08-14 10:35:00,,
956,3.0,10,1,cancelado,2026-04-18 01:22:43,,
957,30.0,10,2,cancelado,2026-06-03 11:17:48,,
958,1.0,9,1,cancelado,2026-03-31 01:16:55,,
959,38.0,8,2,em_andamento,2025-09-21 19:32:18,,
960,47.0,3,1,cancelado,2025-10-15 19:59:13,,
961,43.0,10,3,cancelado,2026-01-21 01:52:34,,
962,27.0,10,2,resolvido,2025-11-13 08:22:59,2025-11-17 08:22:59,4.0
963,19.0,8,2,em_andamento,2026-03-17 22:27:53,,
964,27.0,10,3,resolvido,2025-09-27 16:41:26,2025-10-06 16:41:26,9.0
965,46.0,9,2,em_andamento,2026-05-04 11:27:10,,
966,14.0,10,3,resolvido,2026-06-08 19:38:53,2026-06-16 19:38:53,8.0
967,46.0,3,3,aberto,2025-10-12 09:38:26,,
968,49.0,6,4,cancelado,2025-10-22 23:22:45,,
969,44.0,9,3,cancelado,2025-10-30 21:31:51,,
970,1.0,9,1,aberto,2025-10-04 04:45:01,,
971,25.0,3,1,aberto,2026-05-02 10:00:59,,
972,13.0,5,2,resolvido,2026-06-27 07:28:42,2026-07-02 07:28:42,5.0
973,44.0,5,2,aberto,2026-07-20 19:57:53,,
974,45.0,5,2,aberto,2025-12-09 09:57:59,,
975,23.0,8,1,em_andamento,2025-11-23 13:10:14,,
976,48.0,9,4,em_andamento,2026-06-09 02:05:08,,
977,33.0,5,1,cancelado,2025-10-04 16:02:47,,
978,25.0,7,3,aberto,2025-08-28 13:36:36,,
979,1.0,5,2,cancelado,2026-04-19 15:43:44,,
980,15.0,6,2,em_andamento,2026-05-22 06:22:13,,
981,19.0,8,2,aberto,2026-02-02 06:31:43,,
982,12.0,3,1,cancelado,2025-09-02 11:46:45,,
983,3.0,7,3,resolvido,2025-09-22 15:32:33,2025-10-02 15:32:33,10.0
984,17.0,1,3,cancelado,2026-05-10 04:20:14,,
985,46.0,3,1,em_andamento,2026-02-16 15:15:26,,
986,21.0,10,1,resolvido,2026-01-07 00:34:41,2026-01-17 00:34:41,10.0
987,32.0,10,3,aberto,2026-06-21 08:25:21,,
988,46.0,6,2,em_andamento,2025-09-15 02:21:27,,
989,34.0,2,2,cancelado,2026-07-15 08:52:52,,
990,35.0,9,4,aberto,2026-02-11 19:30:34,,
991,23.0,4,2,resolvido,2025-09-30 05:23:53,2025-10-05 05:23:53,5.0
992,49.0,10,4,aberto,2026-03-14 13:28:40,,
993,8.0,6,4,em_andamento,2026-06-11 15:55:16,,
994,42.0,10,2,aberto,2025-08-02 09:04:37,,
995,44.0,6,4,aberto,2026-01-08 17:51:32,,
996,25.0,5,3,aberto,2026-03-31 22:52:02,,
997,34.0,6,4,cancelado,2026-06-26 11:23:15,,
998,3.0,5,2,resolvido,2025-12-04 23:17:36,2025-12-13 23:17:36,9.0
999,33.0,2,1,em_andamento,2026-05-21 06:59:38,,
1000,50.0,9,1,aberto,2025-09-22 11:06:22,,
1001,14.0,4,4,aberto,2025-12-30 05:11:58,,
1002,14.0,9,4,aberto,2026-04-14 20:22:45,,
1003,48.0,3,1,cancelado,2026-01-29 03:14:22,,
1004,46.0,6,1,aberto,2026-06-18 23:49:39,,
1005,5.0,1,2,resolvido,2026-07-22 23:51:56,2026-07-24 23:51:56,2.0
1006,15.0,5,4,cancelado,2025-08-19 15:16:55,,
1007,29.0,7,4,resolvido,2025-12-19 19:54:19,2025-12-24 19:54:19,5.0
1008,2.0,7,1,aberto,2026-04-09 16:20:00,,
1009,42.0,10,1,aberto,2026-02-25 22:35:48,,
1010,45.0,2,3,aberto,2025-08-27 00:49:31,,
1011,19.0,5,1,resolvido,2025-08-28 15:35:41,2025-09-04 15:35:41,7.0
1012,26.0,1,4,em_andamento,2026-03-13 07:02:53,,
1013,35.0,4,2,cancelado,2026-03-11 23:23:55,,
1014,35.0,5,2,resolvido,2026-05-11 15:51:17,2026-05-13 15:51:17,2.0
1015,44.0,6,1,em_andamento,2025-10-23 09:00:14,,
1016,8.0,1,1,cancelado,2026-03-19 16:43:11,,
1017,35.0,9,1,resolvido,2026-06-18 18:29:52,2026-06-26 18:29:52,8.0
1018,47.0,6,2,cancelado,2025-11-01 18:16:34,,
1019,42.0,9,2,em_andamento,2026-07-14 00:44:08,,
1020,12.0,4,3,em_andamento,2025-11-30 20:48:28,,
1021,8.0,3,1,cancelado,2026-01-21 10:59:40,,
1022,42.0,9,1,resolvido,2025-11-26 17:54:43,2025-12-09 17:54:43,13.0
1023,43.0,2,3,aberto,2026-01-25 15:13:57,,
1024,13.0,10,4,resolvido,2026-02-13 05:09:38,2026-02-16 05:09:38,3.0
1025,16.0,2,3,aberto,2026-01-13 06:48:38,,
1026,13.0,6,4,cancelado,2026-03-26 04:56:06,,
1027,22.0,10,3,em_andamento,2026-01-20 01:25:18,,
1028,37.0,10,3,resolvido,2025-11-20 06:44:09,2025-12-01 06:44:09,11.0
1029,28.0,3,1,resolvido,2025-11-01 05:41:54,2025-11-08 05:41:54,7.0
1030,48.0,7,3,resolvido,2026-03-31 04:02:13,2026-04-09 04:02:13,9.0
1031,9.0,6,4,cancelado,2026-06-26 15:54:30,,
1032,29.0,6,3,cancelado,2026-06-05 22:53:09,,
1033,36.0,2,2,aberto,2026-07-21 15:59:50,,
1034,18.0,3,2,resolvido,2025-10-04 02:24:02,2025-10-10 02:24:02,6.0
1035,47.0,2,1,aberto,2026-04-12 06:42:30,,
1036,38.0,10,4,em_andamento,2026-02-08 15:14:03,,
1037,3.0,9,3,cancelado,2025-09-20 17:09:28,,
1038,42.0,3,3,cancelado,2025-10-30 10:46:52,,
1039,15.0,10,3,em_andamento,2026-06-08 05:49:42,,
1040,30.0,9,1,cancelado,2026-04-15 22:11:05,,
1041,24.0,9,1,em_andamento,2026-04-22 20:19:31,,
1042,40.0,3,2,cancelado,2026-04-04 02:10:23,,
1043,11.0,3,2,cancelado,2026-02-17 06:21:43,,
1044,23.0,1,2,cancelado,2026-07-03 01:12:12,,
1045,15.0,2,3,resolvido,2025-12-13 04:20:50,2025-12-14 04:20:50,1.0
1046,15.0,1,2,resolvido,2026-06-25 08:29:16,2026-06-26 08:29:16,1.0
1047,3.0,1,3,aberto,2025-10-06 02:48:46,,
1048,46.0,9,3,resolvido,2025-11-27 22:11:38,2025-12-09 22:11:38,12.0
1049,38.0,9,2,cancelado,2026-02-11 07:35:20,,
1050,42.0,7,3,aberto,2026-01-19 17:20:03,,
1051,34.0,5,4,em_andamento,2025-10-04 20:59:53,,
1052,34.0,7,3,resolvido,2026-07-03 01:40:29,2026-07-05 01:40:29,2.0
1053,39.0,1,2,cancelado,2025-12-13 02:08:03,,
1054,11.0,4,1,resolvido,2026-05-16 07:09:57,2026-05-23 07:09:57,7.0
1055,14.0,3,2,em_andamento,2025-11-22 00:14:42,,
1056,24.0,10,1,em_andamento,2026-03-03 03:41:29,,
1057,27.0,6,1,cancelado,2026-01-30 02:59:42,,
1058,44.0,8,4,em_andamento,2026-05-15 17:49:40,,
1059,38.0,3,4,aberto,2026-03-15 11:13:27,,
1060,16.0,1,2,em_andamento,2026-06-09 07:21:20,,
1061,9.0,9,1,em_andamento,2025-08-28 02:22:12,,
1062,4.0,3,3,em_andamento,2026-01-02 02:38:40,,
1063,34.0,7,1,resolvido,2026-01-04 11:06:08,2026-01-13 11:06:08,9.0
1064,39.0,8,4,em_andamento,2026-03-07 17:44:17,,
1065,15.0,7,2,em_andamento,2025-09-22 21:49:48,,
1066,40.0,9,3,em_andamento,2025-08-04 05:12:58,,
1067,47.0,6,4,aberto,2026-05-12 01:05:22,,
1068,15.0,7,4,em_andamento,2025-12-24 12:02:53,,
1069,7.0,1,2,cancelado,2026-07-03 02:12:47,,
1070,10.0,10,1,em_andamento,2026-07-09 05:14:40,,
1071,31.0,10,1,aberto,2026-03-02 11:39:03,,
1072,6.0,8,2,aberto,2026-01-21 23:46:26,,
1073,50.0,7,4,resolvido,2026-07-19 02:07:19,2026-07-25 02:07:19,6.0
1074,3.0,9,4,em_andamento,2026-07-05 12:31:43,,
1075,31.0,7,3,aberto,2025-10-24 13:13:59,,
1076,28.0,3,3,cancelado,2025-09-16 02:38:51,,
1077,50.0,4,1,resolvido,2026-03-25 11:40:51,2026-03-27 11:40:51,2.0
1078,17.0,4,1,aberto,2026-07-07 05:49:34,,
1079,37.0,9,1,aberto,2026-03-01 20:20:08,,
1080,25.0,4,3,cancelado,2025-12-04 21:31:46,,
1081,24.0,2,2,cancelado,2026-01-28 12:04:13,,
1082,42.0,10,3,resolvido,2025-09-25 23:18:04,2025-09-29 23:18:04,4.0
1083,35.0,7,3,resolvido,2026-07-20 12:07:04,2026-07-31 12:07:04,11.0
1084,14.0,7,4,em_andamento,2025-09-15 12:30:09,,
1085,24.0,9,4,resolvido,2025-09-30 02:20:37,2025-10-06 02:20:37,6.0
1086,20.0,10,3,cancelado,2026-04-02 18:30:43,,
1087,48.0,3,1,em_andamento,2025-12-23 21:49:54,,
1088,29.0,3,1,em_andamento,2026-03-11 13:10:16,,
1089,33.0,7,3,aberto,2025-11-24 20:03:58,,
1090,11.0,7,1,aberto,2026-06-20 02:43:38,,
1091,10.0,8,4,aberto,2025-08-13 06:08:12,,
1092,5.0,5,2,resolvido,2025-08-16 18:51:28,2025-08-23 18:51:28,7.0
1093,25.0,7,3,aberto,2026-01-25 16:27:26,,
1094,50.0,3,4,cancelado,2025-09-07 12:24:33,,
1095,1.0,4,3,em_andamento,2026-03-05 07:34:41,,
1096,3.0,10,2,em_andamento,2026-06-02 12:07:04,,
1097,44.0,1,3,em_andamento,2025-10-08 13:10:25,,
1098,42.0,1,2,aberto,2026-01-11 19:26:38,,
1099,18.0,7,3,cancelado,2025-08-17 22:15:33,,
1100,26.0,10,2,aberto,2026-05-11 09:13:18,,
1101,48.0,2,1,resolvido,2026-05-31 10:19:45,2026-06-07 10:19:45,7.0
1102,47.0,9,3,resolvido,2025-10-28 21:47:44,2025-11-07 21:47:44,10.0
1103,39.0,4,4,cancelado,2026-06-05 13:37:38,,
1104,37.0,1,3,em_andamento,2025-10-14 08:36:38,,
1105,27.0,9,1,aberto,2026-03-04 06:03:39,,
1106,33.0,5,3,aberto,2026-03-01 01:24:47,,
1107,33.0,5,3,cancelado,2026-02-10 06:40:25,,
1108,25.0,10,4,em_andamento,2025-11-23 21:32:51,,
1109,49.0,6,4,cancelado,2026-05-01 04:03:37,,
1110,38.0,1,4,aberto,2025-12-30 11:46:29,,
1111,17.0,2,4,em_andamento,2026-04-03 02:46:06,,
1112,44.0,4,3,cancelado,2025-12-25 10:14:22,,
1113,23.0,9,1,resolvido,2026-05-17 13:29:03,2026-05-23 13:29:03,6.0
1114,16.0,5,1,cancelado,2025-08-12 21:58:57,,
1115,44.0,6,1,em_andamento,2025-09-13 16:35:30,,
1116,31.0,6,3,em_andamento,2026-01-26 02:32:51,,
1117,37.0,5,2,em_andamento,2026-05-10 16:01:21,,
1118,32.0,4,2,em_andamento,2026-02-25 04:50:41,,
1119,17.0,4,2,em_andamento,2026-07-12 07:58:15,,
1120,16.0,10,3,em_andamento,2025-10-24 13:25:26,,
1121,50.0,2,1,aberto,2025-08-19 15:41:20,,
1122,44.0,8,1,aberto,2025-09-21 17:44:50,,
1123,31.0,6,3,cancelado,2026-02-01 07:44:53,,
1124,37.0,5,4,em_andamento,2025-08-22 09:30:17,,
1125,49.0,9,3,cancelado,2026-03-25 03:04:49,,
1126,15.0,10,2,aberto,2025-12-14 07:40:42,,
1127,34.0,7,4,aberto,2025-10-26 02:22:50,,
1128,33.0,6,4,em_andamento,2025-09-09 09:00:56,,
1129,30.0,2,4,resolvido,2026-03-28 23:09:15,2026-04-03 23:09:15,6.0
1130,14.0,7,1,resolvido,2026-07-06 10:53:46,2026-07-12 10:53:46,6.0
1131,24.0,10,3,em_andamento,2026-03-07 09:01:30,,
1132,36.0,5,2,resolvido,2025-09-03 09:31:40,2025-09-04 09:31:40,1.0
1133,24.0,3,4,cancelado,2026-01-08 01:50:43,,
1134,14.0,7,3,resolvido,2025-12-21 00:00:56,2025-12-28 00:00:56,7.0
1135,26.0,5,4,em_andamento,2025-10-19 17:57:00,,
1136,37.0,3,2,aberto,2025-08-22 20:45:01,,
1137,47.0,5,2,cancelado,2026-01-21 23:06:12,,
1138,25.0,4,2,em_andamento,2026-07-09 12:39:56,,
1139,31.0,1,2,cancelado,2025-08-25 17:09:04,,
1140,32.0,3,3,cancelado,2026-05-27 21:36:16,,
1141,20.0,5,1,cancelado,2026-01-19 23:15:38,,
1142,7.0,3,1,em_andamento,2025-11-15 10:29:10,,
1143,17.0,8,1,cancelado,2025-11-22 17:47:46,,
1144,48.0,6,3,resolvido,2025-11-11 02:41:56,2025-11-14 02:41:56,3.0
1145,17.0,6,1,cancelado,2026-04-21 16:07:52,,
1146,8.0,6,2,em_andamento,2025-08-06 12:04:35,,
1147,50.0,5,3,resolvido,2025-09-03 18:10:05,2025-09-13 18:10:05,10.0
1148,44.0,9,4,cancelado,2026-05-20 16:26:48,,
1149,6.0,7,3,cancelado,2025-10-25 00:13:19,,
1150,41.0,3,2,resolvido,2025-09-01 18:55:37,2025-09-03 18:55:37,2.0
1151,26.0,2,1,em_andamento,2025-12-11 19:26:30,,
1152,22.0,4,3,resolvido,2026-04-23 15:54:01,2026-05-02 15:54:01,9.0
1153,42.0,5,3,cancelado,2025-10-22 01:41:12,,
1154,18.0,8,3,cancelado,2026-04-24 01:33:22,,
1155,27.0,3,2,aberto,2026-04-17 22:17:19,,
1156,9.0,4,3,aberto,2026-01-25 01:44:03,,
1157,14.0,3,4,aberto,2026-01-20 14:03:55,,
1158,7.0,2,4,aberto,2025-11-14 12:27:25,,
1159,2.0,7,1,aberto,2025-12-14 19:08:53,,
1160,17.0,10,2,aberto,2026-05-23 18:36:04,,
1161,42.0,7,3,em_andamento,2026-07-01 01:28:46,,
1162,16.0,5,4,em_andamento,2026-01-07 19:57:17,,
1163,9.0,9,2,aberto,2026-02-28 02:26:43,,
1164,3.0,6,3,cancelado,2026-07-26 06:07:12,,
1165,30.0,9,3,cancelado,2026-03-10 23:27:20,,
1166,9.0,9,2,cancelado,2026-04-24 11:22:05,,
1167,41.0,10,4,resolvido,2026-03-11 13:45:32,2026-03-21 13:45:32,10.0
1168,15.0,2,4,resolvido,2025-10-28 03:16:12,2025-11-01 03:16:12,4.0
1169,24.0,7,3,em_andamento,2026-07-17 08:35:24,,
1170,20.0,1,1,em_andamento,2026-05-27 02:58:37,,
1171,23.0,5,4,aberto,2026-02-11 17:09:39,,
1172,45.0,8,4,resolvido,2025-09-26 17:16:06,2025-10-07 17:16:06,11.0
1173,19.0,10,2,aberto,2025-08-12 05:48:30,,
1174,36.0,6,2,cancelado,2025-09-07 12:12:10,,
1175,36.0,7,4,em_andamento,2026-06-11 13:15:21,,
1176,11.0,7,4,em_andamento,2026-03-09 16:54:48,,
1177,17.0,2,4,em_andamento,2025-08-18 11:38:45,,
1178,34.0,10,3,resolvido,2025-10-25 14:33:53,2025-11-01 14:33:53,7.0
1179,42.0,9,3,cancelado,2026-06-18 11:33:30,,
1180,13.0,2,2,em_andamento,2026-04-18 01:38:21,,
1181,19.0,2,4,cancelado,2026-03-15 17:09:21,,
1182,18.0,10,4,em_andamento,2025-11-25 17:49:26,,
1183,21.0,1,2,aberto,2026-06-20 23:05:49,,
1184,35.0,1,2,aberto,2026-05-03 11:26:44,,
1185,19.0,5,2,cancelado,2026-01-14 01:46:10,,
1186,47.0,1,2,aberto,2026-07-07 03:46:16,,
1187,10.0,1,4,em_andamento,2025-09-20 21:17:21,,
1188,22.0,7,3,cancelado,2025-09-08 07:06:25,,
1189,24.0,8,1,resolvido,2026-04-29 02:23:09,2026-05-11 02:23:09,12.0
1190,10.0,1,3,cancelado,2025-08-12 01:56:05,,
1191,5.0,9,4,em_andamento,2026-05-29 06:29:58,,
1192,13.0,5,4,aberto,2025-09-12 11:35:13,,
1193,8.0,4,4,cancelado,2025-08-19 19:32:26,,
1194,16.0,1,2,cancelado,2025-12-12 02:36:46,,
1195,48.0,2,2,cancelado,2025-08-01 21:16:07,,
1196,25.0,5,3,em_andamento,2025-09-08 04:45:04,,
1197,41.0,1,1,resolvido,2025-12-03 23:15:30,2025-12-13 23:15:30,10.0
1198,31.0,5,2,resolvido,2026-01-22 18:51:49,2026-02-04 18:51:49,13.0
1199,14.0,2,2,cancelado,2026-04-29 01:54:52,,
1200,21.0,1,2,resolvido,2026-05-24 21:05:22,2026-05-25 21:05:22,1.0
1201,38.0,2,4,em_andamento,2026-07-15 02:20:20,,
1202,1.0,1,4,em_andamento,2025-10-26 08:57:07,,
1203,24.0,2,2,em_andamento,2026-01-11 09:01:24,,
1204,32.0,2,3,aberto,2025-09-04 03:00:10,,
1205,4.0,6,2,aberto,2025-11-19 11:02:44,2025-11-17 11:02:44,
1206,9.0,8,2,resolvido,2025-09-07 05:33:50,2025-09-21 05:33:50,14.0
1207,49.0,6,4,em_andamento,2025-10-06 15:12:06,,
1208,2.0,7,3,em_andamento,2026-06-01 03:12:00,,
1209,17.0,1,4,cancelado,2026-02-05 08:26:29,,
1210,36.0,5,4,em_andamento,2025-08-19 06:08:14,,
1211,37.0,3,3,resolvido,2025-12-18 08:36:15,2025-12-24 08:36:15,6.0
1212,47.0,8,3,em_andamento,2026-03-07 18:05:03,,
1213,5.0,9,2,cancelado,2026-01-04 06:09:29,,
1214,19.0,5,3,cancelado,2025-10-13 10:26:44,,
1215,1.0,9,4,em_andamento,2026-04-03 03:36:03,,
1216,2.0,10,3,em_andamento,2025-09-05 20:52:27,,
1217,21.0,2,4,em_andamento,2025-11-18 21:35:09,,
1218,34.0,8,2,RESOLVIDO,2025-10-17 18:52:21,2025-10-21 18:52:21,4.0
1219,8.0,2,1,aberto,2025-09-05 20:04:05,,
1220,9.0,3,1,em_andamento,2026-01-17 13:44:26,,
1221,7.0,8,2,aberto,2026-07-25 17:51:36,,
1222,3.0,10,4,cancelado,2025-09-02 01:56:53,,
1223,34.0,10,3,aberto,2026-01-29 14:40:17,,
1224,24.0,4,1,aberto,2025-12-13 00:05:33,,
1225,14.0,8,1,cancelado,2025-12-26 04:34:54,,
1226,41.0,1,3,cancelado,2025-08-09 00:37:32,,
1227,24.0,1,3,aberto,2026-06-28 10:42:51,,
1228,47.0,2,3,aberto,2026-04-04 00:57:29,,
1229,14.0,9,1,aberto,2026-06-07 23:19:32,,
1230,47.0,4,4,em_andamento,2025-11-26 17:08:52,,
1231,13.0,9,2,em_andamento,2025-08-08 08:24:15,,
1232,36.0,9,4,aberto,2025-11-05 00:00:20,,
1233,50.0,10,3,cancelado,2025-08-14 14:02:03,,
1234,45.0,7,1,em_andamento,2026-06-26 00:51:44,,
1235,12.0,9,4,resolvido,2026-05-11 02:56:32,2026-05-23 02:56:32,12.0
1236,43.0,3,4,resolvido,2026-02-08 19:31:27,2026-02-19 19:31:27,11.0
1237,21.0,6,4,cancelado,2025-12-02 17:57:06,,
1238,47.0,6,2,em_andamento,2025-08-29 16:52:06,,
1239,25.0,9,3,resolvido,2026-01-20 07:13:59,2026-01-24 07:13:59,4.0
1240,29.0,8,4,aberto,2026-02-11 18:35:04,,
1241,47.0,1,3,aberto,2026-04-08 04:13:51,,
1242,34.0,3,3,aberto,2025-08-20 23:36:36,,
1243,20.0,4,2,resolvido,2025-08-16 05:44:33,2025-08-30 05:44:33,14.0
1244,45.0,5,2,aberto,2026-06-03 12:08:49,,
1245,3.0,8,3,em_andamento,2025-11-03 21:21:23,,
1246,9.0,5,3,em_andamento,2026-05-22 00:05:20,,
1247,15.0,5,3,aberto,2026-03-13 21:07:44,,
1248,37.0,7,2,aberto,2025-09-25 04:32:14,,
1249,47.0,6,4,em_andamento,2025-11-30 00:25:30,,
1250,32.0,10,1,resolvido,2026-05-08 07:34:05,2026-05-16 07:34:05,8.0
1251,3.0,10,4,aberto,2025-09-19 10:47:47,,
1252,50.0,1,3,resolvido,2025-08-05 00:31:09,2025-08-15 00:31:09,10.0
1253,8.0,4,1,cancelado,2025-12-26 15:35:27,,
1254,4.0,5,1,resolvido,2026-04-14 20:13:03,2026-04-18 20:13:03,4.0
1255,35.0,10,2,resolvido,2026-03-16 10:59:27,2026-03-20 10:59:27,4.0
1256,4.0,7,4,aberto,2025-12-09 06:02:30,,
1257,15.0,7,3,cancelado,2025-09-27 20:47:37,,
1258,10.0,3,3,aberto,2026-06-25 03:17:28,,
1259,31.0,10,1,cancelado,2026-05-28 05:44:42,,
1260,17.0,2,4,cancelado,2026-07-09 04:19:13,,
1261,50.0,3,2,cancelado,2026-05-14 14:25:50,,
1262,36.0,4,4,cancelado,2025-09-06 18:31:52,,
1263,42.0,10,2,em_andamento,2026-04-10 01:19:37,,
1264,16.0,2,3,cancelado,2026-01-31 13:39:23,,
1265,21.0,10,1,aberto,2026-07-26 10:40:15,,
1266,43.0,7,4,resolvido,2025-08-24 02:47:51,2025-08-30 02:47:51,6.0
1267,23.0,4,3,Em Andamento,2026-05-13 14:04:55,2026-05-19 14:04:55,6.0
1268,20.0,3,3,cancelado,2026-04-16 15:35:24,,
1269,40.0,3,4,aberto,2026-06-27 03:02:18,,
1270,15.0,4,3,em_andamento,2026-03-18 03:20:00,,
1271,49.0,2,1,aberto,2025-11-12 09:41:56,,
1272,16.0,10,2,resolvido,2026-07-19 03:54:16,2026-07-25 03:54:16,6.0
1273,1.0,6,1,resolvido,2026-05-03 16:16:21,2026-05-09 16:16:21,6.0
1274,14.0,9,2,em_andamento,2025-11-02 21:18:02,,
1275,35.0,9,3,cancelado,2026-03-28 04:13:09,,
1276,40.0,3,1,cancelado,2026-05-03 08:11:49,,
1277,38.0,9,1,resolvido,2025-10-07 18:22:46,2025-10-14 18:22:46,7.0
1278,11.0,1,3,em_andamento,2025-08-05 02:55:58,,
1279,45.0,10,3,aberto,2026-06-26 19:14:43,,
1280,30.0,1,1,cancelado,2026-02-12 23:39:48,,
1281,43.0,5,3,aberto,2026-05-12 02:26:40,,
1282,2.0,5,4,em_andamento,2025-09-26 00:39:11,,
1283,25.0,9,1,resolvido,2026-05-24 14:27:07,2026-05-25 14:27:07,1.0
1284,6.0,3,2,cancelado,2026-05-01 16:06:09,,
1285,36.0,1,1,em_andamento,2026-03-22 11:38:08,,
1286,34.0,5,3,cancelado,2026-04-28 11:01:22,,
1287,26.0,3,1,resolvido,2026-02-28 19:36:50,2026-03-07 19:36:50,7.0
1288,44.0,6,3,resolvido,2025-11-06 15:29:18,2025-11-13 15:29:18,7.0
1289,33.0,5,1,resolvido,2026-07-26 09:18:30,2026-08-13 09:18:30,18.0
1290,25.0,1,3,em_andamento,2025-12-19 15:04:29,,
1291,10.0,6,4,em_andamento,2026-07-09 01:43:01,,
1292,6.0,7,2,cancelado,2026-01-07 23:42:46,,
1293,16.0,10,2,cancelado,2026-01-17 22:42:50,,
1294,20.0,10,3,cancelado,2026-07-07 02:14:10,,
1295,35.0,3,2,em_andamento,2026-04-05 07:21:48,,
1296,38.0,9,2,em_andamento,2025-09-05 02:46:44,,
1297,20.0,9,2,cancelado,2025-08-05 06:07:53,,
1298,50.0,3,2,resolvido,2025-11-17 18:28:23,2025-11-28 18:28:23,11.0
1299,47.0,2,2,resolvido,2025-11-18 10:02:57,2025-11-27 10:02:57,9.0
1300,10.0,1,3,cancelado,2026-06-27 00:58:15,,
1301,27.0,5,4,resolvido,2025-10-14 22:36:10,2025-10-22 22:36:10,8.0
1302,9.0,3,1,resolvido,2026-06-19 02:21:22,2026-06-28 02:21:22,9.0
1303,39.0,10,2,em_andamento,2026-03-28 20:12:08,,
1304,15.0,1,3,aberto,2026-07-03 11:21:12,,
1305,45.0,8,2,cancelado,2025-12-08 08:38:44,,
1306,46.0,6,2,cancelado,2026-03-29 02:03:58,,
1307,32.0,8,2,em_andamento,2025-10-25 09:17:30,,
1308,13.0,4,1,cancelado,2025-08-30 19:14:24,,
1309,49.0,1,3,cancelado,2026-06-24 13:31:55,,
1310,15.0,4,2,aberto,2025-08-02 19:35:44,,
1311,12.0,8,4,resolvido,2026-07-31 10:21:57,2026-08-12 10:21:57,12.0
1312,28.0,7,1,cancelado,2025-12-17 13:13:50,,
1313,47.0,6,4,aberto,2026-02-16 05:06:39,,
1314,34.0,2,4,cancelado,2026-02-26 08:31:04,,
1315,3.0,4,4,aberto,2026-06-24 04:12:58,,
1316,36.0,7,1,em_andamento,2026-07-17 21:59:06,,
1317,19.0,8,4,resolvido,2026-07-12 00:43:33,2026-07-13 00:43:33,1.0
1318,50.0,5,4,em_andamento,2026-03-31 17:48:07,,
1319,28.0,5,1,em_andamento,2025-12-09 04:16:28,,
1320,30.0,8,1,aberto,2026-03-18 23:30:21,,
1321,12.0,10,2,cancelado,2026-03-10 20:07:38,,
1322,27.0,6,4,aberto,2026-03-13 03:35:03,,
1323,12.0,8,2,cancelado,2025-10-12 08:06:11,,
1324,6.0,5,3,em_andamento,2025-09-28 19:54:35,,
1325,46.0,2,1,aberto,2026-03-04 05:57:23,,
1326,46.0,8,3,aberto,2026-03-03 19:47:03,,
1327,34.0,7,2,cancelado,2026-06-10 06:09:00,,
1328,36.0,7,1,em_andamento,2026-05-27 13:38:42,,
1329,22.0,10,2,em_andamento,2026-03-09 21:14:00,,
1330,10.0,3,1,cancelado,2026-04-05 04:51:14,,
1331,20.0,5,4,resolvido,2026-05-24 16:53:20,2026-05-29 16:53:20,5.0
1332,9.0,4,1,resolvido,2025-12-18 06:33:46,2025-12-23 06:33:46,5.0
1333,1.0,8,4,cancelado,2026-06-09 19:02:41,,
1334,35.0,1,4,em_andamento,2025-11-01 09:33:26,,
1335,14.0,10,4,cancelado,2026-04-13 11:27:31,,
1336,27.0,8,1,aberto,2026-01-17 20:34:45,,
1337,16.0,9,3,em_andamento,2026-04-27 15:37:42,,
1338,4.0,3,2,aberto,2025-10-20 12:36:50,,
1339,42.0,6,1,em_andamento,2026-03-25 21:42:47,,
1340,3.0,10,3,resolvido,2025-12-26 18:10:40,2026-01-03 18:10:40,8.0
1341,27.0,3,2,resolvido,2025-09-16 13:40:40,2025-09-22 13:40:40,6.0
1342,40.0,10,2,cancelado,2026-01-05 23:42:01,,
1343,48.0,10,3,aberto,2026-05-25 15:22:14,,
1344,6.0,5,3,resolvido,2026-04-08 12:51:12,2026-04-20 12:51:12,12.0
1345,49.0,7,1,resolvido,2026-06-09 02:56:43,2026-06-11 02:56:43,2.0
1346,31.0,3,1,resolvido,2026-02-15 19:38:05,2026-02-20 19:38:05,5.0
1347,14.0,4,1,aberto,2026-05-11 20:43:03,,
1348,37.0,9,1,cancelado,2026-05-28 20:30:35,,
1349,47.0,10,3,cancelado,2025-08-04 22:28:35,,
1350,39.0,6,3,resolvido,2025-10-24 10:38:17,2025-11-03 10:38:17,10.0
1351,9.0,10,4,cancelado,2026-03-18 13:37:57,,
1352,32.0,3,2,resolvido,2026-04-04 23:40:33,2026-04-11 23:40:33,7.0
1353,2.0,8,1,em_andamento,2025-12-20 19:40:26,,
1354,40.0,7,4,aberto,2026-06-29 04:55:30,,
1355,22.0,6,2,aberto,2026-01-12 15:18:16,,
1356,41.0,4,3,resolvido,2025-09-05 10:32:09,2025-09-11 10:32:09,6.0
1357,5.0,5,3,resolvido,2026-07-13 00:18:37,2026-07-20 00:18:37,7.0
1358,22.0,6,4,aberto,2026-06-10 08:11:05,,
1359,12.0,4,3,resolvido,2025-12-21 22:43:08,2025-12-26 22:43:08,5.0
1360,44.0,8,4,aberto,2026-05-08 09:12:38,,
1361,42.0,3,4,em_andamento,2026-03-23 16:47:11,,
1362,41.0,8,3,cancelado,2025-09-26 02:31:23,,
1363,27.0,1,3,resolvido,2026-03-29 09:57:15,2026-04-04 09:57:15,6.0
1364,37.0,6,3,aberto,2026-01-15 18:06:35,,
1365,10.0,5,1,resolvido,2026-05-31 16:36:07,2026-06-06 16:36:07,6.0
1366,25.0,9,2,cancelado,2026-07-27 06:49:13,,
1367,,10,1,resolvido,2025-10-30 02:34:37,2025-11-05 02:34:37,6.0
1368,3.0,5,4,aberto,2026-02-04 05:44:35,,
1369,32.0,4,3,cancelado,2026-01-25 07:58:21,,
1370,20.0,4,3,em_andamento,2025-11-24 13:22:57,,
1371,8.0,6,1,em_andamento,2026-04-26 17:26:10,,
1372,6.0,8,1,cancelado,2025-09-02 03:06:15,,
1373,33.0,3,2,resolvido,2026-02-16 10:34:59,2026-02-19 10:34:59,3.0
1374,31.0,9,3,resolvido,2026-02-08 22:44:11,2026-02-20 22:44:11,12.0
1375,34.0,3,2,aberto,2026-06-27 01:05:47,,
1376,30.0,7,1,aberto,2026-07-15 02:12:09,,
1377,20.0,1,1,resolvido,2025-08-23 00:43:35,2025-09-05 00:43:35,13.0
1378,30.0,1,1,resolvido,2026-07-29 06:38:15,2026-08-11 06:38:15,13.0
1379,41.0,4,3,em_andamento,2025-09-16 00:55:37,,
1380,13.0,5,3,resolvido,2026-02-22 01:33:52,2026-03-01 01:33:52,7.0
1381,50.0,8,1,resolvido,2026-07-31 19:23:56,2026-08-08 19:23:56,8.0
1382,1.0,10,1,em_andamento,2025-08-05 08:23:43,,
1383,35.0,6,3,resolvido,2026-04-30 00:44:22,2026-05-09 00:44:22,9.0
1384,10.0,5,2,em_andamento,2026-06-25 10:16:27,,
1385,5.0,5,3,cancelado,2025-12-23 05:13:50,,
1386,4.0,3,1,cancelado,2025-12-23 22:05:28,,
1387,44.0,1,1,cancelado,2025-12-04 08:35:52,,
1388,4.0,2,4,cancelado,2026-05-07 19:44:11,,
1389,12.0,10,4,resolvido,2025-12-17 15:00:31,2025-12-21 15:00:31,4.0
1390,46.0,9,1,cancelado,2025-10-22 14:03:59,,
1391,37.0,3,1,cancelado,2025-11-15 02:56:57,,
1392,7.0,8,3,cancelado,2025-08-14 20:20:52,,
1393,31.0,4,2,em_andamento,2025-10-26 19:10:18,,
1394,40.0,5,3,cancelado,2026-02-17 05:12:51,,
1395,12.0,6,3,cancelado,2025-10-02 13:47:23,,
1396,32.0,1,1,cancelado,2025-09-13 07:52:04,,
1397,8.0,6,4,cancelado,2025-08-14 09:01:06,,
1398,11.0,5,3,em_andamento,2025-12-10 21:55:05,,
1399,33.0,2,4,aberto,2026-01-01 16:11:42,,
1400,21.0,9,1,resolvido,2025-08-01 09:14:58,2025-08-14 09:14:58,13.0
1401,35.0,8,4,cancelado,2025-10-17 21:27:26,,
1402,16.0,10,2,em_andamento,2025-11-18 13:33:00,,
1403,31.0,7,1,resolvido,2025-08-23 08:37:14,2025-08-31 08:37:14,8.0
1404,28.0,7,3,em_andamento,2026-03-27 20:38:22,,
1405,12.0,2,4,aberto,2026-05-09 15:15:19,,
1406,38.0,10,4,resolvido,2026-03-05 13:57:02,2026-03-17 13:57:02,12.0
1407,36.0,2,4,em_andamento,2026-01-06 03:56:44,,
1408,20.0,7,1,aberto,2026-04-07 19:57:05,,
1409,44.0,10,4,resolvido,2026-07-22 05:27:48,2026-07-23 05:27:48,1.0
1410,6.0,4,2,aberto,2026-06-12 10:53:44,,
1411,49.0,3,2,cancelado,2026-02-14 03:05:58,,
1412,35.0,5,4,cancelado,2026-06-07 23:31:13,,
1413,13.0,4,3,resolvido,2025-08-15 14:07:50,2025-08-22 14:07:50,7.0
1414,37.0,5,4,resolvido,2025-12-26 18:59:01,2026-01-07 18:59:01,12.0
1415,40.0,9,4,em_andamento,2025-09-15 11:39:08,,
1416,19.0,1,3,aberto,2026-06-05 12:23:30,,
1417,1.0,9,3,aberto,2026-02-21 12:36:33,,
1418,19.0,1,2,cancelado,2026-01-13 19:23:52,,
1419,45.0,10,4,resolvido,2026-01-02 01:24:58,2026-01-08 01:24:58,6.0
1420,46.0,7,4,cancelado,2026-06-25 04:10:59,,
1421,28.0,9,2,em_andamento,2025-09-12 00:39:09,,
1422,31.0,3,2,cancelado,2025-12-24 18:08:45,,
1423,24.0,7,2,resolvido,2026-02-13 19:26:22,2026-02-25 19:26:22,12.0
1424,9.0,1,1,aberto,2026-05-24 06:42:06,,
1425,10.0,8,4,em_andamento,2025-08-07 11:40:30,,
1426,6.0,3,4,cancelado,2026-02-01 12:16:13,,
1427,45.0,10,4,em_andamento,2026-06-21 21:49:42,,
1428,30.0,9,4,cancelado,2026-07-11 07:32:54,,
1429,25.0,6,2,em_andamento,2026-01-04 02:16:39,,
1430,28.0,10,1,cancelado,2026-02-04 09:12:24,,
1431,47.0,4,3,cancelado,2025-10-04 07:31:23,,
1432,35.0,10,3,aberto,2026-01-22 12:53:57,,
1433,3.0,10,4,resolvido,2025-08-01 12:11:41,2025-08-07 12:11:41,6.0
1434,8.0,10,4,aberto,2025-08-04 05:21:13,,
1435,10.0,9,3,cancelado,2026-01-12 21:20:31,,
1436,34.0,2,1,em_andamento,2025-11-08 11:44:28,,
1437,31.0,2,3,aberto,2025-12-03 02:12:53,,
1438,22.0,9,1,cancelado,2026-06-11 11:20:04,,
1439,30.0,9,4,resolvido,2025-11-04 17:19:58,2025-11-05 17:19:58,1.0
1440,19.0,5,2,aberto,2026-03-22 06:17:00,,
1441,45.0,10,3,resolvido,2026-01-06 04:45:11,2026-01-17 04:45:11,11.0
1442,4.0,8,2,aberto,2026-07-12 01:04:52,,
1443,43.0,5,1,resolvido,2025-08-04 04:41:58,2025-08-08 04:41:58,4.0
1444,5.0,5,3,em_andamento,2026-02-17 01:56:03,,
1445,40.0,5,3,resolvido,2026-07-10 19:37:58,2026-07-17 19:37:58,7.0
1446,1.0,2,2,em_andamento,2026-04-28 08:39:07,,
1447,43.0,8,3,em_andamento,2025-10-25 23:52:38,,
1448,17.0,4,4,em_andamento,2025-09-09 17:55:57,,
1449,34.0,1,3,aberto,2026-03-30 11:47:10,2026-03-28 11:47:10,
1450,10.0,10,2,cancelado,2026-07-11 02:50:13,,
1451,49.0,7,4,em_andamento,2026-06-15 08:57:11,,
1452,43.0,8,2,em_andamento,2025-09-20 07:08:36,,-5.0
1453,37.0,6,1,resolvido,2026-03-20 09:21:46,2026-03-27 09:21:46,7.0
1454,11.0,8,4,cancelado,2025-12-26 18:09:06,,
1455,20.0,8,2,cancelado,2025-11-23 18:32:55,,
1456,44.0,7,4,resolvido,2025-10-04 10:25:24,2025-10-09 10:25:24,5.0
1457,10.0,9,4,aberto,2026-02-12 14:04:04,,
1458,19.0,8,4,resolvido,2026-01-15 16:46:02,2026-01-27 16:46:02,12.0
1459,3.0,2,3,cancelado,2025-12-12 19:34:38,,
1460,40.0,5,3,resolvido,2025-12-29 11:31:31,2026-01-03 11:31:31,5.0
1461,18.0,2,3,cancelado,2025-10-08 15:34:25,,
1462,30.0,4,2,resolvido,2025-08-20 22:30:03,2025-08-21 22:30:03,1.0
1463,21.0,9,1,aberto,2025-10-13 01:26:51,,
1464,5.0,1,4,aberto,2025-08-12 13:11:03,,
1465,34.0,2,4,resolvido,2026-07-29 23:44:20,2026-07-30 23:44:20,1.0
1466,15.0,5,3,em_andamento,2026-03-22 13:11:19,,
1467,3.0,1,1,aberto,2026-03-17 23:50:11,,
1468,39.0,4,1,aberto,2026-07-06 05:36:37,,
1469,6.0,10,2,cancelado,2026-02-23 01:12:27,,
1470,43.0,10,2,aberto,2026-02-05 17:26:31,,
1471,45.0,3,3,resolvido,2025-12-09 15:09:58,2025-12-10 15:09:58,1.0
1472,41.0,8,3,cancelado,2025-10-08 03:33:48,,
1473,45.0,6,3,em_andamento,2026-01-01 18:43:15,,
1474,50.0,2,3,aberto,2025-11-21 07:59:43,,
1475,25.0,7,3,aberto,2026-04-07 05:42:29,,
1476,17.0,5,2,cancelado,2026-05-13 01:48:47,,
1477,5.0,8,2,cancelado,2025-10-02 15:19:30,,
1478,12.0,8,1,em_andamento,2025-10-24 14:54:09,,
1479,35.0,7,2,aberto,2026-06-01 15:41:36,,
1480,29.0,5,1,aberto,2025-12-11 17:48:47,,
1481,5.0,2,3,cancelado,2026-05-16 11:35:06,,
1482,2.0,8,2,aberto,2025-10-15 16:29:11,,
1483,3.0,7,3,em_andamento,2026-05-31 21:32:41,,
1484,45.0,6,4,aberto,2026-04-25 03:55:05,,
1485,33.0,8,4,cancelado,2026-06-20 09:50:38,,
1486,26.0,2,2,aberto,2026-05-12 19:19:25,,
1487,25.0,8,1,resolvido,2026-01-16 00:21:36,2026-01-24 00:21:36,8.0
1488,22.0,5,4,aberto,2026-05-07 11:08:42,,
1489,41.0,2,3,resolvido,2026-07-04 06:32:27,2026-07-14 06:32:27,10.0
1490,50.0,5,2,em_andamento,2026-05-06 05:12:49,,
1491,36.0,1,4,em_andamento,2026-02-14 12:37:23,,
1492,20.0,7,1,resolvido,2026-06-25 23:07:56,2026-07-04 23:07:56,9.0
1493,32.0,2,4,em_andamento,2026-04-02 20:18:16,,
1494,9.0,1,2,aberto,2026-05-30 02:04:20,,
1495,47.0,10,2,cancelado,2025-08-15 09:09:01,,
1496,25.0,2,3,cancelado,2026-03-28 00:06:41,,
1497,35.0,8,1,aberto,2026-05-19 21:10:49,,
1498,22.0,1,3,aberto,2025-11-11 20:34:18,,
1499,26.0,2,2,cancelado,2025-08-17 15:22:50,,
1500,44.0,9,2,em_andamento,2026-01-27 05:30:33,,
1501,5.0,1,2,cancelado,2026-05-02 08:54:36,,
1502,42.0,1,4,aberto,2025-11-19 19:36:19,,
1503,16.0,3,1,em_andamento,2025-11-21 13:37:55,,
1504,41.0,1,3,aberto,2026-05-05 11:10:07,,
1505,30.0,10,2,aberto,2026-03-16 03:26:26,,
1506,7.0,2,4,em_andamento,2025-12-22 10:25:19,,
1507,5.0,4,4,resolvido,2026-05-12 14:52:49,2026-05-23 14:52:49,11.0
1508,44.0,7,3,aberto,2025-12-11 17:04:55,,
1509,44.0,10,2,resolvido,2025-10-07 02:28:38,2025-10-08 02:28:38,1.0
1510,14.0,1,2,resolvido,2025-09-03 17:54:56,2025-09-12 17:54:56,9.0
1511,49.0,7,2,resolvido,2026-04-21 02:06:53,2026-04-29 02:06:53,8.0
1512,36.0,3,4,em_andamento,2025-09-06 14:27:20,,
1513,38.0,1,2,aberto,2025-10-24 06:37:24,,
1514,41.0,10,4,em_andamento,2025-11-19 15:57:13,,
1515,2.0,8,1,aberto,2026-02-19 09:14:17,,
1516,1.0,3,1,resolvido,2025-11-01 22:41:23,2025-11-02 22:41:23,1.0
1517,50.0,8,2,em_andamento,2026-03-02 04:57:07,,
1518,10.0,5,4,cancelado,2026-06-15 19:38:11,,
1519,16.0,3,1,em_andamento,2026-03-07 12:31:44,,
1520,46.0,8,1,resolvido,2026-05-26 10:42:17,2026-06-05 10:42:17,10.0
1521,23.0,7,1,em_andamento,2026-03-02 14:34:23,,
1522,13.0,2,1,resolvido,2026-04-14 15:18:51,2026-04-28 15:18:51,14.0
1523,33.0,4,4,em_andamento,2026-05-18 05:04:16,,
1524,18.0,1,2,aberto,2025-11-12 22:10:08,,
1525,10.0,8,4,em_andamento,2026-01-09 14:59:08,,
1526,11.0,1,1,resolvido,2025-09-12 14:42:55,2025-09-13 14:42:55,1.0
1527,19.0,4,4,resolvido,2025-11-21 22:27:56,2025-11-24 22:27:56,3.0
1528,49.0,8,1,aberto,2025-12-31 22:38:50,,
1529,48.0,1,2,em_andamento,2025-11-09 23:08:40,,
1530,2.0,8,1,aberto,2026-07-18 00:42:09,,
1531,16.0,8,3,cancelado,2026-01-06 01:53:49,,
1532,13.0,6,2,aberto,2025-09-24 23:04:09,,
1533,21.0,4,1,em_andamento,2026-07-11 01:42:47,,
1534,48.0,7,2,cancelado,2025-09-06 08:30:48,,
1535,15.0,2,4,cancelado,2025-08-04 03:49:19,,
1536,4.0,7,2,em_andamento,2025-10-16 03:07:25,,
1537,40.0,8,2,cancelado,2025-08-13 21:28:16,,
1538,24.0,3,4,em_andamento,2026-02-05 12:38:02,,
1539,41.0,6,3,em_andamento,2026-04-02 06:34:49,,
1540,22.0,3,1,aberto,2026-05-05 22:06:29,,
1541,18.0,3,1,cancelado,2026-01-11 08:59:40,,
1542,30.0,7,2,resolvido,2025-12-04 09:23:56,2025-12-17 09:23:56,13.0
1543,15.0,5,2,em_andamento,2025-10-28 09:28:56,,
1544,37.0,9,2,aberto,2025-08-23 21:27:46,,
1545,27.0,9,4,em_andamento,2025-12-15 07:24:04,,
1546,38.0,8,4,resolvido,2025-12-01 22:33:29,2025-12-12 22:33:29,11.0
1547,16.0,4,3,cancelado,2026-04-05 12:25:57,,
1548,38.0,4,2,aberto,2025-11-18 18:58:32,,
1549,27.0,1,1,cancelado,2025-11-26 09:24:34,,
1550,47.0,9,1,cancelado,2026-02-27 03:53:22,,
1551,34.0,7,4,aberto,2025-11-28 10:43:57,,
1552,29.0,8,2,aberto,2026-07-28 06:53:37,,
1553,36.0,1,4,em_andamento,2026-04-12 23:29:02,,
1554,9.0,6,3,em_andamento,2025-09-21 02:34:27,,
1555,42.0,2,1,cancelado,2025-10-31 12:12:10,,
1556,43.0,5,2,cancelado,2025-08-10 04:05:53,,
1557,37.0,10,1,cancelado,2026-04-06 03:01:41,,
1558,30.0,3,4,em_andamento,2026-03-23 01:57:18,,
1559,24.0,8,1,aberto,2025-09-28 10:23:34,,
1560,25.0,6,1,resolvido,2025-10-25 08:13:59,2025-11-01 08:13:59,7.0
1561,28.0,5,2,aberto,2026-03-02 09:22:37,,
1562,40.0,6,1,resolvido,2025-11-25 22:21:58,2025-12-03 22:21:58,8.0
1563,24.0,8,1,resolvido,2025-12-31 09:36:02,2026-01-05 09:36:02,5.0
1564,24.0,3,1,em_andamento,2025-08-04 21:25:16,,
1565,9.0,6,2,aberto,2026-06-14 04:57:40,,
1566,42.0,8,2,em_andamento,2026-03-20 21:20:39,,
1567,21.0,6,3,cancelado,2026-03-11 20:26:06,,
1568,18.0,1,1,resolvido,2025-08-28 03:24:37,2025-09-01 03:24:37,4.0
1569,34.0,2,4,resolvido,2025-12-09 13:14:03,2025-12-19 13:14:03,10.0
1570,29.0,10,3,aberto,2025-11-04 06:46:44,,
1571,13.0,8,1,aberto,2026-03-25 09:49:27,,
1572,26.0,3,3,aberto,2025-11-25 07:01:03,,
1573,7.0,3,3,aberto,2025-08-10 14:15:22,,
1574,45.0,3,4,em_andamento,2025-12-30 05:06:39,,
1575,14.0,9,1,resolvido,2026-03-29 17:10:26,2026-03-30 17:10:26,1.0
1576,9.0,8,3,cancelado,2025-09-23 01:45:58,,
1577,29.0,1,3,em_andamento,2026-02-22 04:18:10,,
1578,5.0,1,2,resolvido,2026-02-01 12:46:58,2026-02-11 12:46:58,10.0
1579,27.0,10,3,resolvido,2025-08-25 23:20:14,2025-08-26 23:20:14,1.0
1580,34.0,9,4,cancelado,2025-11-04 05:42:09,,
1581,20.0,10,2,resolvido,2026-05-04 07:30:44,2026-05-11 07:30:44,7.0
1582,11.0,5,2,cancelado,2026-07-03 14:36:55,,
1583,24.0,5,1,em_andamento,2026-06-02 15:06:45,,
1584,23.0,5,4,em_andamento,2026-05-22 06:08:20,,
1585,40.0,3,3,em_andamento,2026-04-16 10:49:03,,
1586,12.0,3,2,em_andamento,2026-07-28 00:17:23,,
1587,8.0,1,3,em_andamento,2025-10-26 15:53:02,,
1588,29.0,5,3,em_andamento,2026-06-27 01:40:17,,
1589,14.0,9,1,resolvido,2025-10-08 06:06:04,2025-10-17 06:06:04,9.0
1590,29.0,9,2,resolvido,2025-10-16 10:11:57,2025-10-22 10:11:57,6.0
1591,8.0,1,4,cancelado,2026-06-16 02:41:29,,
1592,50.0,3,4,resolvido,2026-07-01 09:24:47,2026-07-13 09:24:47,12.0
1593,35.0,9,3,resolvido,2025-11-20 08:51:17,2025-12-05 08:51:17,15.0
1594,31.0,5,2,cancelado,2025-08-22 10:26:41,,
1595,22.0,2,4,aberto,2026-01-06 23:23:32,,
1596,9.0,9,1,resolvido,2025-12-30 15:07:34,2026-01-11 15:07:34,12.0
1597,15.0,8,3,aberto,2026-01-26 04:19:32,,
1598,21.0,1,2,em_andamento,2026-07-11 13:49:49,,
1599,50.0,5,2,aberto,2025-10-04 10:23:35,,
1600,6.0,9,4,aberto,2025-08-22 22:06:14,,
1601,33.0,7,2,cancelado,2026-04-04 02:12:23,,
1602,21.0,10,1,resolvido,2025-11-08 02:23:09,2025-11-15 02:23:09,7.0
1603,26.0,3,4,resolvido,2026-03-23 03:55:26,2026-03-29 03:55:26,6.0
1604,,6,3,cancelado,2025-11-11 00:37:09,,
1605,36.0,2,2,cancelado,2026-02-11 08:35:01,,
1606,48.0,7,4,resolvido,2026-02-10 07:48:06,2026-02-17 07:48:06,7.0
1607,11.0,7,4,em_andamento,2025-11-29 11:13:17,,
1608,38.0,10,1,em_andamento,2026-03-23 15:19:18,,
1609,14.0,5,4,resolvido,2026-03-25 17:35:58,2026-04-10 17:35:58,16.0
1610,49.0,7,1,aberto,2026-05-12 07:02:02,,
1611,27.0,5,4,em_andamento,2026-07-01 16:57:04,,
1612,36.0,8,2,em_andamento,2025-12-17 19:34:27,,
1613,12.0,7,3,cancelado,2025-12-04 17:45:03,,
1614,3.0,5,3,cancelado,2026-05-28 22:46:53,,
1615,36.0,8,2,aberto,2026-02-10 23:40:45,,
1616,1.0,3,3,resolvido,2026-01-18 05:08:22,2026-01-29 05:08:22,11.0
1617,41.0,8,1,resolvido,2025-09-08 06:22:40,2025-09-10 06:22:40,2.0
1618,45.0,4,1,aberto,2026-04-02 16:57:52,,
1619,49.0,5,4,aberto,2025-09-28 15:03:00,,
1620,39.0,6,4,cancelado,2025-09-02 08:01:39,,
1621,17.0,8,1,resolvido,2025-11-09 20:27:40,2025-11-18 20:27:40,9.0
1622,33.0,10,1,resolvido,2026-01-04 01:31:07,2026-01-11 01:31:07,7.0
1623,21.0,8,2,resolvido,2026-01-31 08:40:00,2026-02-08 08:40:00,8.0
1624,11.0,1,3,resolvido,2026-07-18 02:33:47,2026-07-19 02:33:47,1.0
1625,23.0,1,3,resolvido,2026-05-06 10:08:42,2026-05-17 10:08:42,11.0
1626,34.0,2,2,em_andamento,2025-10-28 17:59:14,,
1627,49.0,2,2,resolvido,2025-10-02 08:36:06,2025-10-14 08:36:06,12.0
1628,44.0,5,3,resolvido,2026-04-11 10:02:32,2026-04-12 10:02:32,1.0
1629,7.0,9,3,em_andamento,2025-12-12 16:55:29,,
1630,1.0,3,3,resolvido,2026-03-25 20:50:08,2026-04-01 20:50:08,7.0
1631,11.0,2,2,em_andamento,2026-06-19 07:19:56,,
1632,33.0,4,2,aberto,2026-03-09 16:58:39,,
1633,27.0,8,1,aberto,2025-12-15 06:46:02,,
1634,9.0,1,4,resolvido,2025-09-19 03:12:03,2025-09-21 03:12:03,2.0
1635,20.0,6,2,cancelado,2026-03-30 21:38:49,,
1636,39.0,9,3,em_andamento,2026-07-30 03:43:42,,
1637,46.0,5,1,aberto,2026-01-09 06:40:17,,
1638,15.0,3,2,em_andamento,2026-01-03 12:46:13,,
1639,20.0,3,2,em_andamento,2026-01-05 04:11:56,,
1640,6.0,7,1,aberto,2025-10-20 12:39:12,,
1641,2.0,8,4,aberto,2026-07-18 21:11:03,,
1642,13.0,2,1,aberto,2025-10-02 20:18:46,,
1643,31.0,2,3,aberto,2025-09-17 14:20:18,,
1644,5.0,5,1,aberto,2025-08-23 22:34:40,,
1645,8.0,10,2,em_andamento,2025-08-05 13:00:27,,
1646,12.0,6,1,aberto,2026-01-25 20:45:32,,
1647,10.0,5,3,resolvido,2025-11-02 19:47:08,2025-11-11 19:47:08,9.0
1648,47.0,10,2,aberto,2026-01-29 21:33:17,,
1649,7.0,10,1,em_andamento,2025-08-14 22:12:24,,
1650,46.0,4,3,em_andamento,2025-11-25 10:33:02,,
1651,49.0,9,1,aberto,2026-05-12 05:33:25,,
1652,14.0,9,4,resolvido,2026-04-12 15:05:07,2026-04-22 15:05:07,10.0
1653,45.0,10,2,cancelado,2026-01-17 13:32:33,,
1654,44.0,2,2,resolvido,2026-07-17 19:49:39,2026-07-28 19:49:39,11.0
1655,33.0,4,4,aberto,2025-10-21 04:10:53,,
1656,49.0,6,1,cancelado,2026-01-22 20:42:21,,
1657,8.0,9,2,cancelado,2026-04-09 02:07:45,,
1658,49.0,6,3,aberto,2026-07-11 12:14:14,,
1659,6.0,6,4,aberto,2026-05-25 12:14:00,,
1660,25.0,5,4,resolvido,2026-06-04 22:01:34,2026-06-10 22:01:34,6.0
1661,44.0,8,2,cancelado,2026-06-11 07:16:52,,
1662,19.0,7,2,aberto,2025-09-02 12:21:00,,
1663,31.0,6,2,aberto,2026-05-31 10:34:03,,
1664,44.0,8,1,cancelado,2025-08-20 16:20:45,,
1665,29.0,9,1,aberto,2025-12-23 18:10:59,,
1666,10.0,7,4,aberto,2025-11-07 19:39:26,,
1667,48.0,3,1,resolvido,2025-11-26 18:38:36,2025-12-06 18:38:36,10.0
1668,39.0,7,1,em_andamento,2026-06-01 06:55:21,,
1669,28.0,8,3,resolvido,2025-08-10 19:06:01,2025-08-16 19:06:01,6.0
1670,49.0,7,3,cancelado,2026-05-19 22:01:52,,
1671,43.0,10,4,cancelado,2025-08-15 17:53:04,,
1672,33.0,5,2,cancelado,2026-07-16 00:53:08,,
1673,7.0,2,3,cancelado,2025-09-30 22:18:16,,
1674,32.0,4,2,aberto,2026-03-18 11:37:23,,
1675,7.0,1,1,cancelado,2025-11-08 20:50:29,,
1676,44.0,1,2,cancelado,2026-03-10 04:54:26,,
1677,39.0,6,2,resolvido,2026-01-27 05:04:34,2026-02-01 05:04:34,5.0
1678,5.0,9,4,cancelado,2026-02-05 18:27:12,,
1679,13.0,5,4,cancelado,2026-05-22 12:32:11,,
1680,33.0,5,3,aberto,2026-05-17 01:12:16,,
1681,49.0,1,4,aberto,2025-12-17 19:36:17,,
1682,25.0,8,3,cancelado,2025-09-07 02:13:16,,
1683,29.0,8,1,aberto,2026-06-19 05:06:43,,
1684,12.0,9,3,em_andamento,2025-08-17 05:31:11,,
1685,32.0,7,2,resolvido,2025-12-07 04:07:13,2025-12-12 04:07:13,5.0
1686,46.0,7,4,aberto,2026-01-13 08:30:45,,
1687,37.0,8,4,cancelado,2025-08-09 14:45:05,,
1688,36.0,3,1,cancelado,2026-05-02 02:53:17,,
1689,17.0,8,4,resolvido,2025-09-26 07:59:54,2025-10-03 07:59:54,7.0
1690,4.0,1,1,em_andamento,2026-04-27 03:37:34,,
1691,24.0,6,1,resolvido,2025-10-20 09:16:41,2025-10-23 09:16:41,3.0
1692,25.0,2,4,resolvido,2025-08-19 22:16:48,2025-08-30 22:16:48,11.0
1693,4.0,4,2,em_andamento,2026-04-04 07:26:57,,
1694,42.0,5,1,aberto,2025-11-03 13:26:52,,
1695,20.0,2,3,em_andamento,2025-09-07 03:19:36,,
1696,2.0,9,3,aberto,2025-09-21 08:00:17,,
1697,30.0,7,4,resolvido,2026-03-17 01:55:45,2026-03-23 01:55:45,6.0
1698,2.0,8,1,resolvido,2025-08-10 15:21:57,2025-08-14 15:21:57,4.0
1699,37.0,2,4,aberto,2025-08-18 02:14:58,,
1700,45.0,4,3,cancelado,2026-02-08 23:01:39,,
1701,33.0,6,2,resolvido,2026-05-04 09:15:39,2026-05-13 09:15:39,9.0
1702,24.0,7,2,cancelado,2026-05-17 10:16:52,,
1703,41.0,2,2,resolvido,2025-12-16 17:05:18,2025-12-22 17:05:18,6.0
1704,37.0,7,2,aberto,2025-10-19 22:55:52,,
1705,46.0,10,1,resolvido,2026-06-15 16:19:15,2026-06-25 16:19:15,10.0
1706,18.0,2,4,cancelado,2026-06-12 23:53:21,,
1707,14.0,6,1,resolvido,2026-01-11 16:58:56,2026-01-14 16:58:56,3.0
1708,43.0,9,3,em_andamento,2026-03-18 11:41:31,,
1709,27.0,7,3,cancelado,2025-10-29 07:26:02,,
1710,43.0,9,2,aberto,2026-03-14 07:25:12,,
1711,41.0,9,2,cancelado,2025-11-13 18:15:49,,
1712,14.0,8,3,cancelado,2025-08-24 21:21:53,,
1713,37.0,1,2,resolvido,2026-03-21 22:21:52,2026-03-27 22:21:52,6.0
1714,30.0,3,2,em_andamento,2025-08-16 09:02:01,,
1715,48.0,5,4,cancelado,2026-03-13 03:41:36,,
1716,21.0,2,2,cancelado,2026-01-20 05:47:42,,
1717,18.0,5,2,resolvido,2025-11-16 14:38:50,2025-11-21 14:38:50,5.0
1718,16.0,2,2,em_andamento,2025-12-12 00:54:32,,
1719,2.0,4,3,cancelado,2025-11-08 15:15:09,,
1720,32.0,9,4,cancelado,2026-07-26 02:05:16,,
1721,42.0,1,2,em_andamento,2025-08-02 18:21:49,,
1722,18.0,3,1,resolvido,2025-12-19 16:59:06,2025-12-23 16:59:06,4.0
1723,18.0,9,2,aberto,2026-01-27 09:15:52,,
1724,47.0,8,1,aberto,2026-04-21 23:47:17,,
1725,6.0,6,3,aberto,2026-02-17 01:37:57,,
1726,27.0,6,1,cancelado,2025-10-20 01:52:55,,
1727,47.0,3,2,aberto,2026-06-09 07:17:07,,
1728,37.0,9,1,resolvido,2026-05-19 14:17:00,2026-05-24 14:17:00,5.0
1729,39.0,2,3,resolvido,2026-01-14 16:17:03,2026-01-21 16:17:03,7.0
1730,38.0,7,2,cancelado,2025-10-31 20:42:05,,
1731,14.0,3,1,em_andamento,2025-12-06 18:23:52,,
1732,14.0,5,4,cancelado,2025-08-06 14:27:55,,
1733,17.0,10,1,cancelado,2025-12-23 08:54:58,,
1734,35.0,6,1,resolvido,2025-09-19 14:12:42,2025-09-21 14:12:42,2.0
1735,16.0,5,2,resolvido,2026-05-24 10:39:37,2026-05-29 10:39:37,5.0
1736,31.0,6,3,aberto,2026-05-05 06:47:01,,
1737,42.0,10,1,aberto,2025-11-17 18:20:27,,
1738,45.0,4,3,cancelado,2026-06-05 00:20:46,,
1739,20.0,6,1,em_andamento,2026-05-30 20:02:26,,
1740,29.0,7,1,cancelado,2026-06-23 22:44:52,,
1741,17.0,5,1,em_andamento,2025-08-31 06:08:25,,
1742,20.0,4,2,cancelado,2026-06-07 23:31:58,,
1743,41.0,6,4,aberto,2025-10-17 03:36:53,,-5.0
1744,18.0,2,4,cancelado,2026-06-28 01:13:41,,
1745,48.0,7,3,cancelado,2026-06-03 09:05:21,,
1746,7.0,3,3,aberto,2025-08-24 19:29:15,,
1747,23.0,7,3,cancelado,2025-11-13 09:57:19,,
1748,45.0,1,1,em_andamento,2025-08-21 13:06:06,,
1749,41.0,8,2,aberto,2026-02-26 01:38:55,,
1750,26.0,4,3,resolvido,2026-06-21 07:28:08,2026-06-26 07:28:08,5.0
1751,16.0,9,2,cancelado,2026-05-02 18:21:29,,
1752,21.0,8,4,em_andamento,2025-11-21 16:35:18,,
1753,17.0,3,3,resolvido,2026-03-02 05:31:35,2026-03-08 05:31:35,6.0
1754,13.0,2,4,resolvido,2026-07-05 09:55:24,2026-07-15 09:55:24,10.0
1755,37.0,4,1,aberto,2026-05-20 00:20:38,,
1756,36.0,10,2,aberto,2026-06-01 10:25:28,,
1757,30.0,4,3,em_andamento,2026-05-23 17:15:38,,
1758,4.0,7,4,resolvido,2025-12-31 11:31:39,2026-01-14 11:31:39,14.0
1759,10.0,2,3,em_andamento,2025-09-04 03:05:48,,
1760,37.0,2,1,cancelado,2025-10-05 13:09:20,,
1761,50.0,8,4,aberto,2026-04-19 16:48:41,,
1762,15.0,4,2,resolvido,2025-12-30 10:23:42,2026-01-04 10:23:42,5.0
1763,9.0,7,2,em_andamento,2025-08-03 12:49:42,,
1764,19.0,4,4,em_andamento,2025-09-09 06:48:58,,
1765,27.0,3,1,resolvido,2026-03-02 08:01:13,2026-03-13 08:01:13,11.0
1766,17.0,4,4,em_andamento,2025-09-10 08:52:06,,
1767,24.0,10,4,aberto,2025-12-02 19:13:29,,
1768,1.0,8,2,resolvido,2025-09-08 11:04:26,2025-09-18 11:04:26,10.0
1769,14.0,7,4,resolvido,2025-09-22 20:47:59,2025-09-28 20:47:59,6.0
1770,5.0,2,1,aberto,2025-10-06 22:30:41,,
1771,22.0,4,4,resolvido,2025-08-09 08:15:29,2025-08-25 08:15:29,16.0
1772,39.0,1,1,resolvido,2026-02-10 03:14:09,2026-02-16 03:14:09,6.0
1773,33.0,10,4,resolvido,2026-03-03 10:14:25,2026-03-15 10:14:25,12.0
1774,9.0,9,1,em_andamento,2026-03-16 08:08:06,,
1775,17.0,3,4,resolvido,2025-08-12 01:41:18,2025-08-18 01:41:18,6.0
1776,30.0,3,1,resolvido,2026-01-08 10:25:20,2026-01-13 10:25:20,5.0
1777,17.0,2,3,aberto,2025-12-29 07:12:45,,
1778,9.0,8,3,resolvido,2026-04-10 17:55:46,2026-04-12 17:55:46,2.0
1779,28.0,5,3,resolvido,2025-08-05 20:18:20,2025-08-07 20:18:20,2.0
1780,11.0,6,4,em_andamento,2025-08-23 11:00:27,,
1781,36.0,8,1,em_andamento,2026-06-22 13:07:30,,
1782,10.0,1,2,em_andamento,2026-01-21 23:25:44,,
1783,3.0,8,3,em_andamento,2026-06-07 15:37:27,,
1784,46.0,8,4,aberto,2026-02-07 19:01:30,,
1785,32.0,1,4,resolvido,2026-02-19 18:49:36,2026-02-25 18:49:36,6.0
1786,46.0,9,4,cancelado,2026-07-29 17:42:55,,
1787,32.0,2,2,aberto,2026-05-18 00:37:26,,
1788,23.0,2,2,resolvido,2025-12-09 07:14:14,2025-12-17 07:14:14,8.0
1789,33.0,5,2,aberto,2026-01-15 09:09:06,,
1790,34.0,10,2,cancelado,2026-03-03 22:00:39,,
1791,5.0,4,4,aberto,2026-01-02 10:01:27,,
1792,22.0,1,3,aberto,2026-06-19 07:53:02,,
1793,26.0,6,1,resolvido,2026-07-25 14:31:19,2026-08-03 14:31:19,9.0
1794,10.0,1,1,cancelado,2026-02-14 02:06:19,,
1795,46.0,8,4,resolvido,2025-12-04 05:53:18,2025-12-10 05:53:18,6.0
1796,3.0,10,4,resolvido,2025-09-21 15:01:48,2025-09-27 15:01:48,6.0
1797,47.0,10,2,em_andamento,2026-04-29 12:24:38,,
1798,4.0,5,3,aberto,2025-10-24 06:34:49,,
1799,48.0,2,4,aberto,2026-04-18 05:46:46,,
1800,26.0,5,2,em_andamento,2026-07-26 06:09:56,,
1801,50.0,7,1,aberto,2026-03-23 20:11:47,,
1802,14.0,3,4,cancelado,2025-08-11 04:27:51,,
1803,19.0,3,1,resolvido,2025-12-31 18:41:57,2026-01-02 18:41:57,2.0
1804,20.0,10,2,resolvido,2026-06-21 15:05:32,2026-06-28 15:05:32,7.0
1805,43.0,2,3,em_andamento,2026-02-14 05:10:05,,
1806,32.0,8,4,cancelado,2026-04-24 15:26:30,,
1807,18.0,10,4,aberto,2026-02-12 05:17:47,,
1808,49.0,7,3,em_andamento,2026-03-26 15:20:33,,
1809,28.0,7,1,aberto,2026-04-04 13:52:39,,
1810,33.0,6,4,em_andamento,2025-11-05 04:38:37,,
1811,42.0,3,4,aberto,2026-02-01 22:24:22,,
1812,19.0,8,4,aberto,2025-08-20 17:13:45,,
1813,31.0,5,2,em_andamento,2026-03-03 00:31:10,,
1814,44.0,5,2,cancelado,2026-03-15 11:03:35,,
1815,19.0,10,1,aberto,2026-07-25 19:20:16,,
1816,3.0,9,1,cancelado,2025-10-10 02:39:27,,
1817,27.0,2,4,resolvido,2026-05-28 23:22:25,2026-05-31 23:22:25,3.0
1818,50.0,9,1,aberto,2025-10-31 05:50:16,,
1819,48.0,8,2,em_andamento,2025-11-25 09:55:47,,
1820,26.0,1,1,cancelado,2026-07-27 12:16:45,,
1821,46.0,5,3,cancelado,2026-05-07 17:02:49,,
1822,49.0,8,3,resolvido,2026-07-28 00:27:20,2026-08-08 00:27:20,11.0
1823,12.0,4,2,aberto,2026-03-14 21:00:24,,
1824,48.0,10,3,aberto,2026-05-23 14:16:50,,
1825,28.0,9,1,aberto,2025-11-04 23:03:55,,
1826,26.0,2,1,em_andamento,2026-07-02 10:52:46,,
1827,42.0,8,4,cancelado,2025-08-27 13:54:13,,
1828,43.0,10,4,resolvido,2026-07-05 03:37:44,2026-07-06 03:37:44,1.0
1829,24.0,7,3,aberto,2026-04-10 16:50:06,,
1830,9.0,3,1,em_andamento,2026-01-30 09:47:23,,
1831,8.0,1,2,aberto,2026-02-27 02:18:18,,
1832,14.0,8,2,em_andamento,2026-07-20 16:21:43,,
1833,28.0,9,2,aberto,2026-01-04 11:38:54,,
1834,20.0,8,2,cancelado,2026-07-29 09:37:20,,
1835,28.0,1,1,em_andamento,2026-06-13 07:32:31,,
1836,10.0,8,4,cancelado,2026-01-03 13:43:05,,
1837,2.0,8,2,em_andamento,2025-11-27 22:54:44,,
1838,19.0,10,4,aberto,2026-07-28 21:08:20,,
1839,22.0,1,1,cancelado,2025-12-19 00:49:27,,
1840,27.0,8,3,aberto,2026-01-11 11:17:30,,
1841,32.0,7,4,cancelado,2026-03-02 05:59:03,,
1842,15.0,1,1,cancelado,2026-07-03 16:38:33,,
1843,37.0,6,1,resolvido,2026-07-11 13:28:39,2026-07-12 13:28:39,1.0
1844,42.0,7,4,aberto,2026-06-09 19:07:35,,
1845,32.0,10,3,cancelado,2026-04-21 21:50:59,,
1846,45.0,7,1,em_andamento,2026-04-22 11:08:04,,
1847,19.0,4,4,resolvido,2026-01-19 06:48:06,2026-01-21 06:48:06,2.0
1848,38.0,6,4,em_andamento,2026-07-19 01:59:30,,
1849,19.0,7,4,resolvido,2026-07-04 16:55:22,2026-07-12 16:55:22,8.0
1850,31.0,3,2,resolvido,2025-11-12 07:28:17,2025-11-18 07:28:17,6.0
1851,31.0,3,2,em_andamento,2026-03-23 17:39:29,,
1852,11.0,10,4,aberto,2026-02-19 19:47:43,,
1853,27.0,8,3,em_andamento,2025-08-01 19:29:33,,
1854,14.0,9,1,aberto,2026-03-02 12:17:53,,
1855,23.0,5,3,em_andamento,2026-07-31 10:16:42,,
1856,12.0,9,1,aberto,2026-06-11 01:31:56,,
1857,22.0,7,1,em_andamento,2025-10-19 08:37:06,,
1858,8.0,9,2,cancelado,2025-11-26 19:31:07,,
1859,17.0,6,3,aberto,2026-01-24 13:35:51,,
1860,50.0,9,3,em_andamento,2025-11-28 18:12:23,,
1861,45.0,9,1,aberto,2026-06-08 09:51:48,,
1862,29.0,8,1,aberto,2025-12-05 18:09:06,,
1863,40.0,10,1,aberto,2026-04-21 07:16:16,,
1864,33.0,2,2,aberto,2025-08-29 15:39:33,,
1865,14.0,6,2,resolvido,2026-07-27 03:45:43,2026-08-01 03:45:43,5.0
1866,46.0,8,4,aberto,2026-04-15 12:21:11,,
1867,10.0,6,3,em_andamento,2025-11-18 11:31:18,,
1868,8.0,4,4,cancelado,2026-01-01 02:31:33,,
1869,50.0,1,2,cancelado,2026-06-08 03:33:32,,
1870,22.0,5,2,aberto,2026-04-12 15:58:47,,
1871,18.0,6,4,resolvido,2026-07-02 07:07:08,2026-07-06 07:07:08,4.0
1872,49.0,9,4,em_andamento,2026-01-03 19:57:06,,
1873,9.0,7,4,cancelado,2025-12-05 07:43:23,,
1874,30.0,9,3,aberto,2026-07-08 07:29:37,,
1875,29.0,3,1,aberto,2025-09-09 09:28:29,,
1876,6.0,6,3,cancelado,2025-12-25 06:32:42,,
1877,50.0,3,4,aberto,2026-04-19 14:35:19,,
1878,26.0,1,2,aberto,2026-03-13 21:40:38,,
1879,41.0,9,3,cancelado,2026-06-25 16:10:58,,
1880,26.0,9,3,resolvido,2026-04-11 22:10:34,2026-04-15 22:10:34,4.0
1881,23.0,1,3,em_andamento,2025-08-24 08:31:31,,
1882,45.0,7,4,em_andamento,2025-10-08 12:08:33,,
1883,35.0,10,4,resolvido,2025-08-15 00:24:42,2025-08-27 00:24:42,12.0
1884,26.0,4,3,aberto,2026-05-07 20:04:35,,
1885,3.0,9,3,cancelado,2025-08-30 06:26:38,,
1886,47.0,3,3,em_andamento,2025-10-16 05:30:17,,
1887,6.0,9,3,resolvido,2026-03-25 10:33:02,2026-03-27 10:33:02,2.0
1888,49.0,3,1,aberto,2025-08-01 10:56:51,,
1889,35.0,10,3,em_andamento,2026-04-30 08:05:28,,
1890,50.0,5,4,aberto,2026-03-28 04:30:04,,
1891,47.0,1,3,resolvido,2025-09-05 12:13:48,2025-09-09 12:13:48,4.0
1892,4.0,2,4,resolvido,2026-01-04 11:22:06,2026-01-08 11:22:06,4.0
1893,37.0,1,4,resolvido,2025-08-03 01:27:07,2025-08-17 01:27:07,14.0
1894,38.0,10,2,resolvido,2026-01-19 22:51:54,2026-01-25 22:51:54,6.0
1895,20.0,5,2,cancelado,2025-09-15 04:58:14,,
1896,34.0,4,1,resolvido,2026-02-14 07:08:10,2026-02-18 07:08:10,4.0
1897,50.0,6,4,aberto,2025-10-11 09:02:22,,
1898,10.0,7,4,aberto,2026-05-10 14:26:09,,
1899,6.0,1,4,em_andamento,2026-03-21 05:22:47,,
1900,31.0,4,4,aberto,2026-03-04 23:37:51,,
1901,24.0,9,4,cancelado,2025-11-06 22:54:47,,
1902,17.0,10,4,cancelado,2026-01-12 00:31:26,,
1903,29.0,8,4,em_andamento,2026-01-28 06:11:49,,
1904,10.0,9,2,cancelado,2026-04-15 21:15:15,,
1905,46.0,8,2,aberto,2026-05-01 22:39:02,,
1906,45.0,4,4,cancelado,2026-05-19 19:59:10,,
1907,3.0,3,3,aberto,2026-05-17 06:14:10,,
1908,39.0,7,1,aberto,2025-08-14 00:48:33,,
1909,24.0,10,3,aberto,2026-07-14 04:28:18,,
1910,34.0,3,1,resolvido,2026-01-22 17:01:47,2026-01-28 17:01:47,6.0
1911,20.0,6,3,resolvido,2026-03-18 05:53:09,2026-03-19 05:53:09,1.0
1912,10.0,10,4,aberto,2026-03-18 20:45:38,2026-03-16 20:45:38,
1913,20.0,5,2,em_andamento,2026-06-16 02:32:28,,
1914,48.0,8,1,aberto,2026-04-10 15:46:07,,
1915,36.0,6,1,aberto,2026-04-21 16:11:53,,
1916,27.0,8,3,cancelado,2025-09-05 19:42:16,,
1917,22.0,7,4,em_andamento,2025-11-07 21:31:42,,
1918,49.0,3,4,cancelado,2026-07-25 16:11:08,,
1919,43.0,8,2,resolvido,2025-09-26 16:37:58,2025-10-03 16:37:58,7.0
1920,6.0,10,4,cancelado,2025-09-27 10:10:02,,-5.0
1921,15.0,7,3,aberto,2026-02-17 08:38:41,,
1922,43.0,8,3,aberto,2026-02-10 11:25:02,,
1923,11.0,1,3,aberto,2025-10-31 20:09:15,,
1924,42.0,9,1,em_andamento,2025-09-12 13:38:25,,
1925,40.0,9,1,em_andamento,2025-12-13 21:57:28,,
1926,49.0,8,1,aberto,2025-08-18 20:32:40,,
1927,43.0,9,2,aberto,2026-04-23 14:28:34,,
1928,18.0,4,2,cancelado,2026-01-09 02:53:52,,
1929,6.0,9,3,cancelado,2025-10-09 07:25:21,,
1930,38.0,1,4,aberto,2026-07-26 22:09:33,,
1931,22.0,7,2,cancelado,2026-05-13 08:18:11,,
1932,2.0,9,3,cancelado,2025-10-20 02:30:38,,
1933,17.0,2,1,aberto,2026-04-14 14:58:13,,
1934,35.0,3,3,Resolvido,2026-03-06 17:48:31,,
1935,12.0,5,1,em_andamento,2026-04-03 08:36:35,,
1936,20.0,7,2,aberto,2025-08-25 00:42:45,,
1937,40.0,6,2,aberto,2026-06-09 11:06:12,,
1938,46.0,1,3,cancelado,2025-08-15 08:26:45,,
1939,7.0,6,2,cancelado,2025-11-14 09:13:55,,
1940,21.0,5,4,aberto,2025-10-05 10:31:02,,
1941,4.0,4,2,em_andamento,2025-11-26 15:05:24,,
1942,32.0,9,4,aberto,2026-06-13 09:36:24,,
1943,18.0,1,3,cancelado,2025-12-02 10:50:16,,
1944,36.0,7,1,cancelado,2026-07-19 16:57:04,,
1945,2.0,7,2,aberto,2026-06-21 22:45:30,,
1946,18.0,9,1,em_andamento,2026-04-18 14:02:33,,
1947,49.0,9,2,resolvido,2026-04-08 09:55:02,2026-04-11 09:55:02,3.0
1948,41.0,9,2,em_andamento,2025-12-21 06:18:02,,
1949,24.0,9,2,em_andamento,2025-12-02 12:38:23,,
1950,35.0,7,4,aberto,2025-11-26 20:51:23,,
1951,1.0,8,3,em_andamento,2026-06-23 13:11:03,,
1952,1.0,1,4,resolvido,2025-10-08 20:58:42,2025-10-13 20:58:42,5.0
1953,39.0,5,4,resolvido,2025-09-27 08:02:10,2025-10-05 08:02:10,8.0
1954,33.0,5,1,em_andamento,2026-01-13 16:55:50,,
1955,48.0,9,1,resolvido,2026-01-13 06:25:01,2026-01-17 06:25:01,4.0
1956,6.0,7,1,em_andamento,2026-02-03 06:21:17,,
1957,47.0,9,3,cancelado,2026-05-22 14:08:20,,
1958,14.0,10,3,resolvido,2026-05-16 05:20:44,2026-05-17 05:20:44,1.0
1959,46.0,8,3,em_andamento,2026-01-27 19:18:33,,
1960,43.0,6,3,em_andamento,2026-01-30 21:29:15,,
1961,30.0,10,3,aberto,2025-09-24 23:34:25,,
1962,45.0,3,1,cancelado,2025-08-07 11:52:52,,
1963,1.0,1,2,cancelado,2026-01-22 09:02:33,,
1964,36.0,8,4,aberto,2026-02-08 05:57:11,,
1965,42.0,2,1,cancelado,2025-09-29 09:03:51,,
1966,44.0,2,3,cancelado,2026-05-21 20:18:59,,
1967,39.0,6,4,em_andamento,2025-11-23 11:35:31,,
1968,50.0,1,1,cancelado,2026-05-05 20:06:10,,
1969,24.0,4,4,aberto,2026-03-19 09:08:18,,
1970,15.0,1,3,resolvido,2025-12-11 20:25:41,2025-12-12 20:25:41,1.0
1971,13.0,2,3,em_andamento,2026-04-04 13:47:02,,
1972,15.0,8,3,aberto,2025-08-03 07:32:12,,
1973,18.0,8,2,aberto,2025-09-29 11:53:35,,
1974,13.0,7,1,resolvido,2026-02-01 19:33:28,2026-02-03 19:33:28,2.0
1975,36.0,4,2,aberto,2026-04-05 10:24:32,,
1976,38.0,3,1,em_andamento,2025-08-11 12:10:48,,
1977,17.0,10,2,resolvido,2026-01-14 04:19:48,2026-01-19 04:19:48,5.0
1978,13.0,1,3,cancelado,2026-06-07 07:00:23,,
1979,1.0,7,1,resolvido,2026-06-21 20:41:40,2026-06-22 20:41:40,1.0
1980,18.0,2,4,cancelado,2026-02-14 08:52:33,,
1981,24.0,9,1,em_andamento,2025-12-14 19:21:36,,
1982,4.0,5,4,cancelado,2025-08-12 08:36:38,,
1983,21.0,1,4,em_andamento,2026-07-30 04:04:23,,
1984,22.0,2,1,em_andamento,2026-02-26 11:59:58,,
1985,45.0,7,1,em_andamento,2025-12-26 11:30:20,,
1986,13.0,3,3,resolvido,2025-11-05 21:09:12,2025-11-17 21:09:12,12.0
1987,5.0,2,1,cancelado,2025-11-22 12:41:28,,
1988,28.0,1,3,resolvido,2026-01-01 14:10:48,2026-01-08 14:10:48,7.0
1989,22.0,1,3,Em Andamento,2025-11-13 06:04:02,,
1990,5.0,10,4,Resolvido,2025-12-19 15:21:35,,
1991,41.0,8,1,aberto,2026-06-20 19:17:22,,
1992,4.0,1,4,resolvido,2026-06-07 15:21:50,2026-06-18 15:21:50,11.0
1993,45.0,2,2,aberto,2026-07-02 05:03:21,,
1994,29.0,1,3,cancelado,2025-08-16 14:02:07,,
1995,5.0,2,1,aberto,2025-10-03 13:59:54,,
1996,19.0,7,4,aberto,2026-01-29 23:51:50,,
1997,40.0,7,2,aberto,2026-03-17 07:02:38,,
1998,30.0,7,4,cancelado,2026-07-31 10:46:15,,
1999,40.0,10,1,resolvido,2026-07-25 07:46:37,2026-07-28 07:46:37,3.0
2000,2.0,8,3,em_andamento,2025-11-23 04:19:25,,
2001,7.0,2,1,aberto,2025-09-03 01:13:22,,
2002,38.0,4,2,resolvido,2026-04-10 00:12:46,2026-04-12 00:12:46,2.0
2003,23.0,7,4,cancelado,2026-05-12 19:20:09,,
2004,12.0,4,2,aberto,2026-05-06 07:19:30,,
2005,4.0,3,3,cancelado,2026-02-06 22:58:59,,
2006,33.0,6,3,em_andamento,2026-03-31 23:46:23,,
2007,10.0,8,3,resolvido,2025-11-16 02:08:47,2025-11-20 02:08:47,4.0
2008,34.0,10,2,aberto,2026-04-29 17:11:23,,
2009,16.0,9,1,cancelado,2025-11-30 11:24:50,,
2010,23.0,4,2,em_andamento,2026-01-06 06:01:18,,
2011,5.0,6,2,cancelado,2025-10-09 06:09:34,,
2012,45.0,8,3,resolvido,2026-06-21 05:21:55,2026-07-08 05:21:55,17.0
2013,40.0,5,4,resolvido,2025-08-08 10:41:55,2025-08-17 10:41:55,9.0
2014,3.0,8,2,aberto,2026-07-14 05:13:03,,
2015,41.0,4,2,cancelado,2025-08-14 02:59:26,,
2016,40.0,4,2,cancelado,2025-10-14 22:19:09,,
2017,48.0,6,4,em_andamento,2026-01-25 08:29:17,,
2018,26.0,3,1,resolvido,2025-08-10 11:32:56,2025-08-20 11:32:56,10.0
2019,1.0,2,3,aberto,2026-06-26 22:22:18,,
2020,36.0,2,2,resolvido,2026-06-30 21:35:21,2026-07-01 21:35:21,1.0
2021,49.0,6,1,aberto,2025-09-06 07:37:39,,
2022,13.0,4,3,em_andamento,2025-09-29 19:23:29,,
2023,15.0,5,2,resolvido,2025-10-03 03:06:03,2025-10-12 03:06:03,9.0
2024,36.0,4,2,em_andamento,2025-10-07 03:35:32,,
2025,2.0,3,3,aberto,2025-08-27 19:55:02,,
2026,2.0,3,4,aberto,2025-10-20 01:02:06,,
2027,22.0,4,3,cancelado,2026-04-01 15:58:50,,
2028,16.0,6,3,em_andamento,2025-09-22 17:23:54,,
2029,34.0,10,4,aberto,2025-10-12 11:29:22,,
2030,8.0,3,2,em_andamento,2025-09-18 16:10:11,,
2031,13.0,9,4,resolvido,2026-02-14 13:35:13,2026-02-19 13:35:13,5.0
2032,41.0,4,1,em_andamento,2025-09-14 20:51:53,,
2033,35.0,5,2,resolvido,2026-06-27 16:17:33,2026-07-07 16:17:33,10.0
2034,16.0,1,3,em_andamento,2026-07-23 05:47:29,,
2035,33.0,10,4,em_andamento,2025-10-29 01:30:04,,
2036,47.0,2,4,aberto,2026-07-16 19:39:16,,
2037,11.0,9,4,resolvido,2025-11-18 16:12:59,2025-11-20 16:12:59,2.0
2038,21.0,6,4,cancelado,2026-02-14 05:30:45,,
2039,31.0,5,4,aberto,2025-10-28 11:23:19,,
2040,14.0,4,2,cancelado,2026-01-17 02:59:46,,
2041,16.0,7,2,resolvido,2025-11-25 16:55:10,2025-12-02 16:55:10,7.0
2042,28.0,7,2,Resolvido,2026-03-25 23:29:12,2026-03-31 23:29:12,6.0
2043,49.0,2,3,cancelado,2026-05-15 00:24:57,,
2044,34.0,6,2,aberto,2026-02-12 17:47:20,,
2045,30.0,9,3,cancelado,2025-09-09 06:49:02,,
2046,29.0,8,4,cancelado,2026-05-30 04:46:24,,
2047,24.0,8,3,resolvido,2025-08-27 07:22:03,2025-09-04 07:22:03,8.0
2048,25.0,1,2,cancelado,2026-03-04 02:54:23,,
2049,15.0,5,1,resolvido,2025-08-19 13:24:59,2025-08-28 13:24:59,9.0
2050,33.0,9,1,resolvido,2025-12-29 18:28:06,2026-01-03 18:28:06,5.0
2051,15.0,2,1,aberto,2025-11-04 20:36:26,,
2052,24.0,1,2,resolvido,2026-01-18 18:53:59,2026-01-26 18:53:59,8.0
2053,20.0,5,2,em_andamento,2025-12-16 09:34:31,,
2054,49.0,9,3,aberto,2026-05-05 01:30:47,,
2055,50.0,5,3,resolvido,2026-03-12 12:54:18,2026-03-22 12:54:18,10.0
2056,26.0,7,1,cancelado,2026-05-27 05:56:09,,
2057,42.0,9,2,cancelado,2026-05-10 20:38:17,,
2058,15.0,4,2,cancelado,2025-12-07 18:20:10,,
2059,15.0,9,4,cancelado,2026-05-15 02:52:14,,
2060,22.0,2,3,em_andamento,2026-05-24 00:57:44,,
2061,28.0,7,2,cancelado,2026-03-28 19:24:30,,
2062,29.0,9,1,resolvido,2025-12-02 02:50:50,2025-12-14 02:50:50,12.0
2063,20.0,1,4,resolvido,2026-05-17 09:24:48,2026-05-30 09:24:48,13.0
2064,22.0,4,4,cancelado,2026-03-26 03:42:12,,
2065,44.0,7,3,resolvido,2026-06-08 11:57:21,2026-06-10 11:57:21,2.0
2066,3.0,3,2,resolvido,2025-09-02 16:08:50,2025-09-06 16:08:50,4.0
2067,37.0,10,4,cancelado,2025-12-03 13:51:45,,
2068,14.0,7,1,cancelado,2026-05-11 23:38:36,,
2069,13.0,8,1,resolvido,2026-03-18 13:32:56,2026-03-21 13:32:56,3.0
2070,20.0,2,2,aberto,2026-02-26 01:32:12,,
2071,44.0,9,2,aberto,2025-08-06 07:31:31,,
2072,45.0,10,4,aberto,2025-12-29 07:34:35,,
2073,12.0,4,1,cancelado,2026-06-23 15:41:30,,
2074,19.0,4,2,resolvido,2026-04-16 19:23:20,2026-04-21 19:23:20,5.0
2075,43.0,9,1,cancelado,2025-11-17 04:48:00,,
2076,4.0,6,1,em_andamento,2026-01-20 04:19:54,,
2077,21.0,7,4,em_andamento,2025-12-26 09:38:48,,
2078,8.0,3,4,cancelado,2026-02-25 14:47:39,,
2079,48.0,2,4,em_andamento,2025-08-15 10:48:07,,
2080,9.0,4,3,cancelado,2026-06-04 15:33:38,,
2081,46.0,8,2,resolvido,2025-12-26 15:37:10,2025-12-28 15:37:10,2.0
2082,44.0,8,3,em_andamento,2025-08-18 16:48:43,,
2083,1.0,3,4,aberto,2026-06-15 08:32:56,,
2084,26.0,10,2,resolvido,2026-07-06 03:46:53,2026-07-10 03:46:53,4.0
2085,37.0,8,4,cancelado,2026-01-26 21:07:59,,
2086,37.0,1,1,resolvido,2025-11-24 09:04:32,2025-11-25 09:04:32,1.0
2087,23.0,5,4,em_andamento,2025-10-18 03:27:08,,
2088,27.0,4,2,cancelado,2026-05-16 08:22:48,,
2089,30.0,7,2,aberto,2026-07-19 17:54:57,,
2090,26.0,1,2,em_andamento,2025-12-17 09:21:18,,
2091,18.0,9,3,aberto,2026-05-10 23:05:48,,
2092,45.0,4,4,cancelado,2025-11-30 12:49:55,,
2093,49.0,9,1,resolvido,2025-08-11 19:49:40,2025-08-12 19:49:40,1.0
2094,5.0,2,3,cancelado,2026-06-10 14:04:03,,
2095,29.0,3,3,em_andamento,2026-07-23 01:28:15,,
2096,33.0,1,4,aberto,2025-11-12 13:44:55,,
2097,5.0,8,4,resolvido,2026-07-19 03:38:17,2026-07-25 03:38:17,6.0
2098,26.0,1,1,resolvido,2026-06-25 05:00:59,2026-06-26 05:00:59,1.0
2099,8.0,3,3,cancelado,2026-03-07 09:23:11,,
2100,32.0,8,1,aberto,2026-04-09 00:02:27,,
2101,36.0,4,4,em_andamento,2026-01-15 13:05:39,,
2102,31.0,5,2,em_andamento,2026-01-26 07:15:14,,
2103,2.0,10,1,em_andamento,2026-05-23 09:29:13,,
2104,19.0,2,4,em_andamento,2026-06-27 12:36:50,,
2105,5.0,1,3,em_andamento,2026-05-06 03:26:47,,
2106,29.0,6,2,em_andamento,2025-08-01 10:39:07,,
2107,46.0,1,2,cancelado,2026-01-18 17:23:51,,
2108,45.0,1,1,cancelado,2025-08-04 01:27:21,,
2109,45.0,5,4,aberto,2026-07-10 23:33:59,,
2110,39.0,1,1,cancelado,2025-12-15 19:47:32,,
2111,50.0,4,2,resolvido,2026-02-24 11:35:20,2026-03-05 11:35:20,9.0
2112,2.0,7,1,aberto,2026-06-11 21:43:42,,
2113,22.0,4,1,em_andamento,2026-07-05 22:07:18,,
2114,7.0,3,2,aberto,2026-04-17 19:45:07,,
2115,27.0,9,1,resolvido,2026-06-19 15:12:47,2026-06-24 15:12:47,5.0
2116,21.0,9,2,em_andamento,2025-09-20 14:29:02,,
2117,35.0,7,4,aberto,2025-11-09 07:15:06,,
2118,15.0,4,1,resolvido,2026-03-13 02:36:31,2026-03-19 02:36:31,6.0
2119,42.0,6,1,cancelado,2026-07-29 19:32:41,,
2120,14.0,8,2,aberto,2025-11-21 06:38:57,,
2121,43.0,5,3,aberto,2025-09-24 10:40:17,,
2122,5.0,4,4,resolvido,2025-09-15 13:08:00,2025-09-22 13:08:00,7.0
2123,50.0,10,4,aberto,2025-08-15 18:36:11,,
2124,46.0,9,2,resolvido,2025-11-19 03:03:12,2025-12-01 03:03:12,12.0
2125,41.0,7,2,resolvido,2025-12-23 12:14:32,2025-12-28 12:14:32,5.0
2126,12.0,6,4,aberto,2025-10-10 15:06:33,,
2127,22.0,1,4,cancelado,2026-02-07 06:34:30,,
2128,33.0,4,1,em_andamento,2026-03-10 08:48:09,,
2129,2.0,10,1,resolvido,2026-01-12 17:19:45,2026-01-19 17:19:45,7.0
2130,16.0,10,1,aberto,2026-07-01 01:32:08,,
2131,9.0,6,4,resolvido,2025-11-11 23:57:23,2025-11-22 23:57:23,11.0
2132,13.0,3,4,em_andamento,2025-10-07 07:24:36,,
2133,42.0,1,2,cancelado,2025-11-21 21:46:01,,
2134,48.0,6,2,resolvido,2026-01-30 20:39:48,2026-02-03 20:39:48,4.0
2135,3.0,9,4,resolvido,2025-08-14 02:52:15,2025-08-27 02:52:15,13.0
2136,49.0,1,2,resolvido,2026-07-27 00:44:59,2026-08-01 00:44:59,5.0
2137,4.0,4,2,cancelado,2026-07-25 01:23:06,,
2138,34.0,6,2,cancelado,2025-11-16 12:31:44,,
2139,41.0,1,1,cancelado,2026-04-25 11:54:20,,
2140,5.0,4,1,em_andamento,2025-08-21 12:44:54,,
2141,14.0,3,1,em_andamento,2026-03-14 04:53:31,,
2142,38.0,9,2,em_andamento,2025-11-25 03:56:49,,
2143,33.0,2,4,cancelado,2026-03-26 07:10:24,,
2144,20.0,3,2,em_andamento,2026-02-21 04:26:27,,
2145,28.0,3,2,resolvido,2025-08-19 06:32:44,2025-08-28 06:32:44,9.0
2146,19.0,10,4,em_andamento,2025-09-12 17:26:56,,
2147,18.0,8,1,resolvido,2025-08-23 11:47:01,2025-08-28 11:47:01,5.0
2148,29.0,7,4,em_andamento,2025-09-10 02:42:43,,
2149,31.0,1,4,cancelado,2025-11-19 22:05:37,,
2150,6.0,5,2,em_andamento,2026-04-04 21:34:01,,
2151,17.0,7,4,resolvido,2025-10-25 06:14:25,2025-11-02 06:14:25,8.0
2152,30.0,5,4,cancelado,2026-05-17 09:52:04,,
2153,5.0,6,2,cancelado,2025-11-25 20:28:37,,
2154,13.0,3,2,aberto,2026-06-07 21:23:41,,
2155,1.0,9,3,cancelado,2025-09-17 04:01:50,,
2156,26.0,7,4,resolvido,2026-06-30 15:56:20,2026-07-04 15:56:20,4.0
2157,38.0,2,4,aberto,2026-06-18 02:37:29,,
2158,8.0,7,2,em_andamento,2026-01-05 19:29:25,,
2159,49.0,7,3,resolvido,2025-12-12 17:49:18,2025-12-21 17:49:18,9.0
2160,33.0,8,3,aberto,2026-04-10 23:31:16,,
2161,42.0,7,4,em_andamento,2026-01-31 06:05:02,,
2162,16.0,8,1,resolvido,2026-06-04 22:46:25,2026-06-06 22:46:25,2.0
2163,45.0,3,3,cancelado,2026-01-12 22:32:34,,
2164,44.0,3,3,em_andamento,2026-05-08 13:49:42,,
2165,39.0,10,2,aberto,2025-10-14 12:07:58,,
2166,8.0,2,4,cancelado,2025-08-29 06:46:37,,
2167,46.0,10,1,em_andamento,2026-06-16 21:47:05,,
2168,28.0,3,4,resolvido,2025-08-26 08:05:49,2025-08-28 08:05:49,2.0
2169,45.0,5,4,resolvido,2025-08-28 07:29:51,2025-09-03 07:29:51,6.0
2170,47.0,2,1,resolvido,2025-09-23 00:40:31,2025-09-24 00:40:31,1.0
2171,10.0,5,2,cancelado,2025-10-30 21:01:53,,
2172,45.0,5,1,em_andamento,2026-03-24 22:39:09,,
2173,32.0,1,1,aberto,2026-01-15 05:44:33,,
2174,50.0,7,4,resolvido,2026-03-04 07:56:48,2026-03-10 07:56:48,6.0
2175,24.0,3,2,em_andamento,2025-12-02 19:55:48,,
2176,32.0,3,1,cancelado,2026-02-28 10:56:03,,
2177,37.0,4,2,em_andamento,2025-10-21 15:24:53,,
2178,4.0,3,2,resolvido,2025-08-25 21:05:27,2025-08-29 21:05:27,4.0
2179,27.0,8,1,em_andamento,2025-08-21 13:15:22,,
2180,6.0,5,1,cancelado,2025-11-13 15:48:26,,
2181,8.0,5,1,resolvido,2026-02-03 09:23:27,2026-02-12 09:23:27,9.0
2182,32.0,2,1,aberto,2026-07-07 01:50:14,,
2183,18.0,1,1,aberto,2025-10-06 18:56:42,,
2184,14.0,9,1,cancelado,2026-02-05 14:09:38,,
2185,39.0,9,3,cancelado,2025-09-08 12:37:53,,
2186,31.0,6,4,resolvido,2025-09-25 05:05:22,2025-10-02 05:05:22,7.0
2187,24.0,6,3,em_andamento,2025-08-27 01:28:09,,
2188,24.0,7,4,aberto,2025-10-27 12:59:56,,
2189,23.0,6,1,aberto,2025-08-04 23:47:33,,
2190,30.0,7,2,aberto,2025-08-16 23:36:17,,
2191,39.0,2,3,em_andamento,2026-07-21 21:57:44,,
2192,24.0,8,4,cancelado,2025-12-13 15:12:24,,
2193,43.0,4,1,resolvido,2026-03-23 10:28:27,2026-04-02 10:28:27,10.0
2194,3.0,6,4,em_andamento,2025-08-29 06:26:13,,
2195,39.0,8,4,aberto,2025-11-07 12:59:30,,
2196,23.0,7,4,aberto,2025-11-30 17:59:28,,
2197,47.0,7,3,em_andamento,2025-10-13 12:27:37,,
2198,46.0,3,1,em_andamento,2026-05-04 04:43:04,,
2199,32.0,2,3,cancelado,2026-01-25 17:49:32,,
2200,11.0,8,1,cancelado,2025-10-10 19:40:49,,
2201,43.0,9,2,em_andamento,2026-03-23 22:51:07,,
2202,14.0,3,1,aberto,2025-11-13 01:29:32,,
2203,28.0,1,2,resolvido,2025-12-20 14:38:49,2025-12-27 14:38:49,7.0
2204,25.0,5,2,resolvido,2026-05-16 05:08:20,2026-05-18 05:08:20,2.0
2205,43.0,2,2,cancelado,2026-06-25 18:42:02,,
2206,6.0,6,2,aberto,2026-07-13 07:37:23,,
2207,42.0,6,4,cancelado,2026-03-05 08:02:19,,
2208,42.0,9,4,em_andamento,2025-08-03 09:43:27,,
2209,15.0,5,1,resolvido,2026-07-20 03:41:17,2026-07-21 03:41:17,1.0
2210,6.0,2,1,resolvido,2026-05-27 15:44:50,2026-06-02 15:44:50,6.0
2211,48.0,2,3,em_andamento,2026-05-30 20:07:59,,
2212,21.0,7,1,resolvido,2025-08-01 22:49:53,2025-08-02 22:49:53,1.0
2213,4.0,10,2,cancelado,2026-04-22 22:36:15,,
2214,28.0,6,3,em_andamento,2025-10-25 19:14:38,,
2215,34.0,10,2,aberto,2026-04-09 23:23:48,,
2216,26.0,1,4,resolvido,2025-12-02 18:22:45,2025-12-14 18:22:45,12.0
2217,15.0,8,4,em_andamento,2025-08-01 10:53:50,,
2218,39.0,5,2,aberto,2026-02-05 10:15:47,,
2219,39.0,6,3,aberto,2026-01-31 14:26:26,,
2220,18.0,10,4,em_andamento,2025-10-30 13:00:30,,
2221,32.0,5,4,aberto,2025-10-14 19:45:53,,
2222,22.0,3,2,em_andamento,2026-01-30 04:35:58,,
2223,45.0,1,2,cancelado,2025-10-22 09:55:31,,
2224,47.0,7,3,em_andamento,2025-09-08 12:27:05,,
2225,2.0,9,4,resolvido,2026-01-06 22:36:31,2026-01-20 22:36:31,14.0
2226,28.0,8,3,cancelado,2026-01-27 00:49:57,,
2227,26.0,2,3,resolvido,2026-05-09 04:18:39,2026-05-15 04:18:39,6.0
2228,36.0,7,1,em_andamento,2025-12-09 20:54:50,,
2229,21.0,10,1,resolvido,2026-01-27 16:30:54,2026-01-31 16:30:54,4.0
2230,30.0,3,2,cancelado,2025-11-25 08:11:49,,
2231,45.0,8,3,em_andamento,2026-06-28 13:49:03,,
2232,14.0,4,2,aberto,2026-03-15 09:25:26,,
2233,24.0,10,1,em_andamento,2026-02-04 00:22:49,,
2234,25.0,7,2,aberto,2026-05-17 05:26:42,,
2235,7.0,6,4,em_andamento,2025-08-01 02:12:06,,
2236,4.0,2,3,cancelado,2025-12-12 09:36:50,,
2237,10.0,7,2,aberto,2025-11-06 12:38:09,,
2238,8.0,4,4,cancelado,2025-10-04 06:16:04,,
2239,20.0,10,2,cancelado,2026-07-20 12:28:36,,
2240,50.0,2,4,cancelado,2025-10-19 02:53:02,,
2241,18.0,8,3,aberto,2026-01-27 04:04:43,,
2242,8.0,2,1,aberto,2026-02-24 01:08:43,,
2243,32.0,9,2,aberto,2026-04-14 20:19:26,,
2244,38.0,10,4,resolvido,2025-10-18 14:57:52,2025-10-24 14:57:52,6.0
2245,38.0,3,4,cancelado,2026-04-09 10:29:58,,
2246,42.0,7,3,em_andamento,2025-09-22 02:35:13,,
2247,7.0,6,1,em_andamento,2025-12-01 06:44:23,,
2248,26.0,1,4,cancelado,2025-11-28 03:27:30,,
2249,5.0,9,1,em_andamento,2026-06-29 11:22:06,,
2250,43.0,2,2,em_andamento,2026-04-14 23:27:39,,
2251,1.0,9,4,resolvido,2026-06-10 21:03:57,2026-06-15 21:03:57,5.0
2252,8.0,1,2,em_andamento,2025-11-14 06:04:50,,
2253,42.0,3,1,resolvido,2026-03-23 16:47:58,2026-03-30 16:47:58,7.0
2254,8.0,9,3,resolvido,2025-08-18 04:08:02,2025-08-24 04:08:02,6.0
2255,35.0,3,4,aberto,2026-03-20 08:00:39,,
2256,16.0,5,1,resolvido,2026-01-19 00:29:25,2026-01-23 00:29:25,4.0
2257,37.0,8,3,resolvido,2025-08-04 04:48:54,2025-08-07 04:48:54,3.0
2258,39.0,9,2,aberto,2026-07-12 03:29:30,,
2259,43.0,1,2,aberto,2025-08-11 04:58:17,,
2260,13.0,3,3,em_andamento,2026-05-03 18:38:09,,
2261,9.0,10,2,resolvido,2025-11-21 13:14:16,2025-11-26 13:14:16,5.0
2262,28.0,2,3,resolvido,2025-11-19 17:33:44,2025-12-02 17:33:44,13.0
2263,25.0,3,4,cancelado,2026-04-05 04:00:16,,
2264,6.0,5,4,em_andamento,2026-02-16 18:08:16,,
2265,35.0,4,1,resolvido,2026-06-16 03:57:44,2026-06-29 03:57:44,13.0
2266,13.0,6,2,cancelado,2026-05-16 03:49:49,,
2267,10.0,6,4,cancelado,2026-05-20 04:16:29,,
2268,2.0,10,2,aberto,2026-05-20 08:01:55,,
2269,18.0,2,1,cancelado,2026-01-06 14:09:18,,
2270,5.0,6,1,resolvido,2026-02-16 21:22:27,2026-02-22 21:22:27,6.0
2271,22.0,5,2,em_andamento,2025-12-11 07:04:42,,
2272,18.0,1,1,cancelado,2026-01-26 05:17:22,,
2273,15.0,7,1,aberto,2025-09-06 03:00:05,,
2274,12.0,9,3,cancelado,2026-07-18 01:43:29,,
2275,7.0,9,3,resolvido,2025-09-10 05:59:45,2025-09-11 05:59:45,1.0
2276,4.0,3,3,cancelado,2026-07-29 00:24:38,,
2277,12.0,6,4,cancelado,2025-10-05 21:40:28,,
2278,38.0,3,3,aberto,2026-07-06 05:34:26,,
2279,44.0,9,2,em_andamento,2026-02-03 07:46:32,,
2280,10.0,7,3,aberto,2026-03-29 01:24:14,,
2281,47.0,6,2,cancelado,2025-12-10 08:28:14,,
2282,46.0,8,2,cancelado,2025-11-01 07:07:35,,
2283,23.0,8,3,resolvido,2025-08-17 02:49:51,2025-08-22 02:49:51,5.0
2284,28.0,9,2,resolvido,2026-02-10 04:19:24,2026-02-15 04:19:24,5.0
2285,20.0,7,3,aberto,2025-12-30 14:47:06,,
2286,41.0,2,1,em_andamento,2026-07-28 04:03:43,,
2287,6.0,3,1,aberto,2025-09-10 01:42:59,,
2288,48.0,5,4,aberto,2026-04-09 09:35:29,,
2289,28.0,9,2,cancelado,2025-11-26 13:28:26,,
2290,32.0,9,1,cancelado,2026-07-22 16:38:47,,
2291,1.0,10,2,aberto,2026-05-07 09:25:18,,
2292,46.0,7,3,em_andamento,2026-04-18 07:35:18,,
2293,48.0,9,1,cancelado,2025-10-22 02:12:34,,
2294,11.0,9,2,em_andamento,2026-03-21 07:13:36,,
2295,5.0,6,2,resolvido,2026-03-04 08:45:39,2026-03-09 08:45:39,5.0
2296,4.0,7,4,cancelado,2026-07-03 11:19:33,,
2297,11.0,6,1,resolvido,2026-02-05 16:50:53,2026-02-14 16:50:53,9.0
2298,35.0,2,3,resolvido,2026-02-26 17:35:04,2026-03-03 17:35:04,5.0
2299,31.0,5,3,em_andamento,2026-03-10 17:37:19,,
2300,1.0,10,4,em_andamento,2025-08-29 13:56:32,,
2301,20.0,9,1,cancelado,2026-02-23 02:47:01,,
2302,40.0,8,1,resolvido,2025-11-25 12:53:39,2025-12-06 12:53:39,11.0
2303,20.0,6,1,aberto,2026-01-13 18:35:45,,
2304,23.0,3,4,resolvido,2026-01-02 12:06:11,2026-01-09 12:06:11,7.0
2305,1.0,2,4,cancelado,2026-03-20 01:11:07,,
2306,13.0,2,2,cancelado,2026-07-27 13:52:12,,
2307,8.0,8,1,em_andamento,2025-10-20 11:05:28,,
2308,50.0,5,2,cancelado,2025-11-18 14:31:15,,
2309,26.0,6,3,resolvido,2026-03-30 07:53:41,2026-04-03 07:53:41,4.0
2310,18.0,2,4,cancelado,2026-06-18 10:09:23,,
2311,11.0,3,3,cancelado,2026-01-23 06:07:01,,
2312,1.0,6,2,aberto,2026-05-03 16:53:26,,
2313,13.0,5,1,em_andamento,2026-07-04 06:04:20,,
2314,26.0,7,3,aberto,2025-11-03 16:02:13,,
2315,11.0,4,4,resolvido,2025-08-01 00:19:07,2025-08-09 00:19:07,8.0
2316,8.0,7,4,cancelado,2026-06-05 14:57:35,,
2317,44.0,3,3,cancelado,2026-01-15 15:34:41,,
2318,33.0,7,2,aberto,2026-02-21 03:41:55,,
2319,7.0,1,2,em_andamento,2026-05-22 02:46:22,,
2320,23.0,9,1,em_andamento,2025-08-21 05:51:37,,
2321,4.0,6,4,aberto,2026-05-25 09:41:16,,
2322,28.0,8,3,resolvido,2026-05-08 04:41:22,2026-05-09 04:41:22,1.0
2323,16.0,10,2,em_andamento,2026-01-01 11:22:36,,
2324,16.0,5,1,resolvido,2025-09-29 00:23:07,2025-10-06 00:23:07,7.0
2325,45.0,4,4,em_andamento,2025-12-13 00:22:39,,
2326,31.0,2,2,em_andamento,2026-07-02 04:25:07,,
2327,38.0,3,2,aberto,2026-01-12 01:17:27,,
2328,9.0,7,1,resolvido,2025-09-21 13:42:59,2025-10-07 13:42:59,16.0
2329,28.0,1,2,aberto,2026-05-10 12:04:00,,
2330,4.0,7,4,resolvido,2025-08-07 09:03:29,2025-08-13 09:03:29,6.0
2331,45.0,4,2,resolvido,2026-03-07 03:34:36,2026-03-12 03:34:36,5.0
2332,28.0,1,3,aberto,2025-09-23 14:25:24,,
2333,18.0,6,3,resolvido,2026-01-05 18:21:26,2026-01-12 18:21:26,7.0
2334,46.0,7,2,resolvido,2026-06-16 15:52:17,2026-06-25 15:52:17,9.0
2335,1.0,1,3,em_andamento,2026-06-30 19:20:57,,
2336,19.0,8,3,aberto,2025-11-25 19:54:15,,
2337,28.0,3,3,cancelado,2025-10-14 12:37:26,,
2338,24.0,6,3,aberto,2025-08-06 02:20:35,,
2339,7.0,1,2,resolvido,2026-07-01 06:26:24,2026-07-06 06:26:24,5.0
2340,24.0,6,3,em_andamento,2025-09-22 01:00:10,,
2341,42.0,5,2,cancelado,2026-05-04 21:15:00,,
2342,6.0,2,2,aberto,2025-10-17 00:30:37,,
2343,3.0,10,2,em_andamento,2026-03-11 09:02:51,,
2344,46.0,8,1,aberto,2025-12-31 00:50:19,,
2345,35.0,10,3,resolvido,2025-09-01 20:51:54,2025-09-06 20:51:54,5.0
2346,13.0,9,2,aberto,2025-10-25 00:43:17,,
2347,9.0,4,4,resolvido,2026-03-04 19:20:47,2026-03-05 19:20:47,1.0
2348,49.0,9,3,resolvido,2025-08-16 01:43:08,2025-08-17 01:43:08,1.0
2349,28.0,2,4,cancelado,2025-08-08 23:11:33,,
2350,34.0,9,1,em_andamento,2025-09-07 03:34:00,,
2351,39.0,5,2,resolvido,2026-03-04 04:00:41,2026-03-13 04:00:41,9.0
2352,3.0,10,1,em_andamento,2026-04-25 16:00:53,,
2353,48.0,7,4,aberto,2026-01-24 21:50:02,,
2354,11.0,8,4,cancelado,2025-10-15 21:11:04,,
2355,26.0,10,3,em_andamento,2025-11-17 00:02:42,,
2356,12.0,1,2,em_andamento,2025-09-26 05:11:58,,
2357,38.0,1,4,resolvido,2026-01-18 04:30:03,2026-01-24 04:30:03,6.0
2358,46.0,5,1,em_andamento,2025-09-05 11:04:34,,
2359,15.0,1,2,resolvido,2026-04-08 16:09:55,2026-04-17 16:09:55,9.0
2360,3.0,3,3,em_andamento,2026-02-04 02:06:34,,
2361,18.0,1,2,em_andamento,2025-09-11 04:07:50,,
2362,35.0,2,1,resolvido,2026-03-25 08:17:43,2026-03-26 08:17:43,1.0
2363,21.0,2,3,em_andamento,2026-01-31 13:59:42,,
2364,27.0,10,3,resolvido,2025-11-10 03:47:48,2025-11-11 03:47:48,1.0
2365,4.0,1,3,em_andamento,2026-02-17 13:03:18,,
2366,47.0,5,2,resolvido,2025-12-08 23:53:59,2025-12-19 23:53:59,11.0
2367,50.0,10,1,cancelado,2025-11-14 07:52:59,,
2368,42.0,5,2,cancelado,2026-05-01 14:34:05,,
2369,15.0,6,3,em_andamento,2025-10-18 20:46:40,,
2370,38.0,7,2,cancelado,2026-03-07 04:33:21,,
2371,15.0,7,3,Em Andamento,2025-09-04 04:31:56,,
2372,31.0,2,4,em_andamento,2026-07-06 22:47:19,,
2373,30.0,3,2,em_andamento,2026-01-27 10:06:12,,
2374,37.0,8,2,resolvido,2025-10-29 10:43:07,2025-11-04 10:43:07,6.0
2375,2.0,5,2,em_andamento,2025-12-31 14:11:59,,
2376,26.0,10,2,aberto,2025-11-29 18:59:19,,
2377,10.0,2,4,em_andamento,2025-10-04 20:18:50,,
2378,30.0,7,1,em_andamento,2026-07-11 14:13:00,,
2379,47.0,1,1,cancelado,2025-10-30 10:18:16,,
2380,25.0,1,1,aberto,2026-01-07 06:54:06,,
2381,49.0,1,2,em_andamento,2026-02-21 00:38:59,,
2382,50.0,2,3,em_andamento,2026-03-10 20:52:54,,
2383,41.0,10,1,aberto,2026-02-19 19:41:28,,
2384,7.0,9,3,aberto,2026-06-09 09:51:38,,
2385,13.0,3,4,cancelado,2025-08-16 12:27:59,,
2386,11.0,5,3,cancelado,2025-12-16 18:55:45,,
2387,10.0,4,1,resolvido,2025-10-13 00:11:49,2025-10-18 00:11:49,5.0
2388,3.0,2,3,aberto,2025-10-12 18:59:56,,
2389,33.0,7,2,aberto,2026-04-17 07:39:46,,
2390,15.0,1,2,cancelado,2025-10-31 19:54:20,,
2391,25.0,3,3,resolvido,2025-09-18 17:22:15,2025-09-23 17:22:15,5.0
2392,15.0,7,1,cancelado,2026-01-23 18:05:48,,
2393,11.0,2,2,aberto,2025-12-13 11:50:42,,
2394,19.0,6,1,resolvido,2026-04-12 09:20:12,2026-04-25 09:20:12,13.0
2395,6.0,1,2,em_andamento,2026-05-16 08:02:19,,
2396,28.0,9,3,em_andamento,2026-07-23 06:54:50,,
2397,44.0,7,2,resolvido,2026-02-06 13:33:54,2026-02-19 13:33:54,13.0
2398,40.0,5,3,aberto,2026-01-18 10:14:37,,
2399,18.0,8,3,resolvido,2026-03-19 16:23:25,2026-03-28 16:23:25,9.0
2400,5.0,1,2,em_andamento,2026-01-03 12:22:00,,
2401,21.0,3,4,cancelado,2026-03-26 08:38:55,,
2402,47.0,8,1,aberto,2025-10-24 07:44:11,,
2403,37.0,7,3,em_andamento,2025-11-23 20:31:12,,
2404,6.0,6,2,em_andamento,2026-07-26 05:33:32,,
2405,50.0,7,3,resolvido,2026-05-24 15:25:31,2026-05-25 15:25:31,1.0
2406,32.0,7,4,cancelado,2026-07-28 09:19:30,,
2407,39.0,6,2,em_andamento,2026-02-23 18:31:15,,
2408,25.0,7,4,cancelado,2026-01-28 14:35:56,,
2409,35.0,9,2,cancelado,2026-01-02 18:40:55,,
2410,6.0,10,4,em_andamento,2026-03-09 14:55:29,,
2411,45.0,2,2,resolvido,2026-01-21 04:06:48,2026-02-09 04:06:48,19.0
2412,2.0,6,4,em_andamento,2026-02-01 20:28:46,,
2413,8.0,1,3,resolvido,2025-11-26 07:25:12,2025-12-03 07:25:12,7.0
2414,50.0,3,3,cancelado,2025-10-10 02:03:47,,
2415,10.0,9,4,em_andamento,2026-04-17 19:24:10,,
2416,14.0,4,1,em_andamento,2026-05-13 15:38:54,,
2417,8.0,3,4,aberto,2026-04-01 22:58:40,,
2418,45.0,7,3,aberto,2026-03-19 20:48:36,,
2419,45.0,2,1,RESOLVIDO,2025-09-01 17:07:07,,
2420,39.0,3,1,em_andamento,2025-10-07 00:12:33,,
2421,24.0,3,1,em_andamento,2025-08-27 22:18:02,,
2422,5.0,1,4,em_andamento,2026-01-25 10:39:52,,
2423,49.0,3,4,em_andamento,2025-12-17 22:04:21,,
2424,48.0,9,3,cancelado,2026-05-06 16:34:38,,
2425,27.0,6,4,aberto,2026-03-02 02:24:20,,
2426,19.0,2,2,aberto,2025-08-05 08:15:31,,
2427,42.0,1,2,em_andamento,2026-02-27 14:55:19,,
2428,1.0,7,4,cancelado,2025-11-20 05:39:58,,
2429,36.0,5,3,em_andamento,2026-03-03 21:48:42,,
2430,28.0,3,3,aberto,2026-04-17 04:09:53,,
2431,34.0,7,2,em_andamento,2026-01-06 12:00:38,,
2432,26.0,10,1,em_andamento,2026-06-14 11:21:51,,
2433,26.0,3,1,cancelado,2026-04-02 17:32:24,,
2434,31.0,6,4,cancelado,2025-09-27 17:01:03,,
2435,11.0,1,3,cancelado,2025-12-29 17:03:18,,
2436,13.0,5,1,aberto,2025-09-10 07:43:25,,
2437,5.0,6,3,aberto,2026-02-12 10:07:26,,
2438,16.0,5,2,aberto,2026-07-18 05:31:22,,
2439,5.0,4,1,resolvido,2025-12-08 01:03:22,2025-12-16 01:03:22,8.0
2440,3.0,4,3,aberto,2026-02-01 19:28:35,,
2441,37.0,10,1,cancelado,2026-07-31 22:46:29,,
2442,3.0,1,3,aberto,2026-03-16 04:52:28,,
2443,20.0,1,3,resolvido,2026-07-17 05:01:45,2026-07-26 05:01:45,9.0
2444,26.0,9,2,resolvido,2025-11-22 12:17:59,2025-11-29 12:17:59,7.0
2445,9.0,2,3,cancelado,2026-02-11 08:59:41,,
2446,48.0,9,1,em_andamento,2026-01-12 21:50:04,,
2447,2.0,10,4,cancelado,2025-10-31 16:47:00,,
2448,38.0,1,3,em_andamento,2026-04-11 13:12:42,,
2449,10.0,8,1,aberto,2025-11-19 19:51:39,,
2450,46.0,4,2,em_andamento,2026-05-18 16:18:54,,
2451,50.0,3,3,cancelado,2026-03-25 14:03:42,,
2452,9.0,6,3,resolvido,2025-11-01 04:35:47,2025-11-02 04:35:47,1.0
2453,40.0,7,1,cancelado,2026-01-12 11:03:51,,
2454,16.0,4,1,em_andamento,2025-10-08 11:03:25,,
2455,37.0,8,1,aberto,2025-10-03 17:12:42,,
2456,10.0,5,1,cancelado,2026-07-19 06:41:41,,
2457,7.0,8,3,em_andamento,2025-09-10 02:13:53,,
2458,19.0,3,1,resolvido,2026-03-22 13:02:40,2026-03-25 13:02:40,3.0
2459,5.0,3,4,resolvido,2025-11-21 11:29:16,2025-11-26 11:29:16,5.0
2460,31.0,5,4,em_andamento,2025-12-24 00:31:03,,
2461,8.0,10,4,aberto,2026-03-20 18:20:08,,
2462,24.0,5,4,cancelado,2026-04-21 22:45:02,,
2463,40.0,3,4,resolvido,2025-08-08 18:33:02,2025-08-09 18:33:02,1.0
2464,21.0,6,1,cancelado,2025-11-29 03:01:20,,
2465,33.0,8,3,aberto,2026-05-02 12:15:37,,
2466,40.0,1,2,aberto,2025-10-08 11:08:20,,
2467,10.0,2,3,cancelado,2026-04-11 03:39:16,,
2468,11.0,10,4,aberto,2025-11-17 12:16:43,,
2469,15.0,7,4,aberto,2026-03-27 07:58:43,,
2470,23.0,8,4,cancelado,2026-03-29 07:33:27,,
2471,7.0,2,2,aberto,2026-03-28 10:42:46,,
2472,26.0,7,2,cancelado,2026-01-27 14:30:22,,
2473,22.0,2,3,resolvido,2026-03-20 10:24:44,2026-03-26 10:24:44,6.0
2474,39.0,8,2,cancelado,2026-04-17 15:51:28,,
2475,8.0,5,4,aberto,2025-10-19 06:05:38,,
2476,35.0,3,4,em_andamento,2026-04-30 21:44:38,,
2477,41.0,4,3,aberto,2026-06-01 21:21:10,,
2478,39.0,7,1,resolvido,2026-03-02 00:22:24,2026-03-11 00:22:24,9.0
2479,14.0,1,2,aberto,2025-11-16 22:00:07,,
2480,49.0,7,3,resolvido,2026-04-05 05:28:07,2026-04-06 05:28:07,1.0
2481,41.0,3,1,em_andamento,2025-10-14 17:54:40,,
2482,5.0,5,4,aberto,2026-01-04 09:22:31,,
2483,20.0,8,4,em_andamento,2026-07-25 15:24:29,,
2484,43.0,5,2,aberto,2026-05-18 23:32:33,,
2485,6.0,7,3,resolvido,2026-06-23 16:54:28,2026-07-01 16:54:28,8.0
2486,27.0,8,4,em_andamento,2026-02-10 09:27:35,,
2487,45.0,7,3,cancelado,2025-11-09 03:39:25,,
2488,1.0,9,2,aberto,2025-09-02 08:25:22,,
2489,47.0,10,2,resolvido,2026-05-27 19:39:31,2026-06-06 19:39:31,10.0
2490,43.0,6,1,em_andamento,2026-02-19 10:36:16,,
2491,30.0,3,4,resolvido,2026-01-31 15:45:06,2026-02-15 15:45:06,15.0
2492,27.0,5,1,cancelado,2026-02-17 02:55:38,,
2493,9.0,8,1,aberto,2026-06-13 13:32:56,,
2494,14.0,4,4,em_andamento,2025-12-06 22:53:24,,
2495,39.0,7,2,resolvido,2026-05-09 20:25:59,2026-05-22 20:25:59,13.0
2496,14.0,4,1,resolvido,2026-04-30 01:15:08,2026-05-07 01:15:08,7.0
2497,20.0,9,1,cancelado,2026-07-12 20:19:27,,
2498,42.0,8,4,cancelado,2026-06-28 17:27:51,,
2499,23.0,6,4,resolvido,2025-12-24 06:00:10,2025-12-30 06:00:10,6.0
2500,8.0,3,4,cancelado,2026-02-18 23:50:19,,
2501,24.0,3,2,cancelado,2026-07-05 18:25:29,,
2502,25.0,5,4,resolvido,2025-09-10 10:42:58,2025-09-14 10:42:58,4.0
2503,7.0,2,1,aberto,2025-11-02 02:16:38,,
2504,42.0,1,4,aberto,2026-01-24 13:29:50,,
2505,32.0,10,1,cancelado,2026-02-19 09:46:47,,
2506,33.0,10,1,resolvido,2026-05-01 12:21:36,2026-05-02 12:21:36,1.0
2507,27.0,4,2,cancelado,2026-05-18 00:18:38,,
2508,36.0,7,1,em_andamento,2026-07-31 17:53:54,,
2509,31.0,2,3,cancelado,2025-09-09 05:41:28,,
2510,27.0,7,1,resolvido,2025-10-03 01:11:06,2025-10-10 01:11:06,7.0
2511,18.0,5,3,cancelado,2025-11-28 22:25:21,,
2512,44.0,4,1,cancelado,2026-03-03 12:25:17,,
2513,3.0,1,1,em_andamento,2026-04-06 13:27:12,,
2514,24.0,9,3,resolvido,2025-09-19 05:48:29,2025-09-21 05:48:29,2.0
2515,11.0,10,4,em_andamento,2025-08-24 18:47:14,,
2516,36.0,7,2,cancelado,2025-11-21 22:58:20,,
2517,4.0,10,4,em_andamento,2026-06-15 19:55:43,,
2518,41.0,7,2,cancelado,2025-09-09 07:41:13,,
2519,21.0,9,2,cancelado,2025-08-05 02:42:15,,
2520,15.0,2,2,aberto,2025-12-14 15:54:13,,
2521,41.0,10,4,resolvido,2025-08-20 16:45:11,2025-08-28 16:45:11,8.0
2522,21.0,4,1,aberto,2026-05-16 07:57:47,,
2523,2.0,7,1,em_andamento,2025-10-27 09:39:49,,
2524,2.0,10,1,cancelado,2026-07-05 02:14:20,,
2525,2.0,3,4,resolvido,2025-09-28 23:39:00,2025-10-02 23:39:00,4.0
2526,12.0,4,2,resolvido,2026-05-26 06:35:19,2026-06-04 06:35:19,9.0
2527,47.0,7,3,aberto,2026-04-26 10:39:21,,
2528,18.0,2,2,aberto,2026-04-29 01:25:33,,
2529,41.0,10,1,aberto,2025-08-10 19:05:29,,
2530,30.0,10,1,aberto,2025-08-25 08:56:21,,
2531,10.0,5,3,em_andamento,2026-06-07 08:06:57,,
2532,6.0,2,4,resolvido,2025-12-25 08:45:21,2026-01-08 08:45:21,14.0
2533,14.0,7,1,cancelado,2026-03-20 04:49:00,,
2534,2.0,7,1,cancelado,2026-05-24 09:18:04,,
2535,41.0,2,2,cancelado,2026-07-15 13:01:15,,
2536,25.0,6,4,em_andamento,2025-08-24 19:14:50,,
2537,12.0,5,1,em_andamento,2026-07-10 23:23:58,,
2538,43.0,10,1,aberto,2026-02-13 19:16:10,,
2539,22.0,6,4,aberto,2026-03-12 19:31:19,,
2540,11.0,9,3,aberto,2025-12-27 04:57:14,,
2541,13.0,10,1,aberto,2025-10-27 14:45:35,,
2542,34.0,9,2,em_andamento,2026-07-13 11:13:35,,
2543,24.0,2,2,aberto,2025-12-11 18:46:22,,
2544,21.0,3,2,aberto,2026-01-01 16:20:25,,
2545,47.0,3,3,resolvido,2026-03-21 01:57:19,2026-03-22 01:57:19,1.0
2546,23.0,9,3,cancelado,2026-06-03 15:08:16,,
2547,48.0,8,4,cancelado,2025-12-25 10:29:53,,
2548,13.0,5,2,em_andamento,2026-05-30 19:13:25,,
2549,44.0,5,4,aberto,2025-10-21 06:58:38,,
2550,38.0,10,3,em_andamento,2025-08-24 02:39:53,,
2551,14.0,8,4,cancelado,2025-09-14 15:38:24,,
2552,28.0,10,3,resolvido,2025-12-13 08:36:04,2025-12-21 08:36:04,8.0
2553,40.0,2,4,cancelado,2026-07-19 16:25:34,,
2554,13.0,10,3,resolvido,2026-05-03 00:56:26,2026-05-15 00:56:26,12.0
2555,29.0,3,1,resolvido,2025-12-15 23:34:20,2025-12-17 23:34:20,2.0
2556,38.0,7,3,resolvido,2025-11-09 17:26:18,2025-11-14 17:26:18,5.0
2557,21.0,7,2,resolvido,2026-01-22 04:01:51,2026-01-30 04:01:51,8.0
2558,16.0,2,2,resolvido,2026-07-09 05:34:20,2026-07-11 05:34:20,2.0
2559,,1,3,aberto,2025-10-04 03:09:25,,
2560,46.0,6,2,cancelado,2025-09-06 00:08:20,,
2561,37.0,6,2,aberto,2026-01-27 12:25:10,,
2562,25.0,5,2,em_andamento,2026-07-01 18:41:02,,
2563,7.0,9,3,aberto,2026-07-18 13:29:53,,
2564,37.0,7,4,resolvido,2026-04-18 07:38:31,2026-04-30 07:38:31,12.0
2565,21.0,4,2,aberto,2025-08-28 03:33:47,,
2566,32.0,8,1,resolvido,2026-07-01 02:40:56,2026-07-06 02:40:56,5.0
2567,11.0,10,3,cancelado,2026-06-23 17:37:31,,
2568,16.0,10,1,resolvido,2026-06-26 07:43:46,2026-07-03 07:43:46,7.0
2569,2.0,10,1,cancelado,2025-12-17 20:10:05,,
2570,19.0,3,4,aberto,2026-05-14 21:37:04,,
2571,35.0,9,1,resolvido,2026-04-13 12:09:39,2026-04-19 12:09:39,6.0
2572,7.0,7,3,resolvido,2025-08-17 03:42:43,2025-08-22 03:42:43,5.0
2573,21.0,6,4,aberto,2025-11-30 19:42:21,,
2574,36.0,6,4,aberto,2026-04-18 18:55:24,,
2575,26.0,5,4,cancelado,2026-06-30 03:41:09,,
2576,42.0,2,3,aberto,2026-01-11 14:11:58,,
2577,2.0,4,1,aberto,2026-01-08 06:21:46,,
2578,9.0,2,3,cancelado,2025-12-22 08:25:27,,
2579,15.0,3,1,em_andamento,2025-09-07 11:18:23,,
2580,47.0,6,1,aberto,2025-12-24 20:42:40,,
2581,17.0,1,1,aberto,2026-02-09 02:28:20,,
2582,20.0,2,3,resolvido,2026-05-15 15:18:53,2026-05-19 15:18:53,4.0
2583,25.0,5,2,em_andamento,2026-06-17 17:07:33,,
2584,38.0,8,1,em_andamento,2025-12-30 17:25:22,,
2585,21.0,3,4,cancelado,2026-03-26 19:56:21,,
2586,43.0,2,2,cancelado,2025-11-23 15:39:05,,
2587,43.0,8,3,resolvido,2025-12-20 10:34:13,2025-12-21 10:34:13,1.0
2588,50.0,8,2,aberto,2025-10-15 15:51:38,,
2589,17.0,5,1,resolvido,2026-03-20 19:10:08,2026-03-21 19:10:08,1.0
2590,43.0,4,1,aberto,2026-04-28 01:56:09,,
2591,32.0,1,2,aberto,2025-08-24 11:16:14,,
2592,43.0,4,4,cancelado,2026-06-02 11:10:43,,
2593,13.0,8,1,resolvido,2025-08-25 17:52:39,2025-08-29 17:52:39,4.0
2594,14.0,10,3,resolvido,2026-02-27 11:09:26,2026-03-04 11:09:26,5.0
2595,33.0,2,2,em_andamento,2026-05-25 09:27:35,,
2596,24.0,7,4,em_andamento,2025-09-22 03:25:48,,
2597,50.0,7,2,aberto,2026-07-22 06:12:03,,
2598,18.0,7,2,resolvido,2025-12-04 17:03:56,2025-12-05 17:03:56,1.0
2599,37.0,2,2,cancelado,2025-12-28 08:31:51,,
2600,7.0,2,2,aberto,2025-09-28 00:11:38,,
2601,30.0,3,3,aberto,2025-11-30 17:04:57,,
2602,31.0,9,4,resolvido,2025-12-27 10:30:00,2026-01-02 10:30:00,6.0
2603,6.0,6,4,em_andamento,2025-12-29 16:57:14,,
2604,10.0,7,4,resolvido,2025-12-31 13:58:45,2026-01-16 13:58:45,16.0
2605,4.0,8,3,resolvido,2026-06-21 07:08:54,2026-07-02 07:08:54,11.0
2606,47.0,7,2,resolvido,2026-07-27 14:32:15,2026-08-06 14:32:15,10.0
2607,13.0,7,2,resolvido,2026-01-31 00:40:42,2026-02-02 00:40:42,2.0
2608,28.0,2,1,em_andamento,2026-07-16 16:08:29,,
2609,8.0,4,1,aberto,2025-10-25 03:19:30,,
2610,3.0,10,3,em_andamento,2026-03-14 09:28:34,,
2611,5.0,9,1,resolvido,2026-05-04 01:16:31,2026-05-10 01:16:31,6.0
2612,15.0,10,4,cancelado,2025-11-02 22:36:51,,
2613,26.0,2,2,resolvido,2025-11-11 14:16:08,2025-11-15 14:16:08,4.0
2614,14.0,6,3,resolvido,2026-02-23 03:35:01,2026-03-02 03:35:01,7.0
2615,47.0,1,1,em_andamento,2026-04-04 12:34:50,,
2616,33.0,10,4,resolvido,2026-05-19 00:16:16,2026-05-29 00:16:16,10.0
2617,11.0,6,1,em_andamento,2025-11-04 22:16:31,,
2618,12.0,6,4,em_andamento,2025-12-22 20:08:34,,
2619,1.0,8,4,resolvido,2025-12-03 01:14:38,2025-12-05 01:14:38,2.0
2620,2.0,3,3,aberto,2025-10-05 13:34:50,,
2621,11.0,1,3,cancelado,2026-06-08 02:09:20,,
2622,38.0,1,4,em_andamento,2026-03-30 11:23:42,,
2623,31.0,2,1,aberto,2026-06-21 02:59:16,,
2624,37.0,5,2,em_andamento,2025-11-25 09:58:12,,
2625,49.0,3,1,aberto,2026-06-19 08:15:22,,
2626,20.0,6,4,cancelado,2025-08-09 18:42:25,,
2627,48.0,6,3,cancelado,2026-01-09 15:47:19,,
2628,17.0,6,4,aberto,2026-02-10 14:13:34,,
2629,23.0,5,3,cancelado,2026-04-12 11:10:00,,
2630,8.0,5,1,em_andamento,2025-12-10 13:36:20,,
2631,27.0,4,2,resolvido,2026-06-25 23:01:48,2026-06-29 23:01:48,4.0
2632,48.0,7,3,em_andamento,2025-08-20 20:34:46,,
2633,48.0,2,2,cancelado,2025-09-20 11:59:30,,
2634,41.0,2,3,cancelado,2026-07-06 08:55:03,,
2635,34.0,3,3,resolvido,2026-06-04 22:51:48,2026-06-11 22:51:48,7.0
2636,22.0,7,4,resolvido,2026-03-12 09:07:20,2026-03-18 09:07:20,6.0
2637,34.0,6,1,cancelado,2025-10-04 02:05:48,,
2638,30.0,10,3,resolvido,2026-04-03 03:49:36,2026-04-11 03:49:36,8.0
2639,8.0,1,4,em_andamento,2025-12-26 08:59:25,,
2640,30.0,3,3,em_andamento,2026-07-27 08:27:46,,
2641,20.0,8,3,aberto,2025-12-12 04:44:06,,
2642,19.0,1,4,aberto,2025-08-23 03:08:03,,
2643,14.0,5,1,aberto,2025-11-19 21:03:04,,
2644,32.0,5,1,cancelado,2026-05-30 19:05:52,,
2645,23.0,1,1,resolvido,2026-07-15 04:04:58,2026-07-27 04:04:58,12.0
2646,33.0,9,2,aberto,2025-11-08 15:42:51,,
2647,46.0,5,2,em_andamento,2025-08-17 19:50:40,,
2648,28.0,10,1,resolvido,2025-11-13 02:27:21,2025-11-26 02:27:21,13.0
2649,15.0,1,4,resolvido,2025-11-18 02:47:20,2025-11-25 02:47:20,7.0
2650,25.0,7,4,aberto,2026-06-16 13:17:40,,
2651,17.0,5,3,em_andamento,2025-12-26 09:52:46,,
2652,37.0,7,3,em_andamento,2025-12-24 14:37:18,,
2653,44.0,4,3,em_andamento,2025-10-10 17:00:54,,
2654,27.0,9,2,resolvido,2025-09-21 12:55:27,2025-10-04 12:55:27,13.0
2655,20.0,2,3,cancelado,2026-02-05 02:08:46,,
2656,35.0,3,4,cancelado,2025-11-23 07:02:03,,
2657,7.0,3,4,resolvido,2025-08-10 03:03:12,2025-08-11 03:03:12,1.0
2658,23.0,8,3,cancelado,2026-05-21 23:54:11,,
2659,30.0,7,4,cancelado,2026-03-04 21:43:41,,
2660,2.0,9,1,cancelado,2025-12-21 16:18:15,,
2661,6.0,3,3,em_andamento,2026-03-07 06:35:27,,
2662,38.0,9,3,em_andamento,2025-11-25 21:44:12,,
2663,40.0,9,3,aberto,2026-02-24 05:34:11,,
2664,49.0,7,2,cancelado,2026-07-02 12:48:13,,
2665,43.0,1,4,cancelado,2025-08-20 14:02:47,,
2666,4.0,2,1,resolvido,2026-07-17 13:40:53,2026-07-23 13:40:53,6.0
2667,42.0,2,3,aberto,2025-09-19 21:49:21,,
2668,19.0,10,4,resolvido,2026-07-17 11:31:35,2026-07-25 11:31:35,8.0
2669,38.0,9,1,em_andamento,2025-10-30 11:19:39,,
2670,34.0,3,4,em_andamento,2025-08-01 09:18:58,,
2671,15.0,3,3,resolvido,2026-02-04 13:28:27,2026-02-09 13:28:27,5.0
2672,47.0,1,4,em_andamento,2025-09-25 23:49:48,,
2673,8.0,2,1,em_andamento,2026-05-10 18:37:28,,
2674,39.0,2,1,em_andamento,2025-08-26 06:11:31,,
2675,14.0,2,4,aberto,2025-12-11 15:36:01,,
2676,33.0,8,4,aberto,2026-04-06 10:03:57,,
2677,8.0,5,4,cancelado,2025-11-04 21:10:51,,
2678,12.0,4,3,cancelado,2026-04-03 04:12:38,,
2679,43.0,10,1,cancelado,2026-01-26 05:00:50,,
2680,10.0,1,2,em_andamento,2026-07-23 20:03:41,,
2681,48.0,4,2,em_andamento,2025-12-02 06:04:43,,
2682,31.0,8,3,resolvido,2026-03-04 03:34:54,2026-03-05 03:34:54,1.0
2683,32.0,6,3,cancelado,2025-11-06 09:32:12,,
2684,25.0,2,4,cancelado,2026-06-02 12:50:41,,
2685,28.0,3,1,resolvido,2026-04-20 10:24:52,2026-04-21 10:24:52,1.0
2686,30.0,2,4,aberto,2026-04-25 12:02:06,,
2687,38.0,5,1,cancelado,2026-04-15 17:26:31,,
2688,3.0,6,2,cancelado,2026-03-10 10:51:50,,
2689,47.0,8,3,aberto,2026-02-07 03:43:52,,
2690,11.0,6,2,resolvido,2026-05-20 05:06:41,2026-05-30 05:06:41,10.0
2691,33.0,2,2,em_andamento,2025-12-31 17:32:35,,
2692,23.0,10,3,cancelado,2026-01-01 17:24:14,,
2693,46.0,3,3,resolvido,2026-05-24 07:52:27,2026-05-28 07:52:27,4.0
2694,26.0,2,4,cancelado,2026-03-13 00:44:13,,
2695,31.0,10,2,resolvido,2026-07-02 03:18:14,2026-07-11 03:18:14,9.0
2696,38.0,6,4,aberto,2026-03-05 12:48:33,,
2697,3.0,1,2,em_andamento,2025-11-12 23:01:40,,
2698,7.0,2,4,cancelado,2026-04-08 23:31:03,,
2699,21.0,4,2,aberto,2026-06-10 18:04:53,,
2700,12.0,7,4,aberto,2025-11-16 04:42:27,,
2701,4.0,10,3,aberto,2026-01-27 11:54:29,,
2702,3.0,2,4,resolvido,2026-01-21 10:32:13,2026-01-30 10:32:13,9.0
2703,39.0,1,2,resolvido,2026-05-26 06:48:38,2026-06-05 06:48:38,10.0
2704,9.0,10,2,em_andamento,2025-12-26 02:05:35,,
2705,17.0,8,4,resolvido,2025-11-04 15:46:49,2025-11-13 15:46:49,9.0
2706,15.0,4,2,cancelado,2026-06-10 16:34:57,,
2707,34.0,4,1,aberto,2026-04-11 02:12:57,,
2708,41.0,2,2,aberto,2026-02-23 05:08:14,,
2709,9.0,1,3,cancelado,2025-10-08 08:48:48,,
2710,37.0,9,1,resolvido,2026-07-13 23:45:05,2026-07-22 23:45:05,9.0
2711,47.0,9,4,em_andamento,2026-07-20 00:06:51,,
2712,14.0,10,4,resolvido,2025-08-11 13:40:00,2025-08-23 13:40:00,12.0
2713,23.0,10,2,aberto,2026-01-30 23:20:23,,
2714,29.0,7,4,aberto,2026-04-17 21:32:07,,
2715,37.0,2,2,resolvido,2026-06-26 16:24:40,2026-07-06 16:24:40,10.0
2716,4.0,10,3,aberto,2026-04-13 23:16:43,,
2717,15.0,5,3,cancelado,2026-05-07 18:29:12,,
2718,46.0,6,1,em_andamento,2026-01-26 00:28:12,,
2719,19.0,2,2,resolvido,2025-10-01 13:31:30,2025-10-10 13:31:30,9.0
2720,26.0,10,1,aberto,2025-11-24 04:36:27,,
2721,38.0,8,3,aberto,2025-08-17 04:18:31,,
2722,3.0,6,4,resolvido,2026-05-10 03:07:29,2026-05-19 03:07:29,9.0
2723,4.0,3,2,resolvido,2026-04-09 08:01:00,2026-04-23 08:01:00,14.0
2724,49.0,1,2,cancelado,2026-04-30 09:32:35,,
2725,5.0,10,1,resolvido,2025-11-02 21:25:08,2025-11-18 21:25:08,16.0
2726,39.0,10,1,cancelado,2026-02-11 05:44:59,,
2727,9.0,5,1,aberto,2026-02-05 20:37:32,,
2728,3.0,8,2,resolvido,2026-07-23 12:46:01,2026-07-28 12:46:01,5.0
2729,28.0,8,3,em_andamento,2026-03-23 19:43:37,,
2730,2.0,1,1,em_andamento,2026-07-19 06:32:04,,
2731,35.0,10,4,aberto,2025-11-19 14:10:38,,
2732,36.0,8,1,cancelado,2026-04-27 19:28:36,,
2733,50.0,7,2,cancelado,2025-09-18 07:24:13,,
2734,45.0,7,2,aberto,2025-10-13 05:25:23,,
2735,29.0,2,3,resolvido,2026-03-29 14:30:42,2026-04-06 14:30:42,8.0
2736,4.0,4,2,aberto,2026-02-28 06:23:13,,
2737,38.0,1,2,cancelado,2026-07-13 14:35:50,,
2738,48.0,9,1,aberto,2026-01-25 00:15:15,,
2739,47.0,4,1,aberto,2025-12-21 18:43:39,,
2740,4.0,3,4,em_andamento,2025-12-01 03:38:55,,
2741,19.0,1,3,resolvido,2026-07-19 19:00:53,2026-07-30 19:00:53,11.0
2742,39.0,4,3,em_andamento,2026-06-12 02:55:11,,
2743,39.0,7,4,aberto,2025-08-05 00:29:51,,
2744,43.0,2,1,resolvido,2025-12-12 18:06:59,2025-12-21 18:06:59,9.0
2745,46.0,6,2,cancelado,2026-06-16 09:24:29,,
2746,46.0,5,3,resolvido,2026-03-28 17:48:25,2026-04-02 17:48:25,5.0
2747,42.0,4,3,resolvido,2025-12-31 14:34:09,2026-01-05 14:34:09,5.0
2748,4.0,6,4,cancelado,2026-02-10 20:02:43,,
2749,18.0,2,2,em_andamento,2025-12-07 05:49:05,,
2750,34.0,4,3,em_andamento,2026-02-15 15:38:14,,
2751,8.0,6,2,aberto,2026-06-07 15:52:38,,
2752,16.0,8,4,aberto,2025-10-22 23:41:21,,
2753,2.0,8,1,resolvido,2025-11-25 15:58:11,2025-11-27 15:58:11,2.0
2754,18.0,10,4,resolvido,2026-06-27 12:39:27,2026-07-04 12:39:27,7.0
2755,18.0,10,4,cancelado,2025-09-07 20:07:52,,
2756,2.0,7,4,cancelado,2026-01-27 07:31:19,,
2757,3.0,4,2,cancelado,2026-01-03 22:29:43,,
2758,12.0,7,1,resolvido,2025-11-25 04:33:25,2025-11-30 04:33:25,5.0
2759,3.0,9,3,aberto,2025-11-29 17:56:38,,
2760,39.0,6,3,em_andamento,2026-06-11 02:58:00,,
2761,49.0,1,3,cancelado,2026-06-16 18:06:50,,
2762,28.0,1,1,cancelado,2025-09-05 19:13:05,,
2763,47.0,5,4,cancelado,2025-12-08 10:08:11,,
2764,37.0,10,3,em_andamento,2025-08-25 15:25:41,,
2765,25.0,8,2,em_andamento,2026-01-20 22:45:09,,
2766,1.0,5,3,aberto,2026-01-09 13:06:50,,
2767,16.0,9,3,resolvido,2026-01-23 20:04:55,2026-01-28 20:04:55,5.0
2768,18.0,6,3,resolvido,2025-11-02 13:53:46,2025-11-08 13:53:46,6.0
2769,42.0,10,1,aberto,2026-06-16 21:41:16,,
2770,20.0,10,3,resolvido,2026-03-06 03:14:13,2026-03-15 03:14:13,9.0
2771,2.0,8,1,cancelado,2025-09-07 07:26:02,,
2772,3.0,6,4,em_andamento,2025-12-15 06:52:23,,
2773,27.0,1,1,resolvido,2026-06-18 04:12:56,2026-06-21 04:12:56,3.0
2774,40.0,9,3,aberto,2025-12-16 22:46:03,,
2775,29.0,3,3,resolvido,2026-04-20 18:14:37,2026-04-26 18:14:37,6.0
2776,15.0,3,2,aberto,2026-07-23 20:45:40,,
2777,15.0,2,1,em_andamento,2025-08-05 11:25:08,,
2778,44.0,9,4,resolvido,2025-10-20 16:25:40,2025-10-31 16:25:40,11.0
2779,3.0,9,2,aberto,2026-03-07 13:19:34,,
2780,46.0,5,3,aberto,2025-11-26 01:29:28,,
2781,44.0,6,1,em_andamento,2025-09-21 19:18:36,,
2782,23.0,2,1,cancelado,2026-03-26 07:44:35,,
2783,8.0,9,1,em_andamento,2026-01-11 06:46:28,,
2784,14.0,6,3,cancelado,2025-12-28 21:44:15,,
2785,5.0,7,3,em_andamento,2025-08-30 17:39:33,,
2786,2.0,6,3,resolvido,2026-04-19 05:36:48,2026-05-04 05:36:48,15.0
2787,24.0,8,3,aberto,2026-05-18 18:27:15,,
2788,11.0,6,1,resolvido,2026-04-04 13:45:18,2026-04-09 13:45:18,5.0
2789,10.0,10,1,aberto,2026-01-14 01:04:14,,
2790,39.0,4,3,resolvido,2025-11-24 19:17:51,2025-12-04 19:17:51,10.0
2791,38.0,1,2,cancelado,2025-10-24 19:48:41,,
2792,49.0,2,1,em_andamento,2026-02-20 11:29:51,,
2793,37.0,9,4,aberto,2025-08-31 11:30:36,,
2794,34.0,1,4,cancelado,2026-02-05 17:04:35,,
2795,21.0,5,2,resolvido,2026-03-01 12:15:54,2026-03-06 12:15:54,5.0
2796,16.0,6,2,resolvido,2026-03-11 06:54:56,2026-03-18 06:54:56,7.0
2797,8.0,4,4,cancelado,2026-03-30 23:36:41,,
2798,24.0,2,3,aberto,2025-08-18 21:12:59,,
2799,24.0,8,2,cancelado,2026-06-11 21:03:16,,
2800,27.0,4,2,em_andamento,2026-05-13 13:08:53,,
2801,50.0,7,2,resolvido,2025-12-27 15:54:24,2026-01-06 15:54:24,10.0
2802,19.0,6,3,aberto,2025-10-12 22:12:18,,
2803,6.0,7,4,em_andamento,2025-08-12 15:04:57,,
2804,37.0,8,2,em_andamento,2025-12-06 01:23:16,,
2805,30.0,1,2,aberto,2025-11-08 05:33:38,,
2806,27.0,5,4,aberto,2025-10-05 17:20:50,,
2807,9.0,1,4,aberto,2026-01-21 06:23:31,,
2808,45.0,3,1,em_andamento,2025-11-20 23:33:09,,
2809,33.0,9,4,cancelado,2026-07-02 02:37:56,,
2810,23.0,3,4,em_andamento,2025-08-31 03:11:12,,
2811,46.0,5,1,resolvido,2025-09-24 04:36:23,2025-10-07 04:36:23,13.0
2812,38.0,10,1,aberto,2026-04-17 20:40:20,,
2813,5.0,6,4,cancelado,2026-01-29 06:33:54,,
2814,41.0,8,4,resolvido,2026-03-26 23:47:49,2026-03-27 23:47:49,1.0
2815,49.0,8,2,em_andamento,2026-01-18 01:08:27,,
2816,47.0,10,1,em_andamento,2025-08-23 19:31:40,,
2817,1.0,10,3,cancelado,2026-07-15 03:02:36,,
2818,25.0,6,4,em_andamento,2025-11-11 19:55:44,,
2819,33.0,10,3,aberto,2026-05-16 03:30:04,,
2820,15.0,5,4,resolvido,2026-03-23 01:20:43,2026-04-03 01:20:43,11.0
2821,34.0,10,4,resolvido,2026-04-14 10:03:36,2026-04-22 10:03:36,8.0
2822,21.0,7,3,em_andamento,2025-11-01 09:33:36,,
2823,10.0,1,2,cancelado,2025-10-02 02:31:35,,
2824,34.0,5,3,aberto,2025-10-06 17:51:22,,
2825,23.0,5,2,aberto,2026-02-06 17:37:26,,
2826,19.0,5,4,cancelado,2026-07-04 01:00:43,,
2827,15.0,3,3,resolvido,2026-07-26 13:37:20,2026-08-08 13:37:20,13.0
2828,15.0,5,2,aberto,2025-12-17 23:18:20,,
2829,14.0,9,2,aberto,2025-08-09 22:58:49,,
2830,39.0,1,2,aberto,2025-09-04 05:36:55,,
2831,32.0,1,3,em_andamento,2026-03-12 15:46:09,,
2832,19.0,10,4,cancelado,2026-01-03 02:13:54,,
2833,34.0,3,4,resolvido,2025-12-02 23:47:02,2025-12-08 23:47:02,6.0
2834,8.0,2,4,cancelado,2026-06-13 02:22:10,,
2835,32.0,5,1,em_andamento,2026-07-14 09:22:55,,
2836,18.0,2,3,aberto,2025-08-07 21:52:45,,
2837,48.0,4,1,resolvido,2026-05-04 22:35:51,2026-05-12 22:35:51,8.0
2838,30.0,9,1,resolvido,2026-04-24 10:42:31,2026-05-04 10:42:31,10.0
2839,3.0,7,1,resolvido,2025-11-07 12:44:11,2025-11-15 12:44:11,8.0
2840,41.0,1,1,em_andamento,2025-08-28 13:27:09,,
2841,9.0,10,4,em_andamento,2025-12-09 00:04:03,,
2842,44.0,4,3,cancelado,2026-05-04 07:41:54,,
2843,10.0,8,2,cancelado,2026-05-07 10:00:51,,
2844,19.0,3,2,aberto,2026-06-22 03:09:58,,
2845,34.0,4,1,cancelado,2025-09-02 16:06:50,,
2846,5.0,8,2,em_andamento,2025-11-22 09:43:25,,
2847,3.0,7,3,cancelado,2026-04-03 22:43:26,,
2848,41.0,10,2,resolvido,2025-08-25 18:45:11,2025-09-05 18:45:11,11.0
2849,31.0,9,2,resolvido,2026-07-12 11:20:54,2026-07-23 11:20:54,11.0
2850,43.0,8,4,cancelado,2026-05-08 15:13:04,,
2851,39.0,6,4,resolvido,2026-06-12 09:42:45,2026-06-13 09:42:45,1.0
2852,7.0,4,1,resolvido,2025-09-29 09:20:19,2025-10-02 09:20:19,3.0
2853,16.0,7,1,em_andamento,2026-01-24 15:19:38,,
2854,30.0,6,1,resolvido,2026-01-26 01:41:31,2026-02-04 01:41:31,9.0
2855,45.0,7,2,cancelado,2026-03-12 04:04:43,,
2856,32.0,10,4,em_andamento,2025-09-17 00:11:38,,
2857,2.0,5,3,em_andamento,2025-10-25 20:35:24,,
2858,27.0,1,3,resolvido,2026-06-26 16:59:29,2026-07-01 16:59:29,5.0
2859,29.0,7,4,resolvido,2025-09-17 01:51:38,2025-09-20 01:51:38,3.0
2860,4.0,5,4,em_andamento,2025-12-16 03:25:20,,
2861,22.0,1,3,cancelado,2025-10-09 21:53:57,,
2862,27.0,4,2,em_andamento,2025-11-24 17:33:17,,
2863,50.0,2,3,em_andamento,2025-10-28 04:52:47,,
2864,39.0,9,1,aberto,2026-03-14 04:51:35,,
2865,25.0,2,3,resolvido,2026-02-22 17:31:13,2026-03-01 17:31:13,7.0
2866,42.0,1,2,resolvido,2026-07-27 05:35:44,2026-07-28 05:35:44,1.0
2867,35.0,4,2,cancelado,2025-08-27 18:02:34,,
2868,46.0,4,3,em_andamento,2026-02-09 20:20:39,,
2869,24.0,6,4,em_andamento,2025-08-11 12:03:29,,
2870,36.0,4,1,aberto,2025-11-03 21:54:29,,
2871,2.0,9,1,cancelado,2026-03-13 21:20:19,,
2872,32.0,1,2,resolvido,2025-12-01 13:44:58,2025-12-07 13:44:58,6.0
2873,50.0,4,1,resolvido,2026-07-19 21:17:23,2026-07-28 21:17:23,9.0
2874,48.0,2,4,cancelado,2026-05-27 20:03:33,,
2875,9.0,5,1,aberto,2025-09-08 18:54:07,,
2876,5.0,9,4,aberto,2026-06-04 20:42:00,,
2877,1.0,9,2,aberto,2025-09-03 22:31:52,,
2878,48.0,10,4,em_andamento,2025-08-18 19:59:43,,
2879,39.0,5,3,cancelado,2026-04-07 22:39:04,,
2880,33.0,1,3,resolvido,2026-02-28 20:25:52,2026-03-05 20:25:52,5.0
2881,42.0,10,4,cancelado,2026-02-12 13:33:50,,
2882,19.0,7,1,em_andamento,2026-06-11 19:13:13,,
2883,27.0,9,3,cancelado,2026-02-13 00:18:42,,
2884,19.0,9,2,cancelado,2025-08-16 14:59:41,,
2885,2.0,8,4,resolvido,2026-04-24 03:48:06,2026-05-01 03:48:06,7.0
2886,49.0,9,1,cancelado,2025-10-29 01:06:42,,
2887,15.0,10,1,cancelado,2026-06-17 06:57:31,,
2888,50.0,4,4,resolvido,2025-09-18 03:15:33,2025-09-23 03:15:33,5.0
2889,20.0,6,2,aberto,2026-03-16 07:25:56,,
2890,7.0,9,2,em_andamento,2026-03-10 13:29:42,,
2891,32.0,10,2,aberto,2026-02-05 13:36:29,,
2892,10.0,7,4,em_andamento,2025-10-07 22:33:25,,
2893,4.0,8,3,cancelado,2026-04-10 14:50:06,,
2894,20.0,6,2,aberto,2025-11-29 13:49:50,,
2895,21.0,10,4,aberto,2025-09-13 14:49:19,,
2896,18.0,4,4,cancelado,2025-10-09 15:38:20,,
2897,21.0,4,3,cancelado,2026-06-23 18:36:14,,
2898,46.0,8,1,aberto,2026-07-16 22:20:38,,
2899,28.0,2,4,em_andamento,2026-06-24 15:45:53,,
2900,49.0,1,2,aberto,2026-01-07 12:49:35,,
2901,11.0,4,4,aberto,2025-10-22 15:28:44,,
2902,3.0,7,4,em_andamento,2025-09-09 05:14:16,,
2903,41.0,9,4,em_andamento,2025-12-05 07:59:43,,
2904,48.0,9,4,cancelado,2025-12-05 17:39:05,,
2905,1.0,5,1,cancelado,2026-06-24 22:45:16,,
2906,19.0,5,3,resolvido,2026-05-18 17:01:24,2026-05-25 17:01:24,7.0
2907,37.0,3,2,resolvido,2025-09-01 07:14:10,2025-09-05 07:14:10,4.0
2908,40.0,6,3,Em Andamento,2026-05-28 20:21:50,,
2909,30.0,4,3,em_andamento,2026-06-30 21:41:17,,
2910,11.0,9,4,aberto,2025-12-24 21:15:52,,
2911,21.0,7,2,em_andamento,2026-01-01 14:03:24,,
2912,31.0,2,1,resolvido,2025-08-17 07:55:56,2025-08-23 07:55:56,6.0
2913,45.0,4,2,aberto,2026-02-18 12:37:17,,
2914,35.0,8,3,aberto,2025-11-22 21:22:51,,
2915,4.0,10,4,em_andamento,2025-09-19 07:31:45,,
2916,5.0,6,2,resolvido,2025-10-12 07:32:50,2025-10-13 07:32:50,1.0
2917,18.0,5,4,resolvido,2026-03-06 17:31:55,2026-03-07 17:31:55,1.0
2918,24.0,10,4,resolvido,2025-12-25 19:54:17,2025-12-26 19:54:17,1.0
2919,13.0,2,2,aberto,2025-10-20 06:07:26,,
2920,47.0,4,3,em_andamento,2026-07-16 06:24:10,,
2921,17.0,10,1,em_andamento,2026-05-10 00:14:00,,
2922,34.0,10,4,resolvido,2026-05-02 05:37:31,2026-05-06 05:37:31,4.0
2923,37.0,10,3,cancelado,2025-08-28 19:13:10,,
2924,14.0,3,1,em_andamento,2026-06-30 23:11:54,,
2925,14.0,2,2,em_andamento,2026-07-20 07:16:25,,
2926,11.0,8,1,resolvido,2026-06-01 19:20:58,2026-06-17 19:20:58,16.0
2927,9.0,9,4,cancelado,2026-05-01 21:58:44,,
2928,43.0,8,3,resolvido,2026-02-16 08:36:30,2026-02-27 08:36:30,11.0
2929,33.0,2,2,cancelado,2026-01-04 20:28:56,,
2930,25.0,7,4,resolvido,2026-02-23 04:44:05,2026-02-28 04:44:05,5.0
2931,34.0,2,2,em_andamento,2026-06-07 12:17:08,,
2932,41.0,5,2,cancelado,2026-01-19 02:35:02,,
2933,36.0,8,4,resolvido,2026-03-23 05:04:15,2026-04-03 05:04:15,11.0
2934,44.0,2,4,resolvido,2026-01-17 17:05:45,2026-01-27 17:05:45,10.0
2935,30.0,6,4,em_andamento,2026-03-31 19:47:31,,
2936,40.0,9,2,cancelado,2026-03-15 19:03:55,,
2937,24.0,3,1,em_andamento,2026-05-18 02:45:30,,
2938,29.0,6,2,aberto,2025-11-30 05:52:26,,
2939,38.0,5,3,aberto,2025-11-10 04:02:01,,
2940,24.0,5,1,resolvido,2026-07-05 20:08:44,2026-07-19 20:08:44,14.0
2941,3.0,5,4,cancelado,2025-11-25 09:04:15,,
2942,3.0,5,3,aberto,2025-08-19 07:37:03,,
2943,37.0,1,4,cancelado,2025-10-06 15:21:27,,
2944,32.0,3,4,aberto,2025-08-29 06:04:04,,
2945,3.0,6,1,em_andamento,2026-07-04 20:30:45,,
2946,46.0,3,2,aberto,2026-03-07 15:50:22,,
2947,27.0,2,1,cancelado,2025-12-22 08:21:44,,
2948,41.0,1,3,aberto,2026-06-06 23:00:46,,
2949,35.0,5,2,aberto,2026-06-17 20:27:10,,
2950,22.0,6,2,resolvido,2025-09-10 06:07:41,2025-09-11 06:07:41,1.0
2951,26.0,7,1,aberto,2026-06-11 08:27:44,,
2952,13.0,9,2,resolvido,2026-06-16 15:06:58,2026-06-22 15:06:58,6.0
2953,6.0,3,4,aberto,2026-04-26 19:22:38,,
2954,18.0,10,2,cancelado,2026-01-23 14:01:32,,
2955,12.0,1,3,resolvido,2026-05-13 05:00:01,2026-05-18 05:00:01,5.0
2956,30.0,10,1,cancelado,2026-03-26 08:59:13,,
2957,6.0,2,1,em_andamento,2026-02-16 12:27:47,,
2958,47.0,2,2,resolvido,2026-04-08 11:34:38,2026-04-14 11:34:38,6.0
2959,38.0,1,2,aberto,2026-03-28 23:52:02,,
2960,14.0,6,4,aberto,2026-03-26 10:51:49,,
2961,47.0,4,3,em_andamento,2026-01-02 11:11:21,,
2962,48.0,3,3,aberto,2026-01-06 03:56:37,,
2963,25.0,5,2,resolvido,2026-01-30 15:36:36,2026-02-08 15:36:36,9.0
2964,15.0,4,3,em_andamento,2025-10-18 13:20:37,,
2965,12.0,5,3,cancelado,2025-10-10 13:13:48,,
2966,17.0,2,4,resolvido,2026-03-01 05:26:59,2026-03-10 05:26:59,9.0
2967,38.0,6,3,cancelado,2025-12-17 02:58:26,,
2968,41.0,3,1,cancelado,2025-11-07 18:11:39,,
2969,10.0,9,2,cancelado,2025-08-06 09:00:57,,
2970,23.0,5,2,resolvido,2026-07-06 01:21:56,2026-07-11 01:21:56,5.0
2971,48.0,5,1,em_andamento,2026-07-07 06:00:10,,
2972,17.0,4,4,resolvido,2026-01-10 17:48:57,2026-01-12 17:48:57,2.0
2973,3.0,2,2,cancelado,2026-01-28 22:44:56,,
2974,9.0,8,3,resolvido,2025-11-14 04:11:00,2025-11-15 04:11:00,1.0
2975,3.0,6,1,resolvido,2025-09-03 03:14:49,2025-09-07 03:14:49,4.0
2976,1.0,3,4,cancelado,2026-01-31 12:01:22,,
2977,22.0,6,1,em_andamento,2026-05-26 23:04:24,,
2978,23.0,5,2,cancelado,2025-08-02 01:38:07,,
2979,35.0,3,1,cancelado,2025-11-10 21:07:50,,
2980,40.0,8,4,cancelado,2026-05-17 20:14:08,,
2981,31.0,4,3,resolvido,2025-12-20 04:45:26,2025-12-23 04:45:26,3.0
2982,26.0,5,1,em_andamento,2026-05-07 08:57:09,,
2983,49.0,9,1,cancelado,2026-04-28 00:48:00,,
2984,28.0,5,4,aberto,2025-12-29 09:40:11,,
2985,11.0,9,2,resolvido,2026-02-22 22:33:02,2026-02-26 22:33:02,4.0
2986,39.0,9,2,em_andamento,2026-01-16 12:54:28,,
2987,9.0,6,1,aberto,2026-01-04 18:03:55,,
2988,20.0,3,3,cancelado,2026-04-13 04:34:32,,
2989,26.0,3,4,aberto,2025-10-05 12:47:51,,
2990,43.0,3,2,em_andamento,2026-04-19 22:23:08,,
2991,20.0,5,1,em_andamento,2025-12-27 04:15:28,,
2992,16.0,4,4,aberto,2026-03-26 09:59:01,,
2993,47.0,4,2,resolvido,2026-02-05 07:30:03,2026-02-14 07:30:03,9.0
2994,7.0,8,4,em_andamento,2026-01-19 01:43:17,,
2995,31.0,7,4,em_andamento,2026-07-04 05:23:37,,
2996,49.0,2,4,em_andamento,2025-12-26 13:14:20,,
2997,21.0,3,4,resolvido,2026-01-11 06:07:45,2026-01-18 06:07:45,7.0
2998,19.0,7,4,aberto,2026-01-29 19:03:37,,
2999,23.0,8,1,em_andamento,2026-05-19 03:00:42,,
3000,39.0,3,2,resolvido,2026-02-17 03:30:43,2026-02-20 03:30:43,3.0
3001,1.0,10,4,aberto,2026-07-03 19:28:21,,
3002,42.0,4,2,cancelado,2026-05-19 18:56:45,,
3003,13.0,1,2,resolvido,2026-03-27 05:46:21,2026-04-06 05:46:21,10.0
3004,28.0,2,3,cancelado,2025-12-20 01:47:55,,
3005,42.0,3,4,em_andamento,2026-02-23 02:22:54,,
3006,19.0,5,4,cancelado,2026-05-27 08:35:32,,
3007,3.0,5,4,em_andamento,2026-02-20 02:49:06,,
3008,11.0,7,1,cancelado,2025-12-13 04:52:47,,
3009,6.0,6,1,cancelado,2025-12-23 06:20:57,,
3010,1.0,3,3,em_andamento,2025-09-07 16:12:57,,
3011,37.0,9,4,cancelado,2025-08-25 07:17:39,,
3012,1.0,8,4,cancelado,2026-01-30 14:55:38,,
3013,50.0,1,3,cancelado,2026-01-11 04:14:15,,
3014,17.0,2,4,resolvido,2026-01-03 18:44:45,2026-01-11 18:44:45,8.0
3015,35.0,6,1,em_andamento,2026-07-22 16:25:29,,
3016,28.0,9,4,aberto,2026-04-22 16:18:00,,
3017,10.0,1,3,resolvido,2026-03-29 02:42:48,2026-03-30 02:42:48,1.0
3018,13.0,9,4,cancelado,2025-09-29 18:54:16,,
3019,4.0,8,3,aberto,2025-12-13 01:28:44,,
3020,8.0,8,4,resolvido,2026-04-17 20:48:09,2026-04-29 20:48:09,12.0
3021,24.0,5,4,resolvido,2026-06-09 02:30:40,2026-06-17 02:30:40,8.0
3022,44.0,5,1,resolvido,2026-02-26 08:17:19,2026-03-06 08:17:19,8.0
3023,2.0,8,3,resolvido,2026-05-18 00:26:26,2026-05-28 00:26:26,10.0
3024,41.0,1,1,resolvido,2026-07-21 18:57:20,2026-07-27 18:57:20,6.0
3025,26.0,4,2,aberto,2026-01-03 10:09:31,,
3026,35.0,2,2,em_andamento,2025-09-11 14:04:48,,
3027,41.0,8,4,resolvido,2026-04-25 20:43:00,2026-04-27 20:43:00,2.0
3028,23.0,8,2,cancelado,2025-11-23 14:02:37,,
3029,3.0,2,3,resolvido,2026-04-12 04:02:49,2026-04-24 04:02:49,12.0
3030,47.0,2,4,aberto,2025-10-18 10:27:02,,
3031,22.0,5,4,cancelado,2026-05-26 07:53:14,,
3032,2.0,3,3,aberto,2025-11-05 04:18:42,,
3033,28.0,2,2,resolvido,2026-07-02 22:48:14,2026-07-10 22:48:14,8.0
3034,20.0,10,2,aberto,2025-09-07 22:35:55,,
3035,24.0,10,4,em_andamento,2026-05-30 19:13:22,,
3036,49.0,7,3,em_andamento,2026-02-01 04:48:16,,
3037,18.0,9,1,cancelado,2026-03-06 14:58:59,,
3038,12.0,5,3,aberto,2025-11-01 09:01:49,,
3039,27.0,4,1,cancelado,2025-09-10 03:44:25,,
3040,43.0,3,3,resolvido,2026-02-03 16:12:34,2026-02-04 16:12:34,1.0
3041,41.0,6,1,em_andamento,2025-09-21 01:05:11,,
3042,15.0,1,3,em_andamento,2025-10-17 10:48:15,,
3043,5.0,10,3,cancelado,2026-07-17 20:03:11,,
3044,38.0,7,3,cancelado,2025-09-10 05:09:40,,
3045,31.0,9,1,resolvido,2026-05-28 06:21:35,2026-06-05 06:21:35,8.0
3046,22.0,6,3,cancelado,2026-02-20 01:44:54,,
3047,10.0,8,4,em_andamento,2025-10-22 09:12:47,,
3048,35.0,3,4,resolvido,2025-08-05 15:34:17,2025-08-07 15:34:17,2.0
3049,37.0,2,4,resolvido,2025-09-16 05:34:56,2025-09-26 05:34:56,10.0
3050,6.0,4,3,resolvido,2026-05-11 02:03:51,2026-05-17 02:03:51,6.0
3051,44.0,8,1,em_andamento,2025-10-06 09:28:21,,
3052,40.0,10,2,resolvido,2026-04-23 09:05:15,2026-05-03 09:05:15,10.0
3053,37.0,7,4,aberto,2025-09-12 23:07:30,,
3054,49.0,5,4,em_andamento,2026-01-31 20:24:49,,
3055,25.0,9,2,cancelado,2025-12-17 03:46:26,,
3056,39.0,2,1,cancelado,2026-02-23 15:27:26,,
3057,14.0,4,1,resolvido,2025-11-21 21:31:37,2025-11-29 21:31:37,8.0
3058,50.0,7,4,resolvido,2026-05-24 13:27:04,2026-06-02 13:27:04,9.0
3059,49.0,4,4,resolvido,2026-06-05 19:33:06,2026-06-10 19:33:06,5.0
3060,7.0,6,4,em_andamento,2026-01-13 17:01:36,,
3061,26.0,8,4,resolvido,2026-02-14 10:21:02,2026-02-24 10:21:02,10.0
3062,29.0,3,2,cancelado,2026-02-01 03:16:42,,
3063,19.0,1,3,cancelado,2026-01-20 17:08:18,,
3064,42.0,3,1,cancelado,2026-07-13 18:25:05,,
3065,38.0,7,4,cancelado,2025-08-07 19:07:55,,
3066,13.0,1,2,em_andamento,2026-02-15 02:13:08,,
3067,40.0,10,1,cancelado,2026-01-08 02:38:34,,
3068,2.0,6,2,em_andamento,2026-04-21 06:33:18,,
3069,37.0,8,1,resolvido,2026-06-24 05:59:30,2026-07-06 05:59:30,12.0
3070,42.0,7,2,em_andamento,2026-07-17 04:28:22,,
3071,30.0,6,2,em_andamento,2025-11-25 15:24:05,,
3072,31.0,4,3,em_andamento,2026-06-28 13:58:44,,
3073,19.0,2,1,em_andamento,2025-12-31 06:37:51,,
3074,37.0,8,4,em_andamento,2026-03-21 15:56:46,,
3075,44.0,10,4,em_andamento,2025-09-12 10:13:08,,
3076,12.0,8,1,resolvido,2025-10-19 03:14:17,2025-10-26 03:14:17,7.0
3077,11.0,4,4,aberto,2026-06-05 00:11:59,,
3078,1.0,1,4,cancelado,2026-02-04 14:56:04,,
3079,25.0,2,4,resolvido,2025-11-18 02:29:15,2025-11-28 02:29:15,10.0
3080,46.0,10,1,cancelado,2025-09-12 19:06:25,,
3081,31.0,1,3,cancelado,2026-04-27 01:16:59,,
3082,47.0,1,3,cancelado,2025-11-06 05:44:01,,
3083,46.0,9,4,cancelado,2026-04-25 01:07:38,,
3084,8.0,2,2,resolvido,2025-10-26 08:19:47,2025-10-29 08:19:47,3.0
3085,49.0,10,1,em_andamento,2026-04-29 12:15:38,,
3086,24.0,7,3,em_andamento,2026-03-03 19:31:04,,
3087,16.0,8,2,resolvido,2026-05-11 23:29:27,2026-05-22 23:29:27,11.0
3088,5.0,8,4,em_andamento,2026-01-16 18:27:52,,
3089,49.0,5,3,resolvido,2026-06-11 17:29:54,2026-06-21 17:29:54,10.0
3090,45.0,8,3,cancelado,2025-11-30 20:42:34,,
3091,45.0,5,3,aberto,2025-10-29 04:30:49,,
3092,49.0,3,2,resolvido,2025-11-07 05:38:41,2025-11-22 05:38:41,15.0
3093,37.0,6,3,Em Andamento,2026-04-16 01:10:25,2026-04-24 01:10:25,8.0
3094,46.0,3,3,cancelado,2026-01-14 07:10:39,,
3095,46.0,8,3,em_andamento,2026-06-13 05:57:53,,
3096,48.0,3,2,resolvido,2025-11-05 09:47:13,2025-11-13 09:47:13,8.0
3097,15.0,1,2,resolvido,2025-08-10 13:40:56,2025-08-14 13:40:56,4.0
3098,10.0,10,1,resolvido,2026-05-27 15:39:50,2026-05-30 15:39:50,3.0
3099,34.0,7,4,em_andamento,2025-12-11 04:55:29,,
3100,23.0,3,3,resolvido,2025-12-25 19:28:46,2026-01-04 19:28:46,10.0
3101,25.0,8,2,cancelado,2025-12-02 16:03:00,,
3102,12.0,8,4,aberto,2025-08-05 17:13:09,,
3103,43.0,2,3,em_andamento,2025-12-14 02:35:27,,
3104,20.0,4,2,em_andamento,2025-09-14 10:44:58,,
3105,18.0,10,1,em_andamento,2026-07-21 23:35:21,,
3106,23.0,8,4,aberto,2025-10-25 17:55:12,,
3107,48.0,9,2,em_andamento,2026-01-01 07:43:38,,
3108,24.0,1,4,aberto,2025-08-20 19:30:26,,
3109,22.0,9,1,resolvido,2026-05-20 16:58:42,2026-05-22 16:58:42,2.0
3110,48.0,9,1,aberto,2025-12-01 20:11:00,,
3111,29.0,10,2,em_andamento,2026-03-15 09:35:51,,
3112,17.0,3,2,em_andamento,2026-07-17 06:39:13,,
3113,45.0,8,2,aberto,2025-10-23 13:19:33,,
3114,39.0,5,3,aberto,2025-08-12 17:44:39,,
3115,48.0,4,1,em_andamento,2026-03-18 11:32:02,,
3116,34.0,5,1,em_andamento,2025-12-16 15:50:07,,
3117,15.0,4,4,cancelado,2025-09-23 01:15:39,,
3118,7.0,9,1,resolvido,2025-12-13 18:53:24,2025-12-18 18:53:24,5.0
3119,41.0,2,2,cancelado,2025-08-02 23:31:16,,
3120,8.0,8,1,cancelado,2026-01-05 21:22:22,,
3121,13.0,2,2,cancelado,2025-11-23 15:13:25,,
3122,20.0,10,1,cancelado,2026-01-04 19:40:21,,
3123,8.0,8,2,cancelado,2026-05-01 13:52:13,,
3124,1.0,5,4,resolvido,2026-03-10 21:14:58,2026-03-14 21:14:58,4.0
3125,33.0,8,3,resolvido,2026-02-03 12:18:43,2026-02-10 12:18:43,7.0
3126,17.0,9,2,resolvido,2026-05-20 06:14:18,2026-05-26 06:14:18,6.0
3127,20.0,8,1,em_andamento,2026-01-18 19:29:08,,
3128,32.0,1,3,cancelado,2026-03-31 06:16:23,,
3129,32.0,3,2,aberto,2026-02-18 06:06:40,,
3130,49.0,7,3,aberto,2026-06-17 04:19:06,,
3131,29.0,6,2,em_andamento,2026-05-13 03:59:57,,
3132,50.0,2,2,em_andamento,2026-02-23 11:57:23,,
3133,20.0,9,3,resolvido,2025-08-03 16:19:06,2025-08-15 16:19:06,12.0
3134,50.0,9,4,aberto,2026-06-17 21:48:33,,
3135,44.0,5,2,em_andamento,2025-10-31 11:51:10,,
3136,21.0,3,2,cancelado,2026-06-29 14:28:50,,
3137,11.0,3,2,resolvido,2026-05-02 09:56:24,2026-05-19 09:56:24,17.0
3138,42.0,10,4,resolvido,2025-09-21 20:28:07,2025-09-24 20:28:07,3.0
3139,15.0,5,4,resolvido,2026-07-20 23:53:46,2026-07-24 23:53:46,4.0
3140,47.0,6,3,cancelado,2025-12-29 08:16:42,,
3141,20.0,7,4,cancelado,2026-04-20 06:55:27,,
3142,1.0,7,1,cancelado,2026-04-29 18:09:52,,
3143,23.0,3,4,resolvido,2025-09-29 17:00:03,2025-10-08 17:00:03,9.0
3144,2.0,4,2,resolvido,2025-12-07 22:03:34,2025-12-12 22:03:34,5.0
3145,21.0,7,4,resolvido,2025-10-13 07:47:05,2025-10-23 07:47:05,10.0
3146,36.0,9,2,em_andamento,2025-12-27 15:39:58,,
3147,40.0,9,4,resolvido,2026-06-07 13:40:53,2026-06-16 13:40:53,9.0
3148,21.0,8,4,aberto,2026-05-15 07:50:37,,
3149,50.0,7,4,em_andamento,2025-10-09 20:13:18,,
3150,18.0,10,4,aberto,2026-06-01 13:15:48,,
3151,7.0,1,3,resolvido,2026-07-06 00:53:15,2026-07-14 00:53:15,8.0
3152,35.0,6,4,resolvido,2025-12-26 05:42:43,2026-01-03 05:42:43,8.0
3153,48.0,2,3,cancelado,2025-09-10 10:00:34,,
3154,10.0,3,3,em_andamento,2025-10-27 23:52:19,,
3155,36.0,2,4,em_andamento,2026-01-26 05:36:03,,
3156,21.0,10,3,resolvido,2025-09-22 23:08:25,2025-09-30 23:08:25,8.0
3157,45.0,1,2,aberto,2026-02-28 05:13:01,,
3158,45.0,6,3,cancelado,2026-02-03 10:34:16,,
3159,48.0,4,2,resolvido,2026-03-03 01:15:34,2026-03-05 01:15:34,2.0
3160,22.0,4,3,resolvido,2026-03-31 20:12:30,2026-04-07 20:12:30,7.0
3161,39.0,1,2,aberto,2026-06-10 04:11:46,,
3162,42.0,7,4,cancelado,2026-05-25 05:41:08,,
3163,32.0,1,1,resolvido,2026-05-25 17:48:18,2026-06-05 17:48:18,11.0
3164,3.0,9,3,cancelado,2025-10-27 21:55:53,,
3165,19.0,10,3,aberto,2026-06-10 08:07:08,,
3166,48.0,2,1,aberto,2025-08-23 07:43:26,,
3167,35.0,3,1,cancelado,2025-11-01 02:07:05,,
3168,40.0,4,1,cancelado,2025-09-02 12:51:20,,
3169,18.0,8,4,em_andamento,2026-05-11 08:33:07,,
3170,42.0,6,1,em_andamento,2026-03-16 07:13:07,,
3171,42.0,10,3,cancelado,2025-08-01 10:32:12,,
3172,34.0,7,1,cancelado,2025-08-03 21:51:02,,
3173,37.0,5,1,cancelado,2026-04-29 00:14:13,,
3174,2.0,1,2,resolvido,2026-04-07 03:42:52,2026-04-14 03:42:52,7.0
3175,28.0,3,3,em_andamento,2026-03-16 22:33:08,,
3176,38.0,6,4,em_andamento,2026-04-27 19:15:46,,
3177,50.0,10,3,em_andamento,2025-10-24 02:06:49,,
3178,13.0,3,2,resolvido,2026-07-22 17:39:14,2026-07-29 17:39:14,7.0
3179,39.0,1,2,resolvido,2026-05-19 14:10:31,2026-05-26 14:10:31,7.0
3180,5.0,6,3,em_andamento,2026-07-09 13:36:13,,
3181,43.0,4,2,resolvido,2026-01-24 11:40:28,2026-02-06 11:40:28,13.0
3182,15.0,4,3,aberto,2026-02-09 04:03:37,,
3183,9.0,8,1,cancelado,2026-04-05 22:23:57,,
3184,2.0,8,2,cancelado,2025-08-24 14:22:36,,
3185,4.0,8,4,cancelado,2025-10-03 00:18:22,,
3186,13.0,4,4,aberto,2025-10-02 11:39:47,,
3187,6.0,3,1,em_andamento,2026-04-20 20:29:23,,
3188,49.0,4,1,cancelado,2026-01-24 01:36:51,,
3189,48.0,10,3,resolvido,2026-06-06 18:42:19,2026-06-23 18:42:19,17.0
3190,27.0,4,2,aberto,2025-10-01 14:01:06,,
3191,33.0,6,4,resolvido,2026-02-03 12:13:30,2026-02-04 12:13:30,1.0
3192,2.0,1,4,cancelado,2025-11-25 00:48:04,,
3193,26.0,2,3,resolvido,2025-10-25 16:01:45,2025-10-31 16:01:45,6.0
3194,20.0,2,4,resolvido,2026-07-16 19:49:57,2026-07-23 19:49:57,7.0
3195,42.0,7,4,aberto,2026-03-23 13:58:18,,
3196,18.0,6,1,em_andamento,2025-08-07 09:51:14,,
3197,16.0,3,1,em_andamento,2026-03-19 03:51:45,,
3198,34.0,3,2,cancelado,2025-08-22 13:38:16,,
3199,49.0,1,1,em_andamento,2025-12-01 15:39:12,,
3200,48.0,5,3,cancelado,2025-12-03 07:36:55,,
3201,11.0,7,2,em_andamento,2025-12-28 06:07:48,,
3202,34.0,3,2,resolvido,2025-11-02 12:16:12,2025-11-15 12:16:12,13.0
3203,8.0,3,1,cancelado,2026-02-04 14:57:10,,
3204,14.0,5,4,resolvido,2026-04-23 22:12:16,2026-05-02 22:12:16,9.0
3205,21.0,1,1,resolvido,2026-03-06 00:31:37,2026-03-11 00:31:37,5.0
3206,2.0,8,1,em_andamento,2026-04-04 06:41:25,,
3207,27.0,1,4,em_andamento,2025-12-17 13:19:31,,
3208,11.0,2,1,resolvido,2026-03-04 14:47:36,2026-03-12 14:47:36,8.0
3209,5.0,2,4,cancelado,2026-04-10 01:55:39,,
3210,27.0,9,4,em_andamento,2025-12-29 21:05:40,,
3211,39.0,1,3,cancelado,2025-11-07 11:22:25,,
3212,31.0,5,2,resolvido,2026-05-14 21:52:51,2026-05-19 21:52:51,5.0
3213,43.0,9,3,aberto,2026-01-07 17:51:47,,
3214,31.0,8,2,em_andamento,2026-05-13 03:00:52,,
3215,15.0,9,2,em_andamento,2026-01-16 19:38:00,,
3216,15.0,2,1,cancelado,2026-05-21 23:16:12,,
3217,19.0,10,1,em_andamento,2026-02-26 23:59:12,,
3218,15.0,5,2,resolvido,2025-08-23 16:05:53,2025-08-24 16:05:53,1.0
3219,43.0,10,3,em_andamento,2026-04-23 05:36:30,,
3220,21.0,7,3,em_andamento,2026-06-25 09:48:57,,
3221,38.0,1,4,aberto,2026-07-12 00:14:51,,
3222,13.0,3,1,em_andamento,2025-12-16 14:39:38,,
3223,41.0,1,2,em_andamento,2025-12-06 09:47:06,,
3224,26.0,6,1,cancelado,2026-06-11 02:39:18,,
3225,31.0,6,2,cancelado,2026-01-10 14:49:57,,-5.0
3226,29.0,4,4,resolvido,2025-08-05 22:59:28,2025-08-21 22:59:28,16.0
3227,35.0,8,1,resolvido,2026-01-13 00:19:36,2026-01-17 00:19:36,4.0
3228,22.0,6,2,resolvido,2025-12-12 10:27:55,2025-12-15 10:27:55,3.0
3229,22.0,8,4,aberto,2026-05-25 17:59:15,,
3230,43.0,6,3,aberto,2025-08-02 05:01:58,,
3231,24.0,7,1,em_andamento,2025-12-01 03:01:08,,
3232,7.0,4,4,aberto,2026-05-20 21:41:43,,
3233,8.0,9,3,em_andamento,2025-08-26 01:28:27,,
3234,23.0,5,4,cancelado,2026-03-20 09:50:25,,
3235,36.0,2,2,cancelado,2026-03-02 22:25:11,,
3236,33.0,4,2,em_andamento,2026-04-08 01:58:40,,
3237,50.0,1,2,resolvido,2026-06-12 11:06:51,2026-06-13 11:06:51,1.0
3238,37.0,9,1,resolvido,2026-07-10 16:49:34,2026-07-15 16:49:34,5.0
3239,35.0,4,2,resolvido,2026-03-01 01:40:13,2026-03-11 01:40:13,10.0
3240,41.0,10,2,em_andamento,2025-12-11 08:15:25,,
3241,35.0,10,4,em_andamento,2025-10-02 20:44:40,,
3242,18.0,1,4,resolvido,2026-01-01 18:57:52,2026-01-13 18:57:52,12.0
3243,25.0,9,4,cancelado,2025-12-28 06:32:11,,
3244,30.0,6,2,resolvido,2025-09-14 17:08:54,2025-09-24 17:08:54,10.0
3245,36.0,5,2,aberto,2026-06-13 06:08:50,,
3246,4.0,7,2,em_andamento,2026-03-27 11:45:19,,
3247,31.0,3,2,cancelado,2025-11-15 12:52:16,,
3248,11.0,7,4,em_andamento,2026-01-22 02:59:20,,
3249,16.0,6,1,em_andamento,2026-07-04 12:31:46,,
3250,18.0,3,4,aberto,2026-04-13 23:20:48,,
3251,47.0,10,2,em_andamento,2026-07-13 13:34:05,,
3252,29.0,3,3,resolvido,2025-08-26 16:41:04,2025-09-02 16:41:04,7.0
3253,1.0,2,3,aberto,2025-11-03 14:37:32,,
3254,50.0,10,4,em_andamento,2025-12-31 11:02:32,,
3255,43.0,8,3,aberto,2026-01-29 01:25:04,,
3256,35.0,10,4,em_andamento,2025-09-27 23:20:01,,
3257,5.0,6,3,aberto,2025-10-30 16:45:23,,
3258,25.0,5,1,cancelado,2026-05-05 02:39:10,,
3259,28.0,10,2,cancelado,2025-12-20 21:56:32,,
3260,49.0,5,2,aberto,2026-05-16 12:36:47,,
3261,6.0,10,3,em_andamento,2025-12-17 18:55:21,,
3262,43.0,8,4,cancelado,2026-06-07 05:16:48,,
3263,4.0,2,3,resolvido,2026-01-27 13:16:24,2026-02-07 13:16:24,11.0
3264,22.0,7,3,resolvido,2026-07-13 12:37:42,2026-07-16 12:37:42,3.0
3265,6.0,1,1,cancelado,2026-04-29 03:30:09,,
3266,16.0,10,4,em_andamento,2025-10-07 06:30:18,,
3267,38.0,7,3,aberto,2026-07-23 18:16:58,,
3268,50.0,8,4,cancelado,2026-02-14 10:21:46,,
3269,3.0,10,1,aberto,2026-07-05 23:33:56,,
3270,37.0,2,1,em_andamento,2025-12-01 08:45:44,,
3271,24.0,10,4,cancelado,2026-07-01 02:16:11,,
3272,46.0,1,3,cancelado,2026-02-13 09:58:15,,
3273,30.0,10,1,cancelado,2026-05-20 01:04:11,,
3274,41.0,7,1,em_andamento,2026-06-27 04:42:51,,
3275,37.0,3,1,resolvido,2026-05-18 23:52:20,2026-06-01 23:52:20,14.0
3276,2.0,8,3,resolvido,2026-02-19 16:33:13,2026-03-03 16:33:13,12.0
3277,44.0,6,3,em_andamento,2026-07-23 15:04:04,,
3278,18.0,8,1,resolvido,2026-01-31 15:21:50,2026-02-01 15:21:50,1.0
3279,17.0,3,2,resolvido,2026-07-28 09:23:19,2026-08-07 09:23:19,10.0
3280,48.0,7,3,em_andamento,2025-11-17 01:57:14,,
3281,32.0,2,3,resolvido,2025-08-31 01:57:25,2025-09-02 01:57:25,2.0
3282,15.0,6,3,aberto,2026-01-13 00:38:12,,
3283,47.0,2,4,resolvido,2025-08-29 15:19:55,2025-08-31 15:19:55,2.0
3284,40.0,8,2,cancelado,2025-09-14 06:54:45,,
3285,13.0,5,4,resolvido,2025-08-05 18:15:55,2025-08-09 18:15:55,4.0
3286,24.0,3,2,resolvido,2025-09-10 21:13:41,2025-09-20 21:13:41,10.0
3287,2.0,2,2,resolvido,2026-03-19 20:11:20,2026-03-31 20:11:20,12.0
3288,36.0,5,2,cancelado,2026-03-13 18:03:41,,
3289,40.0,2,2,aberto,2026-05-24 01:58:19,,
3290,6.0,10,4,resolvido,2026-05-28 17:39:46,2026-05-31 17:39:46,3.0
3291,10.0,6,3,cancelado,2025-10-28 16:12:22,,
3292,9.0,7,1,resolvido,2026-05-14 06:42:06,2026-05-15 06:42:06,1.0
3293,21.0,4,4,aberto,2025-11-23 13:27:19,,
3294,16.0,9,2,resolvido,2025-11-27 08:38:47,2025-11-28 08:38:47,1.0
3295,2.0,8,2,em_andamento,2025-11-10 12:23:24,,
3296,16.0,4,4,em_andamento,2025-11-16 01:00:01,,
3297,10.0,1,3,em_andamento,2025-10-26 16:10:29,,
3298,2.0,10,4,cancelado,2025-10-04 04:20:39,,
3299,27.0,9,2,cancelado,2026-03-14 04:45:32,,
3300,12.0,9,4,cancelado,2026-01-23 11:03:36,,
3301,48.0,5,3,resolvido,2026-06-17 11:31:01,2026-06-20 11:31:01,3.0
3302,16.0,6,3,aberto,2025-08-30 04:51:24,,
3303,45.0,3,3,em_andamento,2026-03-05 18:32:12,,
3304,35.0,10,2,aberto,2026-04-19 01:25:03,,
3305,33.0,8,3,aberto,2026-04-18 10:14:57,,
3306,39.0,4,3,em_andamento,2025-09-30 09:42:05,,
3307,30.0,5,1,cancelado,2026-01-10 20:29:50,,
3308,40.0,8,4,cancelado,2026-03-14 08:17:41,,
3309,5.0,3,1,cancelado,2026-07-03 18:04:29,,
3310,36.0,1,3,cancelado,2025-09-15 14:58:51,,
3311,46.0,3,1,resolvido,2026-03-01 15:18:34,2026-03-09 15:18:34,8.0
3312,5.0,5,3,aberto,2026-01-08 05:05:23,,
3313,46.0,10,4,cancelado,2026-03-18 05:58:00,,
3314,46.0,3,4,em_andamento,2026-05-25 21:54:25,,
3315,43.0,8,3,resolvido,2026-04-02 05:54:15,2026-04-06 05:54:15,4.0
3316,33.0,7,2,resolvido,2025-12-03 16:31:14,2025-12-14 16:31:14,11.0
3317,1.0,10,1,resolvido,2025-10-17 17:49:20,2025-10-18 17:49:20,1.0
3318,5.0,10,1,cancelado,2026-06-15 03:33:09,,
3319,47.0,3,2,em_andamento,2025-10-06 09:57:41,,
3320,,3,2,aberto,2025-08-13 12:23:48,,
3321,42.0,8,1,resolvido,2026-04-20 00:07:08,2026-04-23 00:07:08,3.0
3322,6.0,2,4,cancelado,2026-01-08 11:03:50,,
3323,27.0,7,4,em_andamento,2026-03-13 19:19:45,,
3324,22.0,3,1,resolvido,2026-07-13 17:16:01,2026-07-16 17:16:01,3.0
3325,17.0,8,1,em_andamento,2026-05-09 15:12:30,,
3326,17.0,7,2,em_andamento,2026-03-03 16:23:58,,
3327,23.0,2,3,cancelado,2026-05-21 23:18:56,,
3328,49.0,2,3,aberto,2025-12-17 15:34:19,,
3329,39.0,1,1,resolvido,2025-09-18 00:50:13,2025-09-29 00:50:13,11.0
3330,7.0,3,1,aberto,2026-03-09 00:56:43,,
3331,1.0,6,4,resolvido,2026-05-04 03:31:21,2026-05-19 03:31:21,15.0
3332,37.0,6,1,em_andamento,2026-02-06 14:21:34,,
3333,13.0,10,4,em_andamento,2026-02-19 13:26:48,,
3334,35.0,4,3,aberto,2025-08-12 16:26:28,,
3335,44.0,3,3,em_andamento,2026-03-06 23:18:03,,
3336,29.0,3,2,cancelado,2026-05-19 23:45:30,,
3337,2.0,10,1,aberto,2026-07-11 07:40:06,,
3338,20.0,5,1,resolvido,2026-04-26 20:31:43,2026-05-04 20:31:43,8.0
3339,44.0,3,2,aberto,2026-04-27 03:46:13,,
3340,32.0,4,2,resolvido,2026-07-17 05:12:27,2026-08-01 05:12:27,15.0
3341,36.0,7,4,aberto,2025-11-11 18:49:30,,
3342,43.0,9,1,resolvido,2025-10-22 11:08:27,2025-10-25 11:08:27,3.0
3343,16.0,6,2,em_andamento,2026-05-13 05:40:46,,
3344,32.0,4,4,aberto,2025-08-04 11:55:22,,
3345,23.0,1,4,aberto,2026-05-07 17:27:33,,
3346,34.0,2,3,cancelado,2026-07-16 23:42:24,,
3347,49.0,9,2,resolvido,2026-05-24 07:50:22,2026-05-29 07:50:22,5.0
3348,13.0,5,4,cancelado,2026-07-29 19:33:31,,
3349,28.0,7,1,cancelado,2026-04-17 08:28:26,,
3350,2.0,8,1,resolvido,2025-12-19 18:37:09,2025-12-29 18:37:09,10.0
3351,36.0,8,4,resolvido,2025-10-21 01:51:24,2025-10-22 01:51:24,1.0
3352,19.0,1,1,em_andamento,2026-02-02 02:02:20,2026-01-31 02:02:20,
3353,6.0,5,2,resolvido,2026-06-26 05:45:17,2026-07-03 05:45:17,7.0
3354,48.0,1,1,aberto,2026-07-17 01:17:01,,
3355,20.0,7,2,resolvido,2026-05-22 06:33:00,2026-05-30 06:33:00,8.0
3356,44.0,7,2,resolvido,2026-05-25 02:32:19,2026-05-31 02:32:19,6.0
3357,44.0,1,2,aberto,2026-06-23 23:46:58,,
3358,30.0,3,2,resolvido,2025-11-21 04:02:55,2025-11-30 04:02:55,9.0
3359,14.0,10,1,aberto,2026-03-15 03:11:53,,
3360,25.0,4,1,resolvido,2026-05-17 17:13:27,2026-05-25 17:13:27,8.0
3361,1.0,4,3,em_andamento,2026-06-14 18:17:34,,
3362,25.0,4,3,cancelado,2025-11-26 15:57:59,,
3363,3.0,3,2,em_andamento,2026-02-17 05:47:12,,
3364,40.0,5,4,resolvido,2026-03-07 08:17:18,2026-03-16 08:17:18,9.0
3365,48.0,5,4,aberto,2026-06-10 10:39:12,,
3366,27.0,7,4,resolvido,2026-04-05 11:44:26,2026-04-19 11:44:26,14.0
3367,13.0,8,3,aberto,2025-08-24 06:31:07,,
3368,41.0,7,1,cancelado,2025-10-03 15:15:17,,
3369,9.0,4,1,aberto,2025-11-02 14:21:16,,
3370,8.0,3,4,aberto,2026-01-21 06:37:48,,
3371,12.0,9,3,em_andamento,2025-10-25 17:59:05,,
3372,48.0,5,4,resolvido,2025-09-20 04:00:35,2025-09-23 04:00:35,3.0
3373,37.0,5,1,aberto,2026-02-03 20:55:45,,
3374,26.0,4,1,cancelado,2026-03-14 07:53:29,,
3375,13.0,3,1,cancelado,2026-05-27 06:53:48,,
3376,31.0,2,1,em_andamento,2026-06-01 12:10:29,,
3377,3.0,7,2,aberto,2026-06-29 11:37:25,,
3378,49.0,2,2,cancelado,2025-08-17 19:42:14,,
3379,40.0,6,4,em_andamento,2025-10-26 16:24:34,,
3380,29.0,10,1,em_andamento,2025-10-25 16:20:23,,
3381,50.0,4,3,aberto,2025-12-21 02:18:14,,
3382,37.0,1,2,resolvido,2025-11-17 17:59:12,2025-11-23 17:59:12,6.0
3383,17.0,3,3,cancelado,2025-10-21 01:34:00,,
3384,13.0,1,4,cancelado,2025-09-23 18:27:57,,
3385,10.0,5,1,em_andamento,2026-06-09 08:58:49,,
3386,12.0,4,3,cancelado,2026-07-02 09:50:12,,
3387,2.0,8,1,em_andamento,2026-03-13 05:28:23,,
3388,39.0,9,3,em_andamento,2026-02-27 03:48:37,,
3389,10.0,9,3,aberto,2026-05-22 06:45:15,,
3390,8.0,2,4,aberto,2025-12-14 06:07:24,,
3391,40.0,3,3,resolvido,2026-07-28 14:22:24,2026-08-12 14:22:24,15.0
3392,44.0,4,1,cancelado,2026-07-14 23:39:54,,
3393,1.0,10,1,cancelado,2026-04-24 06:40:09,,
3394,50.0,10,1,em_andamento,2025-08-17 23:14:20,,
3395,49.0,1,1,aberto,2025-11-11 18:18:25,,
3396,42.0,8,4,resolvido,2026-04-30 21:55:55,2026-05-09 21:55:55,9.0
3397,44.0,10,4,cancelado,2025-11-23 18:57:42,,
3398,48.0,4,4,resolvido,2025-12-19 00:46:41,2025-12-20 00:46:41,1.0
3399,30.0,8,2,cancelado,2026-06-19 00:25:06,,
3400,35.0,6,2,em_andamento,2026-01-15 07:50:14,,
3401,19.0,3,4,resolvido,2025-11-01 16:13:08,2025-11-17 16:13:08,16.0
3402,11.0,6,1,cancelado,2026-07-14 08:28:55,,
3403,20.0,3,1,cancelado,2026-07-11 07:27:59,,
3404,27.0,9,2,cancelado,2025-10-15 23:09:02,,
3405,9.0,6,2,cancelado,2025-12-09 20:17:26,,
3406,27.0,7,4,cancelado,2026-04-27 01:32:42,,
3407,29.0,7,4,resolvido,2026-05-28 16:24:30,2026-05-31 16:24:30,3.0
3408,9.0,9,2,em_andamento,2026-05-11 16:34:05,,
3409,14.0,4,2,resolvido,2025-12-11 17:59:09,2025-12-23 17:59:09,12.0
3410,30.0,9,4,resolvido,2026-04-10 09:38:35,2026-04-15 09:38:35,5.0
3411,10.0,8,1,cancelado,2025-12-06 10:30:26,,
3412,20.0,10,4,aberto,2026-01-25 09:21:21,,
3413,13.0,4,3,em_andamento,2025-10-01 08:13:04,,
3414,43.0,7,4,em_andamento,2026-01-03 05:04:38,,
3415,29.0,1,2,cancelado,2026-04-27 08:49:16,,
3416,37.0,3,3,em_andamento,2025-08-09 10:35:13,,
3417,42.0,7,2,em_andamento,2025-10-02 14:06:03,,
3418,27.0,6,4,em_andamento,2026-03-24 15:45:22,,
3419,48.0,3,4,resolvido,2026-02-19 22:03:04,2026-02-23 22:03:04,4.0
3420,40.0,10,1,aberto,2025-10-30 21:09:05,,
3421,5.0,2,1,aberto,2026-03-24 11:15:11,,
3422,4.0,6,1,resolvido,2026-07-06 06:56:44,2026-07-16 06:56:44,10.0
3423,48.0,3,2,resolvido,2026-01-30 16:07:39,2026-02-04 16:07:39,5.0
3424,5.0,6,3,cancelado,2026-06-15 16:24:38,,
3425,31.0,6,2,resolvido,2026-02-05 21:12:35,2026-02-09 21:12:35,4.0
3426,11.0,3,2,cancelado,2026-04-09 05:50:42,,
3427,8.0,9,4,em_andamento,2026-05-23 09:28:37,,
3428,36.0,9,4,resolvido,2025-08-17 14:05:43,2025-08-30 14:05:43,13.0
3429,45.0,4,1,em_andamento,2026-05-24 13:19:53,,
3430,29.0,2,1,em_andamento,2026-01-19 15:33:10,,
3431,25.0,8,4,cancelado,2025-08-06 22:59:41,,
3432,11.0,1,3,cancelado,2026-04-25 15:55:26,,
3433,38.0,10,2,cancelado,2025-09-14 12:39:14,,
3434,2.0,8,3,resolvido,2025-09-20 02:22:28,2025-10-05 02:22:28,15.0
3435,5.0,3,2,resolvido,2026-03-17 20:55:52,2026-03-23 20:55:52,6.0
3436,44.0,7,2,aberto,2026-02-28 02:56:58,,
3437,43.0,4,3,resolvido,2026-04-02 15:08:45,2026-04-06 15:08:45,4.0
3438,6.0,6,4,aberto,2026-07-05 09:59:44,,
3439,40.0,10,4,em_andamento,2026-04-02 03:30:09,,
3440,24.0,5,2,resolvido,2026-04-17 17:33:53,2026-04-18 17:33:53,1.0
3441,34.0,1,4,resolvido,2025-12-21 23:16:45,2025-12-29 23:16:45,8.0
3442,16.0,5,3,cancelado,2026-02-11 22:57:55,,
3443,28.0,6,1,resolvido,2026-04-15 10:36:55,2026-04-21 10:36:55,6.0
3444,48.0,8,1,resolvido,2026-01-13 17:02:03,2026-01-17 17:02:03,4.0
3445,40.0,1,1,resolvido,2026-05-08 23:10:01,2026-05-14 23:10:01,6.0
3446,25.0,4,4,cancelado,2026-03-17 19:06:29,,
3447,25.0,1,3,cancelado,2025-09-05 18:37:13,,
3448,22.0,6,4,cancelado,2025-08-16 09:41:33,,
3449,46.0,6,2,resolvido,2026-04-17 23:09:33,2026-04-23 23:09:33,6.0
3450,32.0,5,3,aberto,2025-09-05 19:22:58,,
3451,29.0,2,3,aberto,2026-02-16 13:14:49,,
3452,2.0,3,1,em_andamento,2026-04-15 00:48:28,,
3453,5.0,3,3,aberto,2026-06-26 03:46:18,,
3454,10.0,10,2,aberto,2025-10-05 18:34:45,,
3455,5.0,1,1,resolvido,2026-01-26 02:50:31,2026-01-28 02:50:31,2.0
3456,40.0,2,2,cancelado,2025-08-20 03:13:00,,
3457,41.0,6,1,aberto,2026-02-21 21:43:51,,
3458,4.0,3,2,aberto,2025-12-31 07:01:33,,
3459,12.0,2,1,aberto,2026-06-26 05:34:29,,
3460,28.0,4,2,aberto,2026-03-08 19:57:37,,
3461,46.0,2,4,resolvido,2026-04-14 12:01:12,2026-04-19 12:01:12,5.0
3462,13.0,8,2,cancelado,2026-07-03 16:32:51,,
3463,19.0,10,1,cancelado,2026-03-14 13:35:18,,
3464,12.0,9,1,aberto,2025-11-05 03:19:44,,
3465,12.0,4,3,em_andamento,2025-11-14 13:37:00,,
3466,35.0,10,2,aberto,2026-05-02 22:24:27,,
3467,45.0,2,2,em_andamento,2025-09-11 22:56:47,,
3468,21.0,4,2,cancelado,2026-01-06 00:27:19,,
3469,41.0,10,3,cancelado,2026-04-11 06:21:01,,
3470,33.0,5,2,cancelado,2025-12-20 02:48:46,,
3471,17.0,6,2,aberto,2026-03-30 19:42:05,,
3472,42.0,5,3,em_andamento,2026-03-30 08:45:40,,
3473,5.0,1,1,cancelado,2026-06-22 19:38:05,,
3474,23.0,1,4,aberto,2026-06-27 17:25:16,,
3475,44.0,8,1,aberto,2025-09-11 13:55:26,,
3476,21.0,10,3,aberto,2025-09-30 01:11:47,,
3477,37.0,5,3,cancelado,2026-02-23 02:44:56,,
3478,23.0,8,3,cancelado,2025-12-24 03:46:48,,
3479,20.0,8,3,em_andamento,2025-08-25 01:22:57,,
3480,15.0,10,2,aberto,2026-02-13 16:56:19,,
3481,45.0,6,4,cancelado,2026-04-24 13:08:48,,
3482,30.0,6,4,cancelado,2026-07-25 13:10:02,,
3483,30.0,8,2,em_andamento,2025-12-28 15:59:26,,
3484,48.0,7,4,aberto,2026-02-03 08:01:19,,
3485,9.0,6,4,em_andamento,2025-11-30 23:51:48,,
3486,26.0,6,1,cancelado,2025-08-22 14:39:23,,
3487,43.0,3,2,em_andamento,2026-07-17 23:05:06,,
3488,14.0,2,1,cancelado,2026-06-18 04:49:28,,
3489,31.0,3,3,resolvido,2026-01-21 04:07:44,2026-01-26 04:07:44,5.0
3490,13.0,1,4,cancelado,2025-09-16 07:29:27,,
3491,11.0,5,3,em_andamento,2026-05-25 12:00:05,,
3492,13.0,8,4,cancelado,2026-02-17 21:53:10,,
3493,28.0,3,4,aberto,2026-07-09 18:25:09,,
3494,23.0,2,1,resolvido,2025-08-12 17:13:58,2025-08-17 17:13:58,5.0
3495,10.0,4,4,em_andamento,2026-06-27 10:20:38,,
3496,27.0,8,1,resolvido,2025-10-31 06:15:31,2025-11-01 06:15:31,1.0
3497,41.0,3,3,resolvido,2026-01-24 00:34:49,2026-01-29 00:34:49,5.0
3498,8.0,10,2,resolvido,2026-05-15 03:03:43,2026-05-18 03:03:43,3.0
3499,22.0,6,2,resolvido,2026-02-09 13:31:32,2026-02-11 13:31:32,2.0
3500,2.0,8,3,cancelado,2026-03-01 15:22:17,,
3501,16.0,4,3,em_andamento,2026-06-09 17:19:19,,
3502,21.0,8,3,resolvido,2026-04-26 23:56:50,2026-05-01 23:56:50,5.0
3503,37.0,6,2,em_andamento,2026-05-13 01:26:56,,
3504,21.0,10,2,em_andamento,2026-07-28 16:46:57,,
3505,16.0,8,4,aberto,2026-02-15 12:16:19,,
3506,21.0,9,1,cancelado,2025-11-22 04:32:33,,
3507,49.0,3,3,aberto,2025-08-03 13:42:11,,
3508,34.0,8,4,resolvido,2026-03-26 18:08:17,2026-04-05 18:08:17,10.0
3509,13.0,5,2,resolvido,2026-06-09 10:43:33,2026-06-17 10:43:33,8.0
3510,50.0,1,4,em_andamento,2025-08-19 22:15:03,,
3511,15.0,1,3,resolvido,2026-06-16 13:53:57,2026-06-25 13:53:57,9.0
3512,10.0,5,3,cancelado,2025-10-08 09:10:19,,
3513,21.0,10,2,em_andamento,2026-02-28 17:21:38,,
3514,39.0,10,1,resolvido,2025-10-03 01:10:30,2025-10-05 01:10:30,2.0
3515,47.0,1,2,resolvido,2026-06-12 11:44:21,2026-06-19 11:44:21,7.0
3516,45.0,1,3,resolvido,2025-11-11 15:58:57,2025-11-21 15:58:57,10.0
3517,14.0,3,3,aberto,2026-01-08 07:13:10,,
3518,2.0,7,1,resolvido,2025-10-21 11:04:35,2025-10-22 11:04:35,1.0
3519,10.0,8,4,em_andamento,2026-04-28 01:41:15,,
3520,39.0,8,3,aberto,2026-06-19 06:53:27,,
3521,18.0,8,3,em_andamento,2026-01-27 19:53:43,,
3522,46.0,10,4,resolvido,2025-09-05 17:09:29,2025-09-13 17:09:29,8.0
3523,11.0,10,2,resolvido,2026-02-19 13:04:36,2026-02-27 13:04:36,8.0
3524,21.0,9,4,resolvido,2025-09-07 01:56:36,2025-09-13 01:56:36,6.0
3525,10.0,6,4,aberto,2026-05-09 03:54:21,,
3526,41.0,7,3,cancelado,2025-11-28 23:02:37,,
3527,12.0,6,1,resolvido,2026-05-14 16:41:24,2026-05-17 16:41:24,3.0
3528,3.0,9,1,em_andamento,2025-11-11 19:40:24,,
3529,32.0,2,1,em_andamento,2025-08-04 20:31:34,,
3530,10.0,2,2,em_andamento,2026-05-05 16:24:18,,
3531,6.0,6,3,resolvido,2026-07-07 18:57:28,2026-07-20 18:57:28,13.0
3532,6.0,7,3,aberto,2025-09-06 02:02:24,,
3533,32.0,7,1,cancelado,2025-12-04 04:40:47,,
3534,42.0,7,2,aberto,2025-09-20 14:58:27,,
3535,14.0,8,2,aberto,2026-01-28 23:27:01,,
3536,49.0,5,2,em_andamento,2026-03-19 10:26:11,,
3537,4.0,9,1,aberto,2025-12-27 06:40:03,,
3538,42.0,4,4,aberto,2026-03-02 01:26:05,,
3539,3.0,4,2,em_andamento,2026-06-13 01:35:45,,
3540,9.0,9,3,resolvido,2026-05-13 00:25:35,2026-05-15 00:25:35,2.0
3541,26.0,1,3,cancelado,2026-02-25 00:00:49,,
3542,2.0,7,1,aberto,2026-05-23 03:56:56,,
3543,13.0,10,1,em_andamento,2025-11-25 09:08:23,,
3544,15.0,10,4,aberto,2025-09-11 18:02:54,,
3545,23.0,2,3,em_andamento,2026-05-30 10:29:58,,
3546,26.0,4,2,aberto,2025-12-03 15:39:56,,
3547,41.0,10,3,resolvido,2026-06-27 02:57:30,2026-07-07 02:57:30,10.0
3548,36.0,6,4,em_andamento,2025-08-07 07:41:37,,
3549,13.0,10,3,resolvido,2026-05-31 06:02:44,2026-06-09 06:02:44,9.0
3550,26.0,2,3,cancelado,2026-07-25 19:34:36,,
3551,2.0,8,4,em_andamento,2025-09-05 14:27:36,,
3552,12.0,2,1,cancelado,2025-08-26 19:42:33,,
3553,7.0,4,2,resolvido,2026-06-28 14:56:20,2026-07-13 14:56:20,15.0
3554,45.0,4,3,resolvido,2025-11-06 14:52:03,2025-11-07 14:52:03,1.0
3555,15.0,10,3,em_andamento,2026-05-11 22:50:38,,
3556,33.0,1,3,aberto,2026-04-30 23:51:02,,
3557,14.0,3,3,em_andamento,2025-11-14 15:24:31,,
3558,32.0,7,3,cancelado,2026-04-28 19:37:34,,
3559,26.0,10,2,cancelado,2026-06-01 20:49:32,,
3560,31.0,9,3,em_andamento,2026-04-04 08:41:07,,
3561,5.0,10,1,aberto,2025-09-22 21:23:20,,
3562,2.0,10,1,aberto,2025-11-26 00:04:11,,
3563,18.0,1,3,cancelado,2026-03-02 11:40:33,,
3564,25.0,10,2,aberto,2026-05-23 18:23:46,,
3565,4.0,6,2,em_andamento,2025-10-12 02:11:04,,
3566,28.0,6,1,resolvido,2026-06-10 19:23:41,2026-06-18 19:23:41,8.0
3567,27.0,1,3,aberto,2026-05-29 22:10:15,,
3568,8.0,5,2,resolvido,2026-02-12 11:48:10,2026-02-13 11:48:10,1.0
3569,14.0,2,1,cancelado,2026-04-19 06:59:45,,
3570,12.0,1,1,aberto,2025-12-05 13:53:51,,
3571,47.0,4,4,resolvido,2025-09-06 00:27:30,2025-09-15 00:27:30,9.0
3572,18.0,1,4,aberto,2025-08-28 22:56:32,,
3573,47.0,3,2,aberto,2025-10-01 22:33:35,,
3574,26.0,7,1,aberto,2025-10-08 15:39:39,,
3575,32.0,7,4,cancelado,2026-06-23 14:09:57,,
3576,12.0,1,1,aberto,2025-08-24 04:52:45,,
3577,50.0,5,3,cancelado,2026-04-11 09:26:22,,
3578,13.0,5,1,resolvido,2025-12-06 20:41:21,2025-12-15 20:41:21,9.0
3579,45.0,8,1,aberto,2026-02-11 07:20:29,,
3580,37.0,7,4,em_andamento,2025-09-22 07:18:11,,
3581,46.0,1,3,resolvido,2026-03-10 21:49:49,2026-03-16 21:49:49,6.0
3582,6.0,10,3,cancelado,2025-12-17 16:48:28,,
3583,31.0,9,2,resolvido,2025-10-03 04:05:07,2025-10-07 04:05:07,4.0
3584,36.0,9,2,resolvido,2026-01-08 14:25:39,2026-01-11 14:25:39,3.0
3585,48.0,6,4,em_andamento,2026-07-22 21:05:12,,
3586,38.0,7,3,cancelado,2026-07-05 16:46:08,,
3587,23.0,5,2,cancelado,2025-08-18 16:39:27,,
3588,44.0,9,4,resolvido,2026-03-06 05:09:16,2026-03-14 05:09:16,8.0
3589,17.0,3,3,resolvido,2025-08-06 07:20:53,2025-08-12 07:20:53,6.0
3590,42.0,8,4,em_andamento,2026-07-10 20:44:03,,
3591,3.0,6,2,resolvido,2026-06-21 09:06:36,2026-06-22 09:06:36,1.0
3592,11.0,10,2,em_andamento,2025-10-29 11:00:15,,
3593,45.0,7,1,cancelado,2026-02-17 04:29:43,,
3594,8.0,9,1,aberto,2025-12-20 22:26:58,,
3595,37.0,1,3,em_andamento,2026-03-26 19:11:39,,
3596,48.0,4,3,cancelado,2026-01-02 03:32:24,,
3597,8.0,6,3,cancelado,2026-04-28 11:04:43,,
3598,34.0,7,2,resolvido,2026-06-07 23:38:07,2026-06-12 23:38:07,5.0
3599,48.0,7,1,em_andamento,2026-03-20 19:01:06,,
3600,41.0,8,2,em_andamento,2026-07-01 05:39:36,,
3601,46.0,1,1,cancelado,2025-10-22 08:07:45,,
3602,10.0,2,3,em_andamento,2026-01-02 04:44:35,,
3603,49.0,7,3,em_andamento,2026-07-13 14:40:44,,
3604,35.0,2,2,aberto,2025-11-04 13:24:45,,
3605,2.0,1,3,aberto,2025-08-05 23:51:31,,
3606,14.0,3,1,aberto,2026-05-15 12:33:19,,
3607,17.0,8,1,cancelado,2025-12-24 16:54:48,,
3608,23.0,7,1,resolvido,2025-12-25 02:30:57,2025-12-29 02:30:57,4.0
3609,20.0,7,4,aberto,2026-03-16 15:00:41,,
3610,44.0,8,1,cancelado,2026-06-06 23:23:33,,
3611,21.0,6,1,resolvido,2026-03-23 08:20:11,2026-04-02 08:20:11,10.0
3612,45.0,8,4,aberto,2026-03-28 09:13:44,,
3613,28.0,10,3,cancelado,2025-12-12 16:44:43,,
3614,2.0,7,1,cancelado,2025-12-25 20:07:35,,
3615,49.0,2,4,resolvido,2026-03-24 03:15:28,2026-03-29 03:15:28,5.0
3616,47.0,2,4,cancelado,2025-11-19 06:16:12,,
3617,48.0,6,2,cancelado,2026-01-09 06:25:47,,
3618,3.0,6,3,cancelado,2025-09-26 17:36:54,,
3619,14.0,10,4,aberto,2026-02-10 04:53:20,,
3620,1.0,3,1,cancelado,2025-12-29 13:07:49,,
3621,5.0,9,2,cancelado,2026-07-16 15:11:00,,
3622,18.0,10,4,aberto,2026-02-12 09:36:15,,
3623,17.0,10,1,cancelado,2026-07-08 19:29:53,,
3624,12.0,8,3,em_andamento,2026-07-07 19:07:55,,
3625,3.0,5,3,cancelado,2025-09-11 23:11:22,,
3626,8.0,3,1,em_andamento,2025-11-26 19:25:40,,
3627,31.0,8,2,aberto,2025-09-18 11:35:19,,
3628,25.0,3,4,aberto,2025-12-17 18:02:53,,
3629,20.0,3,2,resolvido,2025-10-16 07:23:34,2025-10-22 07:23:34,6.0
3630,44.0,10,4,em_andamento,2025-08-31 09:48:08,,
3631,46.0,8,1,aberto,2025-12-09 09:52:26,,
3632,11.0,3,2,aberto,2025-08-16 14:31:23,,
3633,29.0,8,3,cancelado,2026-06-28 18:45:15,,
3634,2.0,9,3,aberto,2025-12-05 10:13:35,,
3635,27.0,8,1,resolvido,2025-09-11 15:08:45,2025-09-12 15:08:45,1.0
3636,5.0,2,1,resolvido,2025-09-29 16:34:03,2025-10-08 16:34:03,9.0
3637,43.0,6,4,cancelado,2026-06-29 02:09:45,,
3638,33.0,4,2,aberto,2026-02-19 06:09:17,,
3639,2.0,3,1,em_andamento,2026-06-19 09:00:59,,
3640,43.0,4,4,resolvido,2026-06-26 13:22:50,2026-06-28 13:22:50,2.0
3641,43.0,3,4,aberto,2025-11-24 00:51:20,,
3642,36.0,1,2,em_andamento,2026-04-16 03:10:28,,
3643,10.0,5,2,cancelado,2026-06-21 01:41:26,,
3644,1.0,6,1,aberto,2026-03-03 05:49:09,,
3645,8.0,9,3,aberto,2025-11-07 03:08:29,,
3646,20.0,3,3,em_andamento,2026-04-22 20:59:50,,
3647,31.0,4,2,cancelado,2026-05-11 03:04:38,,
3648,31.0,8,2,aberto,2026-05-08 06:33:43,,
3649,12.0,7,1,em_andamento,2025-11-13 15:13:18,,
3650,43.0,3,2,aberto,2026-05-15 06:24:43,,
3651,31.0,9,1,em_andamento,2025-11-08 07:23:58,,
3652,16.0,7,3,em_andamento,2026-05-19 14:57:15,,
3653,17.0,7,1,cancelado,2026-06-10 02:43:36,,
3654,3.0,6,4,aberto,2026-05-04 09:16:19,,
3655,13.0,6,4,cancelado,2026-05-13 09:29:00,,
3656,39.0,4,2,cancelado,2025-08-07 06:47:30,,
3657,40.0,9,4,em_andamento,2026-05-20 15:03:11,,
3658,16.0,10,3,cancelado,2025-11-05 04:02:46,,
3659,50.0,2,4,aberto,2025-12-29 10:48:08,,
3660,27.0,2,1,em_andamento,2025-10-11 19:38:24,,
3661,50.0,1,3,resolvido,2026-05-09 14:47:08,2026-05-14 14:47:08,5.0
3662,26.0,5,4,resolvido,2026-02-13 08:50:37,2026-02-18 08:50:37,5.0
3663,21.0,5,4,cancelado,2026-07-05 13:47:19,,
3664,25.0,10,2,cancelado,2026-07-05 03:38:52,,
3665,22.0,2,4,resolvido,2026-06-15 19:03:10,2026-06-26 19:03:10,11.0
3666,35.0,9,1,resolvido,2025-08-31 07:37:01,2025-09-01 07:37:01,1.0
3667,19.0,10,2,resolvido,2025-12-18 22:16:55,2025-12-19 22:16:55,1.0
3668,21.0,4,2,resolvido,2026-04-28 19:52:00,2026-05-07 19:52:00,9.0
3669,22.0,9,4,resolvido,2026-03-31 17:05:53,2026-04-06 17:05:53,6.0
3670,17.0,10,4,em_andamento,2025-08-10 18:35:33,,
3671,50.0,10,2,resolvido,2025-12-17 08:05:48,2025-12-26 08:05:48,9.0
3672,46.0,9,3,em_andamento,2026-03-25 00:59:43,,
3673,30.0,10,2,aberto,2026-03-28 11:28:10,,
3674,47.0,5,2,em_andamento,2026-07-15 04:56:27,,
3675,39.0,6,2,cancelado,2025-10-20 04:40:07,,
3676,24.0,4,4,cancelado,2026-01-02 06:39:36,,
3677,46.0,5,4,resolvido,2026-03-04 19:23:17,2026-03-16 19:23:17,12.0
3678,10.0,5,1,resolvido,2026-04-01 08:18:27,2026-04-10 08:18:27,9.0
3679,36.0,7,1,aberto,2026-03-03 02:29:47,,
3680,13.0,5,4,cancelado,2026-04-21 00:01:55,,
3681,36.0,10,3,cancelado,2026-06-11 14:10:07,,
3682,13.0,5,1,cancelado,2025-10-19 01:59:20,,
3683,41.0,8,1,cancelado,2026-01-08 22:52:32,,
3684,28.0,7,3,aberto,2025-09-18 23:02:28,,
3685,9.0,3,1,resolvido,2025-09-21 04:26:18,2025-09-30 04:26:18,9.0
3686,49.0,1,1,aberto,2026-05-06 00:43:40,,
3687,18.0,2,3,em_andamento,2025-10-18 21:34:17,,
3688,7.0,7,2,aberto,2025-08-20 19:59:15,,
3689,43.0,10,1,aberto,2026-06-24 12:56:57,,
3690,8.0,6,3,resolvido,2026-07-09 16:10:57,2026-07-13 16:10:57,4.0
3691,40.0,10,3,resolvido,2026-02-06 19:00:02,2026-02-14 19:00:02,8.0
3692,16.0,3,1,resolvido,2026-06-24 17:29:53,2026-07-01 17:29:53,7.0
3693,25.0,4,1,em_andamento,2026-04-09 11:29:35,,
3694,6.0,10,3,cancelado,2026-01-13 20:53:19,,
3695,8.0,2,2,cancelado,2025-09-09 13:54:16,,
3696,15.0,4,4,em_andamento,2025-12-08 05:59:36,,
3697,12.0,4,3,aberto,2026-06-21 02:27:13,,
3698,1.0,4,3,cancelado,2026-05-21 13:37:36,,
3699,38.0,10,4,cancelado,2025-11-06 20:44:42,,
3700,14.0,4,1,aberto,2026-02-28 18:25:50,,
3701,27.0,8,4,em_andamento,2026-06-09 08:54:49,,
3702,48.0,7,4,aberto,2026-05-31 12:45:04,,
3703,35.0,5,2,cancelado,2025-11-11 02:54:52,,
3704,28.0,9,3,resolvido,2026-03-28 02:15:33,2026-04-01 02:15:33,4.0
3705,2.0,8,4,cancelado,2025-12-12 18:45:14,,
3706,39.0,4,3,em_andamento,2025-09-18 17:20:34,,
3707,46.0,2,4,em_andamento,2026-02-26 19:22:51,,
3708,26.0,4,2,resolvido,2026-03-23 23:13:06,2026-03-28 23:13:06,5.0
3709,46.0,5,2,cancelado,2025-10-17 21:54:38,,
3710,39.0,8,1,em_andamento,2026-02-24 23:07:27,,
3711,42.0,2,4,aberto,2025-12-23 19:19:29,,
3712,25.0,10,3,resolvido,2026-06-08 07:44:19,2026-06-17 07:44:19,9.0
3713,25.0,1,4,cancelado,2025-10-31 00:48:33,,
3714,47.0,8,4,aberto,2025-10-08 16:43:22,,
3715,28.0,5,3,em_andamento,2026-01-29 08:45:04,,
3716,18.0,6,3,cancelado,2025-12-20 13:19:33,,
3717,11.0,3,2,em_andamento,2026-02-04 13:21:22,,
3718,3.0,7,3,aberto,2026-03-31 19:02:25,,
3719,49.0,4,1,em_andamento,2026-05-31 05:02:04,,
3720,6.0,10,1,resolvido,2025-08-09 02:02:45,2025-08-24 02:02:45,15.0
3721,29.0,3,3,em_andamento,2026-05-25 07:58:44,,
3722,28.0,5,2,em_andamento,2026-07-11 22:26:05,,
3723,27.0,5,2,aberto,2026-02-28 20:16:44,,
3724,15.0,2,1,em_andamento,2026-04-19 12:08:16,,
3725,19.0,9,4,cancelado,2025-09-23 18:23:05,,
3726,11.0,4,1,em_andamento,2025-10-23 13:26:33,,
3727,39.0,2,1,aberto,2025-09-26 07:40:41,,
3728,18.0,3,1,cancelado,2026-05-08 16:23:36,,
3729,36.0,6,2,em_andamento,2025-10-19 07:53:11,,
3730,35.0,3,2,aberto,2026-02-01 04:20:37,,
3731,21.0,3,3,aberto,2026-04-16 09:46:16,,
3732,33.0,9,1,cancelado,2025-09-08 03:23:33,,
3733,9.0,3,1,cancelado,2025-08-25 17:46:42,,
3734,10.0,3,2,resolvido,2026-05-27 11:29:55,2026-06-07 11:29:55,11.0
3735,37.0,5,4,em_andamento,2025-12-07 01:52:28,,
3736,30.0,3,1,em_andamento,2025-09-09 16:45:21,,
3737,11.0,10,1,aberto,2026-03-07 00:19:00,,
3738,25.0,3,1,resolvido,2026-06-28 08:29:16,2026-06-29 08:29:16,1.0
3739,44.0,7,4,cancelado,2026-01-15 04:02:33,,
3740,42.0,9,3,cancelado,2026-01-12 12:44:35,,
3741,49.0,5,4,em_andamento,2025-08-13 12:36:10,,
3742,33.0,8,2,aberto,2026-07-18 15:41:43,,
3743,14.0,2,3,resolvido,2025-09-27 04:02:43,2025-10-05 04:02:43,8.0
3744,8.0,10,4,cancelado,2026-07-29 06:52:43,,
3745,25.0,5,3,aberto,2026-02-08 20:30:26,,
3746,21.0,8,2,aberto,2026-06-15 04:22:40,,
3747,14.0,7,2,cancelado,2026-03-03 14:41:24,,
3748,38.0,3,3,cancelado,2026-04-30 00:28:30,,
3749,16.0,3,1,em_andamento,2025-12-04 06:22:02,,
3750,29.0,5,4,cancelado,2026-05-24 07:10:59,,
3751,30.0,8,3,em_andamento,2026-03-30 13:47:37,,
3752,30.0,3,4,aberto,2026-01-05 14:46:01,,
3753,16.0,3,1,resolvido,2025-08-26 10:44:58,2025-08-30 10:44:58,4.0
3754,25.0,7,1,resolvido,2026-02-18 03:16:35,2026-02-27 03:16:35,9.0
3755,23.0,9,4,aberto,2026-01-04 07:17:34,,
3756,31.0,2,3,resolvido,2025-10-05 09:06:02,2025-10-15 09:06:02,10.0
3757,11.0,1,1,em_andamento,2026-05-28 08:07:02,,
3758,48.0,9,3,aberto,2026-04-30 06:28:38,,
3759,2.0,9,2,resolvido,2025-12-03 22:58:44,2025-12-18 22:58:44,15.0
3760,2.0,8,4,resolvido,2026-06-18 20:43:32,2026-06-26 20:43:32,8.0
3761,40.0,6,3,resolvido,2026-04-05 05:27:14,2026-04-07 05:27:14,2.0
3762,4.0,9,1,cancelado,2026-04-11 07:56:06,,
3763,49.0,8,4,aberto,2025-12-21 17:16:56,,
3764,43.0,9,1,em_andamento,2026-06-02 14:34:39,,
3765,25.0,6,4,resolvido,2025-08-28 03:37:12,2025-09-08 03:37:12,11.0
3766,13.0,2,4,resolvido,2026-06-11 10:00:22,2026-06-23 10:00:22,12.0
3767,26.0,4,1,aberto,2026-06-23 05:54:28,,
3768,20.0,1,2,em_andamento,2025-08-31 20:45:51,,
3769,27.0,10,2,cancelado,2026-03-14 11:40:58,,
3770,10.0,7,3,em_andamento,2026-04-22 11:38:50,,
3771,1.0,2,2,aberto,2026-02-04 02:54:53,,
3772,17.0,8,1,em_andamento,2025-10-12 06:15:56,,
3773,30.0,3,4,aberto,2026-07-19 23:55:03,,
3774,6.0,8,3,resolvido,2025-12-19 13:10:31,2025-12-31 13:10:31,12.0
3775,17.0,10,3,resolvido,2026-03-11 21:00:15,2026-03-12 21:00:15,1.0
3776,34.0,3,3,em_andamento,2026-05-06 16:02:01,,
3777,15.0,1,4,cancelado,2026-01-31 03:10:11,,
3778,18.0,6,3,cancelado,2025-08-31 15:37:41,,
3779,47.0,7,1,resolvido,2026-02-01 10:49:35,2026-02-08 10:49:35,7.0
3780,10.0,9,2,em_andamento,2026-05-28 09:16:47,,
3781,16.0,8,2,aberto,2026-01-07 17:34:46,,
3782,45.0,9,3,cancelado,2025-08-10 13:46:07,,
3783,48.0,7,4,resolvido,2026-03-26 18:45:17,2026-03-30 18:45:17,4.0
3784,20.0,2,2,em_andamento,2026-02-05 05:30:02,,
3785,40.0,8,1,resolvido,2026-05-20 15:16:10,2026-05-28 15:16:10,8.0
3786,26.0,7,2,cancelado,2026-06-29 09:17:02,,
3787,31.0,1,3,resolvido,2025-12-28 04:37:03,2026-01-03 04:37:03,6.0
3788,8.0,5,2,cancelado,2025-09-28 09:06:22,,
3789,32.0,7,2,cancelado,2025-10-24 19:56:18,,
3790,28.0,4,3,em_andamento,2026-07-26 11:50:18,,
3791,40.0,3,3,em_andamento,2025-09-14 15:55:09,,
3792,39.0,6,4,aberto,2025-11-28 08:48:04,,
3793,7.0,2,1,aberto,2026-04-19 04:22:47,,
3794,10.0,9,4,cancelado,2025-09-14 19:04:26,,
3795,6.0,3,1,aberto,2026-04-09 17:54:24,,
3796,31.0,3,1,em_andamento,2026-03-25 18:25:04,,
3797,19.0,6,3,aberto,2026-02-27 16:09:33,,
3798,3.0,3,3,resolvido,2026-03-21 07:04:19,2026-04-07 07:04:19,17.0
3799,6.0,1,1,em_andamento,2026-03-18 07:19:44,,
3800,11.0,7,4,aberto,2025-08-25 05:26:19,,
3801,18.0,10,3,aberto,2026-01-27 07:39:00,,
3802,40.0,5,2,aberto,2025-10-13 07:56:12,,
3803,30.0,10,3,em_andamento,2025-10-02 06:48:18,,
3804,42.0,9,1,cancelado,2026-06-06 00:54:42,,
3805,39.0,4,3,aberto,2025-09-05 01:13:01,,
3806,26.0,6,2,cancelado,2026-04-18 21:25:04,,
3807,29.0,6,3,resolvido,2026-06-05 16:10:30,2026-06-19 16:10:30,14.0
3808,42.0,7,4,em_andamento,2026-06-10 04:07:35,,
3809,20.0,6,2,em_andamento,2026-02-28 06:46:18,,
3810,30.0,3,2,aberto,2026-01-29 15:08:18,,
3811,6.0,1,1,em_andamento,2026-05-04 06:27:49,,
3812,7.0,8,2,em_andamento,2025-10-28 13:32:40,,
3813,47.0,2,3,resolvido,2026-01-22 12:06:10,2026-01-26 12:06:10,4.0
3814,46.0,8,4,cancelado,2026-03-04 00:13:12,,
3815,8.0,9,3,em_andamento,2026-06-22 06:02:56,,
3816,31.0,1,3,em_andamento,2026-01-26 23:56:46,,
3817,26.0,4,3,aberto,2025-10-21 02:34:57,,
3818,4.0,1,3,cancelado,2026-02-11 05:41:25,,
3819,12.0,8,4,cancelado,2026-02-02 05:35:16,,
3820,46.0,6,4,em_andamento,2025-08-04 19:19:44,,
3821,21.0,7,3,em_andamento,2026-01-09 18:36:25,,
3822,1.0,3,3,cancelado,2026-02-19 15:00:17,,
3823,6.0,8,3,em_andamento,2026-04-01 14:17:13,,
3824,3.0,3,2,cancelado,2025-12-01 07:10:10,,
3825,18.0,4,2,cancelado,2025-10-29 23:27:33,,
3826,3.0,1,3,resolvido,2026-01-14 06:01:50,2026-01-16 06:01:50,2.0
3827,40.0,6,3,aberto,2025-08-09 06:18:21,,
3828,7.0,8,2,em_andamento,2026-04-01 03:03:35,,
3829,10.0,6,3,cancelado,2026-05-26 00:24:57,,
3830,34.0,10,2,cancelado,2026-07-10 23:20:14,,
3831,50.0,1,4,resolvido,2026-07-15 16:52:26,2026-07-16 16:52:26,1.0
3832,3.0,5,3,aberto,2025-10-02 10:20:15,,
3833,27.0,10,1,cancelado,2025-10-20 00:59:22,,
3834,27.0,8,2,resolvido,2026-04-11 15:41:33,2026-04-16 15:41:33,5.0
3835,38.0,4,4,resolvido,2026-02-25 02:33:05,2026-03-02 02:33:05,5.0
3836,3.0,4,3,cancelado,2026-03-28 19:42:34,,
3837,17.0,1,2,aberto,2025-12-26 23:21:52,,
3838,15.0,8,2,cancelado,2026-06-13 16:23:56,,
3839,1.0,7,1,aberto,2025-08-09 08:27:36,,
3840,18.0,9,4,aberto,2025-08-14 23:23:08,,
3841,33.0,5,1,cancelado,2025-08-26 07:11:21,,
3842,38.0,4,3,aberto,2026-04-18 14:57:46,,
3843,16.0,7,3,em_andamento,2026-02-07 02:11:39,,
3844,35.0,4,1,cancelado,2026-06-12 03:29:23,,
3845,6.0,6,2,cancelado,2026-03-29 11:31:10,,
3846,2.0,2,2,resolvido,2026-07-17 08:04:54,2026-07-29 08:04:54,12.0
3847,11.0,5,3,cancelado,2026-06-05 05:49:34,,
3848,11.0,7,2,em_andamento,2026-03-04 10:23:48,,
3849,24.0,2,3,resolvido,2026-07-20 02:51:13,2026-08-02 02:51:13,13.0
3850,41.0,2,1,em_andamento,2026-06-27 23:59:16,,
3851,8.0,1,2,Resolvido,2026-03-31 23:59:55,,
3852,50.0,5,2,aberto,2025-10-19 22:06:48,,
3853,49.0,8,3,aberto,2025-10-31 08:29:28,,
3854,33.0,9,4,aberto,2025-12-02 01:43:54,,
3855,31.0,10,3,aberto,2026-04-09 15:30:08,,
3856,23.0,2,3,em_andamento,2025-10-28 01:30:36,,
3857,25.0,4,3,aberto,2026-07-04 01:11:52,,
3858,40.0,2,1,em_andamento,2025-08-29 14:11:08,,
3859,10.0,6,2,em_andamento,2025-10-19 13:48:20,,
3860,31.0,6,1,resolvido,2025-09-25 16:16:37,2025-10-01 16:16:37,6.0
3861,25.0,7,1,cancelado,2025-08-09 15:26:12,,
3862,14.0,3,2,cancelado,2025-12-25 00:30:02,,
3863,50.0,10,1,em_andamento,2026-04-28 06:07:13,,
3864,43.0,8,4,cancelado,2026-01-25 07:09:34,,
3865,21.0,6,2,aberto,2026-06-15 10:32:57,,
3866,3.0,8,2,aberto,2026-05-14 12:47:23,,
3867,37.0,6,1,resolvido,2025-10-18 20:00:11,2025-10-22 20:00:11,4.0
3868,1.0,6,4,aberto,2026-05-03 19:51:10,,
3869,9.0,2,1,em_andamento,2025-08-09 04:38:58,,
3870,31.0,8,3,aberto,2025-10-19 07:10:44,,
3871,40.0,1,3,em_andamento,2026-04-17 08:41:40,,
3872,20.0,9,4,resolvido,2025-12-03 11:36:24,2025-12-06 11:36:24,3.0
3873,3.0,2,1,resolvido,2026-02-16 08:02:06,2026-02-17 08:02:06,1.0
3874,45.0,5,4,em_andamento,2026-02-05 21:44:43,,
3875,18.0,6,4,aberto,2025-12-16 04:36:15,,
3876,34.0,6,1,cancelado,2025-10-22 20:28:31,,
3877,20.0,5,4,aberto,2026-02-20 15:55:17,,
3878,2.0,5,3,em_andamento,2025-10-22 14:48:08,,
3879,46.0,2,2,aberto,2025-09-01 11:24:57,,
3880,24.0,2,1,resolvido,2025-11-20 00:18:50,2025-11-21 00:18:50,1.0
3881,50.0,6,3,aberto,2026-04-14 16:46:20,,
3882,12.0,10,2,aberto,2025-12-20 00:25:04,,
3883,15.0,1,3,resolvido,2026-03-17 01:22:04,2026-03-26 01:22:04,9.0
3884,35.0,2,3,resolvido,2025-12-09 08:51:27,2025-12-11 08:51:27,2.0
3885,7.0,7,1,resolvido,2026-02-02 02:09:39,2026-02-12 02:09:39,10.0
3886,43.0,6,3,aberto,2026-04-08 03:39:23,,
3887,9.0,2,1,Resolvido,2025-08-27 13:04:22,,
3888,7.0,8,1,cancelado,2026-02-14 11:34:23,,
3889,24.0,7,1,resolvido,2026-05-22 08:14:08,2026-05-26 08:14:08,4.0
3890,11.0,10,2,aberto,2025-08-30 12:14:04,,
3891,22.0,3,2,aberto,2025-11-15 12:58:58,,
3892,41.0,1,4,em_andamento,2026-01-27 12:11:35,,
3893,47.0,3,2,em_andamento,2026-06-20 12:04:45,,
3894,27.0,1,3,em_andamento,2025-09-08 10:04:50,,
3895,32.0,9,2,aberto,2026-06-25 17:56:45,,
3896,28.0,4,4,em_andamento,2025-09-28 01:37:49,,
3897,34.0,5,3,em_andamento,2025-10-08 13:56:14,,
3898,26.0,10,4,resolvido,2026-03-04 18:54:23,2026-03-10 18:54:23,6.0
3899,8.0,7,3,cancelado,2026-07-13 01:10:19,,
3900,1.0,2,4,em_andamento,2025-08-04 20:38:01,,
3901,48.0,5,2,em_andamento,2025-10-18 10:59:04,,
3902,42.0,10,1,em_andamento,2026-03-08 04:08:01,,
3903,9.0,1,2,em_andamento,2026-05-05 23:45:31,,
3904,48.0,1,1,cancelado,2025-10-30 09:54:28,,
3905,9.0,4,3,aberto,2026-03-17 13:00:25,,
3906,37.0,1,2,aberto,2025-09-03 18:48:14,,
3907,45.0,1,4,aberto,2025-08-23 21:06:13,,
3908,22.0,4,4,em_andamento,2026-07-20 16:46:55,,
3909,10.0,2,3,resolvido,2026-01-22 01:26:54,2026-02-03 01:26:54,12.0
3910,27.0,7,3,cancelado,2026-04-07 17:51:57,,
3911,43.0,4,2,em_andamento,2026-06-14 22:04:13,,
3912,25.0,6,2,em_andamento,2026-07-01 15:13:26,,
3913,32.0,8,3,cancelado,2026-02-12 12:43:14,,
3914,4.0,5,1,cancelado,2025-09-09 02:59:56,,
3915,30.0,3,1,aberto,2026-05-04 13:30:27,,
3916,48.0,8,3,em_andamento,2026-01-30 01:55:23,,
3917,27.0,2,3,em_andamento,2026-04-22 20:53:57,,
3918,19.0,5,2,cancelado,2025-08-16 01:49:26,,
3919,50.0,1,4,aberto,2026-03-19 10:51:09,,
3920,38.0,8,3,resolvido,2026-02-27 10:47:00,2026-03-03 10:47:00,4.0
3921,45.0,5,4,cancelado,2025-10-07 23:55:13,,
3922,18.0,3,4,em_andamento,2026-02-16 01:08:59,,
3923,29.0,3,1,em_andamento,2026-06-16 00:53:02,,
3924,42.0,8,4,em_andamento,2025-10-25 23:24:24,,
3925,36.0,9,2,aberto,2026-07-02 19:36:45,,
3926,18.0,6,3,aberto,2026-01-17 23:29:57,,
3927,18.0,9,3,cancelado,2026-06-09 02:17:28,,
3928,2.0,2,1,em_andamento,2026-03-24 13:57:27,,
3929,19.0,5,2,em_andamento,2026-03-18 18:21:48,,
3930,41.0,8,1,em_andamento,2026-02-19 19:29:02,,
3931,2.0,6,4,resolvido,2025-10-05 13:47:54,2025-10-08 13:47:54,3.0
3932,1.0,8,2,em_andamento,2026-03-03 21:26:55,,
3933,7.0,5,4,resolvido,2026-04-17 19:07:57,2026-04-22 19:07:57,5.0
3934,13.0,7,3,aberto,2026-03-16 22:28:56,,
3935,25.0,8,2,em_andamento,2025-12-30 18:04:38,,
3936,21.0,1,3,resolvido,2025-12-14 15:27:53,2025-12-17 15:27:53,3.0
3937,31.0,4,3,cancelado,2026-01-18 22:14:12,,
3938,15.0,7,1,aberto,2026-04-07 09:27:54,,
3939,7.0,10,2,em_andamento,2026-06-15 19:04:45,,
3940,27.0,1,2,cancelado,2025-12-05 18:20:17,,
3941,27.0,9,1,aberto,2026-04-07 11:51:45,,
3942,44.0,9,4,em_andamento,2026-02-13 06:56:15,,
3943,15.0,4,2,resolvido,2025-09-26 00:00:59,2025-10-05 00:00:59,9.0
3944,38.0,7,1,resolvido,2026-02-19 11:51:42,2026-02-27 11:51:42,8.0
3945,42.0,10,4,em_andamento,2026-02-07 12:43:54,,
3946,6.0,6,2,aberto,2026-07-22 12:08:00,,
3947,6.0,5,2,aberto,2026-07-05 02:22:24,,
3948,31.0,5,2,aberto,2025-08-31 07:48:36,,
3949,32.0,4,4,resolvido,2025-10-27 12:30:21,2025-11-06 12:30:21,10.0
3950,15.0,10,3,aberto,2025-08-06 18:16:18,,
3951,28.0,6,3,cancelado,2025-08-25 06:55:31,,
3952,36.0,3,1,aberto,2025-09-23 15:51:51,,
3953,41.0,10,1,resolvido,2026-07-16 02:25:16,2026-07-25 02:25:16,9.0
3954,13.0,3,2,em_andamento,2026-07-01 21:02:14,,
3955,48.0,1,2,em_andamento,2025-10-21 16:32:04,,
3956,14.0,4,2,resolvido,2026-03-08 20:50:05,2026-03-09 20:50:05,1.0
3957,15.0,10,2,aberto,2026-05-19 06:08:07,,
3958,8.0,4,3,resolvido,2026-04-14 18:46:40,2026-04-22 18:46:40,8.0
3959,44.0,7,2,aberto,2026-01-02 00:42:10,,
3960,11.0,8,4,aberto,2025-11-13 01:35:31,,
3961,11.0,6,1,em_andamento,2025-10-15 18:29:32,,
3962,44.0,7,1,aberto,2025-10-24 22:55:02,,
3963,49.0,3,2,aberto,2025-08-27 06:31:47,,
3964,10.0,7,1,cancelado,2025-10-08 08:30:22,,
3965,15.0,3,3,resolvido,2025-09-10 16:46:23,2025-09-18 16:46:23,8.0
3966,39.0,9,2,cancelado,2026-05-15 13:32:58,,
3967,28.0,3,4,resolvido,2025-08-15 03:11:43,2025-08-20 03:11:43,5.0
3968,21.0,5,2,aberto,2025-10-21 17:38:24,,
3969,13.0,7,3,cancelado,2026-06-29 15:18:40,,
3970,50.0,9,4,aberto,2026-07-13 16:47:20,,
3971,38.0,2,2,aberto,2025-08-04 21:15:28,,
3972,15.0,9,1,cancelado,2026-04-05 01:42:46,,
3973,26.0,10,2,aberto,2025-12-09 01:47:21,,
3974,34.0,3,2,em_andamento,2025-12-10 19:40:18,,
3975,16.0,1,1,em_andamento,2026-04-19 00:55:03,,
3976,35.0,9,1,resolvido,2026-03-16 12:15:02,2026-03-21 12:15:02,5.0
3977,17.0,6,2,em_andamento,2025-08-26 21:43:41,,
3978,3.0,7,4,em_andamento,2026-01-28 17:14:57,,
3979,9.0,4,1,em_andamento,2026-04-14 06:19:53,,
3980,40.0,8,1,cancelado,2025-09-30 09:41:43,,
3981,47.0,9,1,resolvido,2025-11-04 17:24:57,2025-11-10 17:24:57,6.0
3982,30.0,3,3,resolvido,2025-08-15 19:48:37,2025-08-28 19:48:37,13.0
3983,50.0,1,1,aberto,2026-05-05 11:47:34,,
3984,6.0,6,2,aberto,2026-04-20 17:44:44,,
3985,6.0,4,4,aberto,2026-01-16 22:28:04,,
3986,29.0,9,3,aberto,2026-04-24 13:52:44,,
3987,41.0,10,1,em_andamento,2026-05-29 01:43:42,,
3988,23.0,6,4,aberto,2025-09-15 02:38:01,,
3989,33.0,5,3,resolvido,2026-07-16 12:51:49,2026-07-24 12:51:49,8.0
3990,11.0,2,2,cancelado,2025-08-31 14:11:06,,
3991,19.0,8,1,em_andamento,2026-01-17 16:58:31,,
3992,12.0,5,1,resolvido,2025-12-22 10:13:32,2025-12-28 10:13:32,6.0
3993,28.0,8,1,aberto,2025-11-25 20:15:30,,
3994,39.0,1,1,resolvido,2025-10-02 08:36:01,2025-10-09 08:36:01,7.0
3995,16.0,7,3,resolvido,2026-01-10 02:48:27,2026-01-22 02:48:27,12.0
3996,18.0,9,2,cancelado,2026-02-06 05:28:27,,
3997,25.0,10,1,em_andamento,2025-12-05 22:13:34,,
3998,27.0,3,3,em_andamento,2025-12-17 20:07:49,,
3999,21.0,6,1,resolvido,2026-06-29 19:22:17,2026-07-09 19:22:17,10.0
4000,20.0,3,4,aberto,2026-04-18 16:03:45,,
4001,36.0,1,4,aberto,2026-02-20 02:24:52,,
4002,27.0,4,2,cancelado,2026-07-30 19:27:58,,
4003,39.0,10,4,resolvido,2026-05-07 22:59:13,2026-05-14 22:59:13,7.0
4004,40.0,9,2,em_andamento,2026-03-15 04:26:31,,
4005,5.0,1,3,aberto,2026-04-25 21:22:55,,
4006,8.0,7,3,aberto,2026-06-08 15:30:27,,
4007,36.0,9,1,resolvido,2026-04-21 06:15:00,2026-04-27 06:15:00,6.0
4008,41.0,5,2,cancelado,2026-04-11 21:40:06,,
4009,32.0,4,2,cancelado,2026-01-04 16:42:15,,
4010,46.0,4,1,cancelado,2025-08-29 06:57:38,,
4011,18.0,4,2,aberto,2026-03-30 22:13:46,,
4012,10.0,7,3,em_andamento,2026-05-30 14:40:13,,
4013,34.0,10,3,cancelado,2026-03-02 19:02:47,,
4014,20.0,3,1,em_andamento,2025-09-28 00:53:46,,
4015,27.0,3,3,cancelado,2025-10-21 13:00:15,,
4016,14.0,2,3,resolvido,2025-09-08 22:55:37,2025-09-22 22:55:37,14.0
4017,25.0,5,4,em_andamento,2025-11-28 11:47:31,,
4018,23.0,6,3,aberto,2026-07-25 01:13:48,,
4019,12.0,7,2,resolvido,2026-02-24 02:30:37,2026-03-07 02:30:37,11.0
4020,22.0,9,2,resolvido,2026-05-14 21:06:35,2026-05-23 21:06:35,9.0
4021,47.0,1,1,cancelado,2026-01-10 20:21:56,,
4022,25.0,5,4,resolvido,2025-12-05 22:11:43,2025-12-19 22:11:43,14.0
4023,19.0,9,1,em_andamento,2025-10-01 04:20:32,,
4024,47.0,2,3,em_andamento,2025-10-03 23:15:53,,
4025,36.0,9,2,resolvido,2026-02-13 06:16:11,2026-02-14 06:16:11,1.0
4026,30.0,10,1,resolvido,2026-02-16 16:23:22,2026-03-04 16:23:22,16.0
4027,3.0,5,1,resolvido,2026-07-02 13:15:56,2026-07-09 13:15:56,7.0
4028,14.0,6,2,resolvido,2026-05-28 09:57:49,2026-06-12 09:57:49,15.0
4029,38.0,6,1,cancelado,2025-11-21 23:49:50,,
4030,47.0,4,2,aberto,2025-11-02 13:01:56,,
4031,6.0,2,4,cancelado,2026-01-18 07:10:38,,
4032,47.0,2,1,em_andamento,2026-04-23 01:42:57,,
4033,16.0,10,1,em_andamento,2026-07-29 16:27:20,,
4034,32.0,4,2,cancelado,2025-09-16 02:03:05,,
4035,42.0,6,2,aberto,2025-10-02 07:34:39,,
4036,27.0,1,1,aberto,2026-02-21 07:40:19,,
4037,49.0,10,4,resolvido,2025-10-18 13:33:56,2025-10-26 13:33:56,8.0
4038,33.0,7,1,aberto,2025-10-23 20:37:19,,
4039,12.0,4,1,aberto,2025-09-18 02:36:42,,
4040,38.0,2,3,cancelado,2026-06-20 18:43:39,,
4041,8.0,9,2,aberto,2026-03-19 15:58:16,,
4042,16.0,7,3,cancelado,2025-11-17 23:06:02,,
4043,41.0,8,3,resolvido,2025-11-30 03:41:20,2025-12-06 03:41:20,6.0
4044,39.0,2,4,aberto,2025-08-08 00:00:23,,
4045,40.0,4,4,resolvido,2025-09-14 21:24:34,2025-09-18 21:24:34,4.0
4046,4.0,2,3,aberto,2026-02-05 18:56:10,,
4047,8.0,9,3,aberto,2026-01-28 11:11:32,,
4048,35.0,5,2,em_andamento,2025-10-24 15:32:58,,
4049,26.0,9,4,resolvido,2025-08-19 18:42:13,2025-08-23 18:42:13,4.0
4050,2.0,10,2,cancelado,2026-02-01 08:58:22,,
4051,13.0,3,2,em_andamento,2025-10-17 18:54:05,,
4052,39.0,10,2,aberto,2026-04-25 09:37:54,,
4053,16.0,8,3,resolvido,2025-10-31 07:48:14,2025-11-06 07:48:14,6.0
4054,17.0,1,3,em_andamento,2026-06-18 15:31:20,,
4055,34.0,9,4,aberto,2026-05-08 04:44:15,,
4056,24.0,1,3,em_andamento,2026-03-09 03:22:29,,
4057,32.0,7,4,cancelado,2025-09-29 01:19:14,,
4058,48.0,1,1,aberto,2026-01-10 21:39:52,,
4059,48.0,3,4,aberto,2025-09-06 11:38:03,,
4060,3.0,4,1,em_andamento,2026-04-25 23:06:30,,
4061,24.0,7,4,aberto,2025-12-17 17:52:34,,
4062,49.0,1,4,em_andamento,2025-12-16 12:06:46,,
4063,44.0,8,1,resolvido,2026-07-19 22:06:52,2026-07-27 22:06:52,8.0
4064,48.0,4,1,em_andamento,2026-06-13 19:25:02,,
4065,50.0,4,3,resolvido,2025-09-28 13:05:16,2025-09-30 13:05:16,2.0
4066,33.0,9,2,cancelado,2026-01-09 05:08:39,,
4067,37.0,2,4,cancelado,2026-02-19 18:17:12,,
4068,28.0,9,2,em_andamento,2025-11-08 02:10:53,,
4069,34.0,5,3,aberto,2026-06-28 18:12:07,,
4070,8.0,4,3,aberto,2026-03-02 05:33:45,,
4071,34.0,8,2,resolvido,2026-05-18 10:52:35,2026-05-30 10:52:35,12.0
4072,20.0,4,4,em_andamento,2026-03-05 13:09:44,,
4073,27.0,1,2,em_andamento,2025-12-13 15:26:07,,
4074,42.0,6,1,aberto,2026-07-12 03:11:12,,
4075,7.0,6,4,aberto,2026-02-22 13:09:19,,
4076,39.0,1,3,aberto,2026-03-28 07:50:08,,
4077,19.0,5,2,aberto,2026-05-27 13:35:00,,
4078,46.0,8,3,em_andamento,2026-04-07 11:58:21,,
4079,26.0,10,4,cancelado,2026-05-19 06:31:30,,
4080,50.0,5,4,aberto,2026-01-11 10:26:06,,
4081,34.0,5,2,resolvido,2026-01-19 14:35:03,2026-01-20 14:35:03,1.0
4082,37.0,4,2,resolvido,2026-01-05 22:34:33,2026-01-09 22:34:33,4.0
4083,37.0,2,3,aberto,2026-07-16 22:20:18,,
4084,50.0,9,3,em_andamento,2025-08-12 02:54:58,,
4085,12.0,4,1,em_andamento,2026-06-02 16:06:40,,
4086,50.0,4,3,em_andamento,2025-08-02 02:29:24,,
4087,50.0,7,4,aberto,2026-01-02 08:30:36,,
4088,27.0,10,1,cancelado,2025-08-11 17:56:55,,
4089,10.0,7,1,cancelado,2025-11-26 11:42:29,,
4090,49.0,7,1,cancelado,2026-01-06 12:52:18,,
4091,12.0,4,3,em_andamento,2025-12-27 09:17:16,,
4092,34.0,10,2,resolvido,2025-09-13 00:38:26,2025-09-17 00:38:26,4.0
4093,24.0,4,2,aberto,2025-08-26 21:38:03,,
4094,19.0,1,3,cancelado,2025-08-25 04:15:57,,
4095,43.0,2,2,cancelado,2026-03-16 06:42:19,,
4096,22.0,1,2,cancelado,2026-03-02 02:51:59,,
4097,38.0,6,2,cancelado,2026-03-23 23:25:49,,
4098,43.0,5,1,cancelado,2025-10-28 12:52:46,,
4099,37.0,7,3,cancelado,2025-09-01 20:06:21,,
4100,41.0,2,2,aberto,2025-12-24 00:34:07,,
4101,36.0,8,4,aberto,2025-10-06 07:16:50,,
4102,44.0,3,2,resolvido,2026-06-22 00:59:16,2026-06-24 00:59:16,2.0
4103,37.0,6,1,resolvido,2025-11-15 19:14:34,2025-11-25 19:14:34,10.0
4104,26.0,9,2,em_andamento,2025-12-29 23:42:39,,
4105,38.0,5,3,aberto,2026-04-26 11:34:31,,
4106,2.0,3,4,em_andamento,2025-12-20 21:27:14,,
4107,1.0,1,4,cancelado,2025-12-03 00:36:00,,
4108,25.0,2,1,aberto,2025-12-01 10:17:29,,
4109,49.0,7,2,aberto,2026-04-13 12:20:33,,
4110,6.0,4,3,aberto,2025-10-08 05:26:16,,
4111,4.0,2,4,aberto,2026-03-15 15:18:41,,
4112,40.0,5,1,resolvido,2025-08-18 05:41:04,2025-08-19 05:41:04,1.0
4113,41.0,10,1,resolvido,2026-06-09 06:10:04,2026-06-19 06:10:04,10.0
4114,12.0,9,2,cancelado,2025-09-12 21:01:42,,
4115,42.0,7,2,aberto,2026-02-26 01:45:07,,
4116,47.0,6,2,resolvido,2026-05-15 04:57:55,2026-05-23 04:57:55,8.0
4117,18.0,1,4,cancelado,2026-07-13 22:51:52,,
4118,29.0,10,3,cancelado,2026-02-20 00:38:05,,
4119,11.0,1,4,em_andamento,2025-09-05 18:10:45,,
4120,47.0,7,4,em_andamento,2026-03-31 08:06:17,,
4121,39.0,3,3,aberto,2026-05-05 15:22:28,,
4122,36.0,2,4,cancelado,2026-05-26 16:09:42,,
4123,25.0,1,2,aberto,2026-03-19 23:44:48,,
4124,50.0,5,1,cancelado,2026-06-21 23:15:49,,
4125,34.0,9,3,aberto,2025-09-27 21:49:40,,
4126,13.0,4,2,cancelado,2026-06-27 12:16:45,,
4127,15.0,2,2,resolvido,2025-10-10 16:05:16,2025-10-11 16:05:16,1.0
4128,13.0,6,4,aberto,2025-11-14 04:20:47,,
4129,30.0,9,1,cancelado,2025-12-21 02:40:21,,
4130,1.0,4,2,aberto,2026-06-11 08:30:06,,
4131,6.0,10,2,aberto,2026-05-06 23:11:42,,
4132,25.0,2,2,cancelado,2025-10-08 11:51:14,,
4133,16.0,9,3,em_andamento,2026-04-06 03:55:37,,
4134,30.0,8,3,cancelado,2025-11-24 06:12:31,,
4135,8.0,4,2,cancelado,2026-06-24 02:37:02,,
4136,5.0,9,3,resolvido,2026-03-24 10:55:18,2026-04-07 10:55:18,14.0
4137,17.0,10,1,em_andamento,2025-10-11 00:46:27,,
4138,38.0,6,1,em_andamento,2026-03-11 08:00:51,,
4139,26.0,5,1,aberto,2026-02-07 03:01:35,,
4140,28.0,5,3,aberto,2025-11-03 12:35:15,,
4141,16.0,8,2,resolvido,2025-09-01 07:53:14,2025-09-09 07:53:14,8.0
4142,35.0,2,2,cancelado,2025-09-24 11:48:56,,
4143,48.0,8,2,em_andamento,2026-04-15 00:10:50,,
4144,5.0,1,2,aberto,2026-06-30 19:02:30,,
4145,32.0,10,2,aberto,2026-01-04 16:16:42,,
4146,41.0,4,3,cancelado,2025-11-09 04:59:44,,
4147,11.0,10,3,cancelado,2026-07-16 16:27:26,,
4148,47.0,10,4,em_andamento,2025-09-14 18:52:08,,
4149,49.0,7,2,em_andamento,2025-10-17 02:57:52,,
4150,8.0,9,2,resolvido,2025-09-03 22:20:39,2025-09-06 22:20:39,3.0
4151,27.0,1,3,em_andamento,2026-04-04 09:07:38,,
4152,37.0,8,1,cancelado,2025-08-03 18:00:37,,
4153,45.0,10,4,cancelado,2025-12-24 17:35:49,,
4154,44.0,2,4,cancelado,2026-01-15 04:01:26,,
4155,45.0,1,4,cancelado,2026-07-18 10:51:19,,
4156,16.0,7,2,aberto,2026-03-29 08:16:47,,
4157,24.0,1,4,em_andamento,2026-01-03 04:08:47,,
4158,6.0,3,2,em_andamento,2025-10-24 16:36:57,,
4159,41.0,6,3,em_andamento,2026-07-14 12:34:02,,
4160,6.0,7,3,aberto,2026-05-22 15:21:04,,
4161,50.0,6,4,aberto,2026-06-23 19:52:27,,
4162,44.0,5,4,em_andamento,2026-02-04 09:52:15,,
4163,47.0,2,2,aberto,2025-10-27 08:06:02,,
4164,37.0,3,3,cancelado,2026-01-11 01:52:42,,
4165,30.0,10,1,resolvido,2025-09-06 17:21:26,2025-09-13 17:21:26,7.0
4166,35.0,5,1,em_andamento,2026-06-05 22:11:12,,
4167,9.0,1,3,aberto,2026-03-30 22:06:54,,
4168,39.0,4,4,resolvido,2025-08-12 20:18:31,2025-08-24 20:18:31,12.0
4169,33.0,5,2,resolvido,2025-10-13 03:01:15,2025-10-22 03:01:15,9.0
4170,48.0,10,1,aberto,2026-04-04 17:29:49,,
4171,19.0,6,4,cancelado,2026-04-05 23:47:05,,
4172,49.0,1,4,aberto,2026-03-01 04:18:49,,
4173,23.0,3,2,cancelado,2025-11-30 06:30:45,,
4174,29.0,7,4,em_andamento,2026-07-14 15:42:37,,
4175,35.0,3,1,cancelado,2026-03-29 16:05:59,,
4176,18.0,7,1,aberto,2026-05-29 19:37:36,,
4177,47.0,8,4,cancelado,2025-09-12 06:13:24,,
4178,25.0,9,2,cancelado,2026-05-02 09:54:21,,
4179,33.0,8,2,em_andamento,2025-08-17 23:29:44,,
4180,21.0,9,2,cancelado,2026-02-21 05:03:17,,
4181,48.0,1,3,aberto,2025-11-20 15:59:40,,
4182,26.0,3,2,resolvido,2026-02-11 02:10:21,2026-02-15 02:10:21,4.0
4183,4.0,5,1,resolvido,2026-02-12 21:06:28,2026-02-19 21:06:28,7.0
4184,47.0,10,3,cancelado,2026-05-04 00:26:01,,
4185,37.0,1,1,aberto,2025-10-12 00:09:20,,
4186,11.0,5,2,resolvido,2026-03-16 16:03:16,2026-03-19 16:03:16,3.0
4187,24.0,5,3,em_andamento,2026-07-10 20:08:23,,
4188,34.0,7,4,cancelado,2026-02-22 09:33:38,,
4189,13.0,3,3,resolvido,2026-01-28 05:58:08,2026-02-05 05:58:08,8.0
4190,9.0,9,3,cancelado,2025-09-20 08:13:48,,
4191,15.0,4,1,resolvido,2026-06-20 19:14:40,2026-06-29 19:14:40,9.0
4192,26.0,3,3,aberto,2025-08-12 14:18:27,,
4193,44.0,6,2,resolvido,2025-08-11 19:59:24,2025-08-16 19:59:24,5.0
4194,12.0,6,4,em_andamento,2025-10-09 09:10:34,,
4195,37.0,3,4,em_andamento,2026-05-29 06:53:34,,
4196,45.0,4,3,resolvido,2026-01-30 08:49:19,2026-01-31 08:49:19,1.0
4197,7.0,4,1,cancelado,2026-05-27 09:45:01,,
4198,24.0,6,1,cancelado,2025-10-01 02:58:46,,
4199,34.0,5,4,resolvido,2025-08-14 19:37:58,2025-08-24 19:37:58,10.0
4200,32.0,5,3,em_andamento,2026-02-19 10:17:12,,
4201,1.0,4,3,aberto,2025-12-01 07:47:16,,
4202,44.0,9,1,aberto,2025-09-19 18:36:18,,
4203,31.0,10,4,em_andamento,2026-05-30 21:30:49,,
4204,4.0,4,3,em_andamento,2026-02-09 04:13:50,,
4205,18.0,1,1,resolvido,2026-06-03 09:36:05,2026-06-10 09:36:05,7.0
4206,14.0,7,3,aberto,2026-06-06 08:10:14,,
4207,21.0,5,4,aberto,2025-08-02 11:38:44,,
4208,21.0,6,2,aberto,2025-10-06 03:50:44,,
4209,14.0,3,3,em_andamento,2026-04-06 05:27:58,,
4210,27.0,8,1,em_andamento,2026-06-11 18:31:07,,
4211,28.0,8,3,aberto,2026-07-13 18:49:15,,
4212,2.0,10,3,em_andamento,2026-07-27 12:34:41,,
4213,45.0,2,3,aberto,2026-06-13 01:13:21,,
4214,3.0,6,2,cancelado,2026-07-18 16:34:28,,
4215,25.0,10,1,cancelado,2026-04-21 11:23:14,,
4216,36.0,1,2,cancelado,2026-05-29 09:58:44,,
4217,1.0,5,3,em_andamento,2025-08-11 09:55:19,,
4218,16.0,9,3,cancelado,2026-01-20 09:02:28,,
4219,11.0,3,3,cancelado,2025-11-18 02:53:51,,
4220,27.0,1,3,cancelado,2026-05-06 01:29:29,,
4221,49.0,8,4,resolvido,2026-05-27 14:58:15,2026-06-02 14:58:15,6.0
4222,32.0,6,3,resolvido,2025-12-26 10:29:03,2026-01-04 10:29:03,9.0
4223,35.0,6,4,resolvido,2026-02-23 17:03:52,2026-03-03 17:03:52,8.0
4224,46.0,10,3,em_andamento,2026-05-14 04:23:38,,
4225,33.0,3,3,aberto,2026-04-04 08:17:42,,
4226,6.0,7,3,aberto,2026-01-27 05:48:13,,
4227,9.0,1,1,aberto,2025-10-21 22:38:01,,
4228,10.0,5,3,em_andamento,2026-04-12 23:27:09,,
4229,38.0,4,1,em_andamento,2026-03-15 22:59:43,,
4230,9.0,2,3,resolvido,2026-02-01 10:29:31,2026-02-04 10:29:31,3.0
4231,5.0,4,1,resolvido,2025-09-25 16:12:19,2025-10-01 16:12:19,6.0
4232,14.0,7,2,aberto,2025-08-19 06:49:49,,
4233,19.0,5,3,cancelado,2025-12-07 00:14:46,,
4234,25.0,10,4,em_andamento,2026-02-14 08:40:50,,
4235,32.0,4,4,cancelado,2026-03-01 06:51:58,,
4236,41.0,8,3,cancelado,2025-12-03 16:52:36,,
4237,10.0,1,2,resolvido,2025-12-01 21:04:14,2025-12-08 21:04:14,7.0
4238,33.0,3,3,resolvido,2026-02-21 06:54:03,2026-03-02 06:54:03,9.0
4239,34.0,4,2,aberto,2026-01-21 12:24:20,,
4240,48.0,3,2,aberto,2026-05-30 13:26:06,,
4241,9.0,4,2,aberto,2026-06-28 15:14:58,,
4242,41.0,5,1,aberto,2025-09-10 20:58:40,,
4243,25.0,1,1,em_andamento,2026-02-28 14:44:46,,
4244,27.0,5,4,em_andamento,2025-12-07 13:28:11,,
4245,14.0,9,4,resolvido,2026-03-08 23:57:55,2026-03-24 23:57:55,16.0
4246,2.0,9,2,cancelado,2026-05-20 21:26:17,,
4247,26.0,9,1,cancelado,2026-04-07 17:49:32,,
4248,12.0,3,3,cancelado,2025-09-08 09:38:06,,
4249,30.0,6,3,resolvido,2026-03-20 23:27:52,2026-03-24 23:27:52,4.0
4250,9.0,7,2,aberto,2026-04-16 05:07:49,,
4251,21.0,3,1,cancelado,2026-07-12 15:07:29,,
4252,25.0,9,2,aberto,2026-05-01 12:24:16,,
4253,26.0,1,2,cancelado,2026-03-31 21:53:52,,
4254,8.0,8,2,aberto,2026-02-23 15:07:40,,
4255,30.0,4,2,cancelado,2026-06-19 14:09:31,,
4256,46.0,4,2,aberto,2025-10-31 02:41:25,,
4257,21.0,3,2,em_andamento,2026-06-10 04:53:28,,
4258,37.0,10,2,cancelado,2025-08-18 00:28:37,,
4259,11.0,2,4,resolvido,2026-05-09 05:15:28,2026-05-14 05:15:28,5.0
4260,43.0,10,1,resolvido,2026-01-08 14:35:01,2026-01-15 14:35:01,7.0
4261,16.0,3,3,resolvido,2025-09-12 09:01:41,2025-09-24 09:01:41,12.0
4262,45.0,4,2,resolvido,2026-02-05 18:15:42,2026-02-08 18:15:42,3.0
4263,27.0,2,4,cancelado,2026-02-06 21:12:59,,
4264,48.0,8,2,em_andamento,2026-01-26 03:33:38,,
4265,26.0,5,2,aberto,2026-01-08 01:49:36,,
4266,37.0,6,3,resolvido,2026-01-30 11:49:09,2026-02-04 11:49:09,5.0
4267,37.0,8,1,em_andamento,2026-06-11 14:43:43,,
4268,29.0,10,4,aberto,2025-11-19 21:33:16,,
4269,12.0,10,2,cancelado,2026-02-04 13:41:49,,
4270,5.0,3,1,resolvido,2026-07-16 04:09:53,2026-07-23 04:09:53,7.0
4271,30.0,9,4,aberto,2025-12-11 14:18:45,,
4272,14.0,8,3,em_andamento,2026-07-14 07:14:07,,
4273,38.0,9,2,em_andamento,2025-11-08 01:38:10,,
4274,10.0,1,1,em_andamento,2026-03-20 23:11:23,,
4275,24.0,7,1,em_andamento,2026-03-19 01:25:48,,
4276,12.0,1,1,resolvido,2025-09-03 07:48:12,2025-09-18 07:48:12,15.0
4277,49.0,9,4,cancelado,2025-12-29 23:37:26,,
4278,34.0,9,4,resolvido,2025-08-01 18:57:26,2025-08-05 18:57:26,4.0
4279,47.0,6,3,em_andamento,2026-01-23 06:04:09,,
4280,16.0,9,4,aberto,2025-09-27 21:30:40,,
4281,49.0,1,2,aberto,2026-02-11 10:07:39,,
4282,18.0,5,2,cancelado,2026-04-02 15:53:52,,
4283,42.0,2,3,aberto,2026-02-11 21:41:52,,
4284,30.0,2,3,em_andamento,2026-07-22 20:23:53,,
4285,14.0,10,1,aberto,2026-01-08 19:22:31,,
4286,50.0,3,2,resolvido,2026-04-24 09:42:57,2026-04-25 09:42:57,1.0
4287,43.0,1,1,resolvido,2026-03-01 10:02:45,2026-03-09 10:02:45,8.0
4288,48.0,9,2,aberto,2026-02-20 18:47:40,,
4289,40.0,4,1,cancelado,2026-04-01 11:22:20,,
4290,31.0,2,2,cancelado,2026-05-04 08:20:54,,
4291,6.0,10,1,em_andamento,2025-08-13 04:20:21,,
4292,26.0,1,2,em_andamento,2025-09-03 23:50:19,,
4293,8.0,4,2,aberto,2025-12-23 09:05:34,,
4294,44.0,8,4,cancelado,2025-09-20 23:02:21,,
4295,49.0,3,1,aberto,2025-08-29 16:16:33,,
4296,39.0,2,1,aberto,2026-04-13 06:44:43,,
4297,25.0,7,1,em_andamento,2025-08-06 13:30:42,,
4298,12.0,1,1,aberto,2026-02-16 02:12:37,,
4299,29.0,3,3,cancelado,2026-05-17 08:56:17,,
4300,16.0,4,2,aberto,2025-08-08 14:39:35,,
4301,19.0,10,2,cancelado,2026-02-26 16:40:46,,
4302,25.0,6,2,aberto,2025-12-20 00:10:05,,
4303,43.0,3,4,resolvido,2025-12-08 21:59:22,2025-12-18 21:59:22,10.0
4304,50.0,9,1,em_andamento,2025-09-07 02:00:18,,
4305,49.0,5,2,aberto,2026-06-15 21:37:21,,
4306,6.0,5,1,cancelado,2026-05-21 20:39:49,,
4307,41.0,9,2,resolvido,2026-07-10 21:02:10,2026-07-20 21:02:10,10.0
4308,21.0,3,2,resolvido,2026-03-23 03:57:18,2026-03-25 03:57:18,2.0
4309,25.0,3,1,em_andamento,2025-11-24 07:08:06,,
4310,45.0,6,3,cancelado,2026-04-30 08:28:13,,
4311,5.0,1,2,resolvido,2026-04-21 11:26:08,2026-05-02 11:26:08,11.0
4312,32.0,1,1,em_andamento,2026-06-29 19:00:33,,
4313,30.0,2,2,resolvido,2026-03-16 03:45:05,2026-03-27 03:45:05,11.0
4314,13.0,7,3,resolvido,2026-06-14 07:50:25,2026-06-17 07:50:25,3.0
4315,49.0,3,2,aberto,2026-03-02 23:37:27,,
4316,17.0,2,2,aberto,2025-09-20 08:20:53,,
4317,10.0,8,1,cancelado,2025-10-30 03:13:10,,
4318,8.0,6,2,cancelado,2025-08-20 18:38:48,,
4319,15.0,9,4,resolvido,2026-05-21 13:15:36,2026-05-27 13:15:36,6.0
4320,4.0,3,1,cancelado,2026-06-11 19:04:07,,
4321,47.0,2,4,cancelado,2026-01-14 01:33:18,,
4322,38.0,1,4,em_andamento,2026-05-14 21:03:49,,
4323,9.0,3,3,aberto,2026-01-27 00:31:05,,
4324,22.0,6,3,em_andamento,2026-06-28 01:43:49,,
4325,44.0,1,2,resolvido,2025-12-29 02:33:25,2026-01-06 02:33:25,8.0
4326,2.0,10,3,cancelado,2025-09-30 00:25:31,,
4327,32.0,10,4,resolvido,2025-10-04 16:19:58,2025-10-11 16:19:58,7.0
4328,28.0,5,1,resolvido,2026-06-10 04:25:11,2026-06-11 04:25:11,1.0
4329,23.0,6,3,cancelado,2025-09-12 03:13:52,,
4330,12.0,4,3,cancelado,2025-08-29 10:49:41,,
4331,7.0,3,3,cancelado,2026-06-09 11:43:28,,
4332,28.0,1,1,aberto,2026-06-20 21:05:16,,
4333,36.0,1,1,aberto,2026-07-01 14:50:44,,
4334,3.0,4,1,cancelado,2026-06-19 19:10:40,,
4335,36.0,4,1,cancelado,2026-01-31 13:27:30,,
4336,26.0,5,1,cancelado,2025-12-02 01:32:30,,
4337,11.0,7,1,aberto,2026-04-24 12:25:30,,
4338,34.0,2,3,cancelado,2026-02-04 03:01:36,,
4339,7.0,3,1,aberto,2026-02-17 09:04:45,,
4340,22.0,1,4,aberto,2025-09-14 07:34:29,,
4341,13.0,9,1,cancelado,2026-05-10 11:23:35,,
4342,29.0,2,2,aberto,2026-07-27 10:34:54,,
4343,30.0,4,3,aberto,2025-11-29 13:02:52,,
4344,4.0,5,3,resolvido,2026-04-30 04:36:46,2026-05-09 04:36:46,9.0
4345,32.0,5,2,cancelado,2026-05-02 17:20:26,,
4346,12.0,2,2,aberto,2026-02-09 08:05:27,,
4347,2.0,10,4,em_andamento,2025-08-20 10:30:47,,
4348,23.0,9,3,cancelado,2026-01-24 12:51:04,,
4349,28.0,7,3,cancelado,2025-10-16 04:20:55,,
4350,2.0,4,1,aberto,2025-08-05 16:33:13,,
4351,22.0,4,2,cancelado,2025-12-09 12:48:51,,
4352,11.0,8,3,cancelado,2026-05-04 21:37:20,,
4353,26.0,7,2,aberto,2025-09-02 00:32:59,,
4354,23.0,10,1,em_andamento,2025-08-21 20:10:57,,
4355,9.0,8,1,aberto,2025-09-25 01:43:55,,
4356,4.0,5,4,cancelado,2025-08-05 03:32:46,,
4357,28.0,2,3,resolvido,2025-08-02 00:18:41,2025-08-08 00:18:41,6.0
4358,5.0,2,1,cancelado,2025-10-03 06:18:32,,
4359,38.0,8,4,aberto,2025-10-12 13:16:21,,
4360,17.0,1,1,resolvido,2025-11-20 18:53:17,2025-11-26 18:53:17,6.0
4361,38.0,4,1,resolvido,2026-03-31 07:17:39,2026-04-03 07:17:39,3.0
4362,43.0,2,3,em_andamento,2026-04-30 00:21:25,,
4363,3.0,5,1,resolvido,2025-08-22 13:20:56,2025-08-27 13:20:56,5.0
4364,42.0,10,4,cancelado,2026-06-17 00:54:33,,
4365,39.0,9,4,em_andamento,2025-11-17 11:16:07,,
4366,42.0,2,2,cancelado,2026-03-17 00:10:11,,
4367,38.0,8,1,cancelado,2025-08-19 09:18:18,,
4368,25.0,10,3,aberto,2025-08-09 04:06:55,,
4369,27.0,7,1,em_andamento,2025-08-21 10:28:13,,
4370,14.0,8,3,aberto,2026-05-09 14:31:26,,
4371,32.0,8,3,em_andamento,2026-05-31 11:16:15,,
4372,15.0,3,3,cancelado,2025-08-24 22:56:25,,
4373,12.0,4,3,aberto,2025-08-21 02:17:17,,
4374,40.0,8,1,aberto,2026-03-12 17:02:20,,
4375,46.0,5,2,cancelado,2025-10-26 09:56:54,,
4376,43.0,3,1,em_andamento,2026-05-05 09:15:08,,
4377,30.0,1,4,em_andamento,2026-07-09 05:20:31,,
4378,7.0,2,4,aberto,2025-09-19 01:34:40,,
4379,11.0,1,3,aberto,2026-04-20 03:34:30,,
4380,35.0,2,2,resolvido,2026-07-24 10:33:40,2026-07-28 10:33:40,4.0
4381,37.0,9,4,em_andamento,2025-09-18 13:14:21,,
4382,8.0,2,4,aberto,2026-02-26 16:52:10,,
4383,47.0,9,3,aberto,2026-03-20 05:35:08,,
4384,5.0,9,4,resolvido,2025-12-29 01:33:35,2025-12-30 01:33:35,1.0
4385,20.0,9,2,em_andamento,2026-07-08 11:35:02,,
4386,49.0,2,4,resolvido,2025-11-22 01:42:52,2025-11-23 01:42:52,1.0
4387,15.0,10,4,resolvido,2025-12-15 17:28:33,2025-12-21 17:28:33,6.0
4388,29.0,1,2,aberto,2026-07-11 06:11:14,,
4389,2.0,5,1,cancelado,2026-03-20 00:20:51,,
4390,31.0,6,4,aberto,2025-10-08 10:37:56,,
4391,12.0,4,4,aberto,2025-09-04 02:58:40,,
4392,20.0,10,4,aberto,2026-03-09 05:27:15,,
4393,49.0,2,2,cancelado,2026-05-22 06:02:49,,
4394,44.0,10,3,em_andamento,2025-10-16 07:14:55,,
4395,39.0,7,2,cancelado,2026-01-04 10:24:47,,
4396,47.0,7,4,aberto,2026-02-09 03:27:12,,
4397,18.0,1,3,em_andamento,2025-12-25 00:59:05,,
4398,46.0,2,3,aberto,2025-10-16 16:08:37,,
4399,38.0,7,1,resolvido,2026-06-19 09:25:34,2026-06-21 09:25:34,2.0
4400,36.0,4,2,cancelado,2026-03-10 17:30:34,,
4401,19.0,9,2,resolvido,2025-11-29 00:57:31,2025-12-08 00:57:31,9.0
4402,47.0,7,3,aberto,2025-08-07 15:45:34,,
4403,50.0,8,4,em_andamento,2026-05-16 07:08:33,,
4404,19.0,1,4,resolvido,2025-08-20 15:43:05,2025-08-28 15:43:05,8.0
4405,35.0,4,3,cancelado,2025-10-02 07:28:22,,
4406,2.0,5,4,resolvido,2025-09-07 20:47:00,2025-09-10 20:47:00,3.0
4407,10.0,2,4,aberto,2026-03-12 00:27:05,,
4408,10.0,9,3,aberto,2025-12-19 13:17:09,,
4409,25.0,3,2,resolvido,2025-10-29 13:00:58,2025-11-02 13:00:58,4.0
4410,41.0,7,3,em_andamento,2025-12-31 11:19:01,,
4411,1.0,9,2,resolvido,2026-07-13 03:06:34,2026-07-18 03:06:34,5.0
4412,35.0,7,2,aberto,2026-03-06 22:21:15,,
4413,28.0,3,3,cancelado,2026-06-07 05:24:02,,
4414,31.0,3,4,aberto,2025-09-17 09:58:56,,
4415,28.0,1,1,aberto,2026-03-08 20:49:15,,
4416,20.0,2,2,aberto,2025-09-03 12:21:00,,
4417,38.0,4,3,em_andamento,2025-12-17 17:16:59,,
4418,14.0,7,1,em_andamento,2025-12-05 02:05:08,,
4419,14.0,8,4,aberto,2025-10-12 06:50:41,,
4420,22.0,3,2,aberto,2026-04-10 18:31:11,,
4421,17.0,6,1,cancelado,2026-07-06 05:59:38,,
4422,22.0,1,2,resolvido,2026-06-06 16:17:23,2026-06-15 16:17:23,9.0
4423,20.0,8,2,resolvido,2025-09-19 06:45:21,2025-09-24 06:45:21,5.0
4424,8.0,10,1,cancelado,2025-11-22 03:24:52,,
4425,21.0,1,2,resolvido,2026-03-12 13:54:57,2026-03-17 13:54:57,5.0
4426,27.0,7,1,cancelado,2025-12-11 03:43:23,,
4427,49.0,8,1,em_andamento,2026-01-07 01:23:06,,
4428,45.0,5,1,aberto,2025-12-09 10:47:32,,
4429,26.0,8,2,aberto,2026-05-14 02:12:57,,
4430,18.0,2,4,resolvido,2026-05-20 15:16:37,2026-06-02 15:16:37,13.0
4431,27.0,9,1,em_andamento,2026-07-13 07:07:55,,
4432,21.0,10,2,cancelado,2025-11-17 13:13:39,,
4433,41.0,7,3,cancelado,2025-11-13 07:46:45,,-5.0
4434,40.0,9,2,cancelado,2026-06-20 00:57:33,,
4435,45.0,10,4,resolvido,2025-11-11 09:57:07,2025-11-21 09:57:07,10.0
4436,20.0,2,3,resolvido,2026-01-18 10:03:52,2026-01-23 10:03:52,5.0
4437,38.0,5,3,aberto,2026-05-16 09:30:33,,
4438,8.0,2,2,em_andamento,2025-09-20 10:15:15,,
4439,4.0,8,3,em_andamento,2026-02-04 18:10:14,,
4440,45.0,7,1,resolvido,2026-07-30 07:36:51,2026-08-09 07:36:51,10.0
4441,28.0,1,2,cancelado,2025-11-05 19:25:07,,
4442,14.0,7,3,em_andamento,2026-06-11 13:18:12,,
4443,27.0,3,1,resolvido,2026-02-26 14:06:53,2026-03-07 14:06:53,9.0
4444,21.0,6,1,cancelado,2026-06-17 20:54:51,,
4445,32.0,1,1,aberto,2026-01-06 15:28:13,,
4446,39.0,10,3,em_andamento,2026-07-27 18:07:49,,
4447,20.0,9,3,em_andamento,2026-07-18 17:07:38,,
4448,4.0,5,4,cancelado,2026-02-02 03:31:34,,
4449,44.0,5,4,cancelado,2025-12-04 05:16:02,,
4450,32.0,7,1,resolvido,2026-07-08 01:41:30,2026-07-15 01:41:30,7.0
4451,1.0,5,3,cancelado,2026-03-18 22:43:48,,
4452,24.0,8,4,resolvido,2026-02-23 23:05:54,2026-02-26 23:05:54,3.0
4453,35.0,1,4,resolvido,2026-04-30 12:53:42,2026-05-08 12:53:42,8.0
4454,13.0,9,1,cancelado,2025-08-01 15:16:22,,
4455,9.0,4,3,resolvido,2026-03-30 14:02:47,2026-03-31 14:02:47,1.0
4456,26.0,7,2,em_andamento,2025-08-06 05:08:52,,
4457,50.0,7,3,resolvido,2026-04-10 07:10:56,2026-04-20 07:10:56,10.0
4458,22.0,10,3,em_andamento,2025-08-07 12:52:48,,
4459,4.0,1,4,em_andamento,2025-08-16 16:16:31,,
4460,12.0,2,2,em_andamento,2026-04-11 21:37:52,,
4461,19.0,3,4,cancelado,2025-08-16 16:59:46,,
4462,31.0,8,3,cancelado,2026-04-07 11:33:54,,
4463,9.0,6,1,cancelado,2026-07-22 06:17:41,,
4464,2.0,2,1,em_andamento,2025-11-09 11:59:55,,
4465,18.0,2,1,resolvido,2026-07-06 21:10:10,2026-07-14 21:10:10,8.0
4466,33.0,5,4,aberto,2025-12-19 14:56:01,,
4467,1.0,9,1,aberto,2026-04-13 16:02:35,,
4468,31.0,10,4,cancelado,2025-12-24 15:50:07,,
4469,46.0,8,2,em_andamento,2025-09-10 17:54:09,,
4470,6.0,3,3,cancelado,2026-05-27 16:36:17,,
4471,1.0,5,4,em_andamento,2026-04-28 18:01:22,,
4472,46.0,7,3,em_andamento,2025-10-30 07:20:18,,
4473,41.0,7,1,em_andamento,2025-10-31 19:10:00,,
4474,47.0,2,2,aberto,2026-03-09 13:36:29,,
4475,14.0,9,3,em_andamento,2026-04-19 08:36:08,,
4476,48.0,8,3,em_andamento,2025-10-09 21:33:40,,
4477,28.0,6,4,aberto,2026-05-15 22:54:09,,
4478,30.0,9,3,em_andamento,2025-11-17 20:48:46,,
4479,24.0,5,2,resolvido,2026-07-22 18:36:21,2026-08-02 18:36:21,11.0
4480,45.0,4,3,resolvido,2025-08-30 22:41:02,2025-09-10 22:41:02,11.0
4481,24.0,5,1,aberto,2025-09-10 22:11:29,,
4482,44.0,7,3,resolvido,2026-04-05 16:11:31,2026-04-10 16:11:31,5.0
4483,30.0,6,2,em_andamento,2026-03-28 12:18:53,,
4484,5.0,2,2,em_andamento,2025-12-20 11:32:56,,
4485,10.0,8,3,cancelado,2025-10-28 23:23:12,,
4486,44.0,10,1,cancelado,2026-04-30 23:26:16,,
4487,29.0,7,2,em_andamento,2025-10-05 11:05:23,,
4488,43.0,5,2,cancelado,2025-11-23 06:53:33,,
4489,11.0,1,2,cancelado,2026-05-25 18:54:49,,
4490,44.0,3,1,cancelado,2025-12-10 04:16:10,,
4491,23.0,1,1,aberto,2025-08-28 17:59:29,,
4492,39.0,7,2,aberto,2025-10-04 01:27:09,,
4493,17.0,6,2,aberto,2026-02-13 06:33:09,,
4494,25.0,10,2,resolvido,2026-04-15 05:23:36,2026-04-19 05:23:36,4.0
4495,47.0,9,2,resolvido,2026-06-13 04:28:05,2026-06-17 04:28:05,4.0
4496,15.0,5,1,aberto,2026-03-03 01:51:15,,
4497,45.0,2,1,cancelado,2025-12-09 09:58:13,,
4498,29.0,8,3,aberto,2026-05-09 13:56:48,,
4499,28.0,6,2,resolvido,2026-07-05 01:36:16,2026-07-09 01:36:16,4.0
4500,17.0,5,3,resolvido,2026-03-10 07:22:00,2026-03-16 07:22:00,6.0
4501,35.0,4,3,aberto,2026-05-20 09:04:50,,
4502,31.0,10,2,cancelado,2026-05-09 02:13:32,,
4503,46.0,9,1,aberto,2025-10-09 10:47:10,,
4504,42.0,6,2,aberto,2026-05-05 08:30:05,,
4505,10.0,9,4,resolvido,2026-04-19 00:10:46,2026-04-27 00:10:46,8.0
4506,35.0,7,4,em_andamento,2026-05-26 14:24:21,,
4507,49.0,10,1,resolvido,2026-06-05 23:26:57,2026-06-15 23:26:57,10.0
4508,38.0,3,4,aberto,2026-07-20 10:59:04,,
4509,18.0,8,2,resolvido,2026-02-11 09:40:13,2026-02-17 09:40:13,6.0
4510,25.0,4,1,aberto,2026-04-30 00:46:06,,
4511,47.0,10,4,resolvido,2025-10-31 14:52:14,2025-11-07 14:52:14,7.0
4512,14.0,9,2,cancelado,2025-11-20 02:25:55,,
4513,11.0,9,2,em_andamento,2025-11-24 18:30:18,,
4514,37.0,2,2,aberto,2025-09-26 14:17:06,,
4515,42.0,9,4,aberto,2026-01-21 12:52:02,,
4516,26.0,3,2,em_andamento,2025-12-25 23:16:20,,
4517,34.0,9,1,em_andamento,2025-08-03 15:57:39,,
4518,11.0,3,1,aberto,2026-06-01 20:09:06,,
4519,8.0,1,2,em_andamento,2025-09-10 08:30:38,,
4520,12.0,1,1,aberto,2025-09-15 05:49:25,,
4521,45.0,9,4,cancelado,2026-05-04 00:05:01,,
4522,28.0,7,1,aberto,2026-07-24 01:14:06,,
4523,2.0,9,4,cancelado,2025-09-24 01:52:43,,
4524,8.0,1,1,resolvido,2026-02-14 14:24:35,2026-02-22 14:24:35,8.0
4525,13.0,6,4,aberto,2025-10-02 13:13:12,,
4526,19.0,1,2,resolvido,2026-02-23 18:36:23,2026-03-07 18:36:23,12.0
4527,42.0,2,1,cancelado,2026-06-12 23:22:01,,
4528,18.0,7,2,em_andamento,2025-12-13 03:03:22,,
4529,21.0,5,4,resolvido,2026-02-01 11:30:36,2026-02-05 11:30:36,4.0
4530,44.0,2,1,aberto,2025-11-27 01:13:18,,
4531,13.0,1,4,cancelado,2026-05-05 19:59:37,,
4532,12.0,1,3,resolvido,2025-09-11 04:42:48,2025-09-27 04:42:48,16.0
4533,38.0,7,4,aberto,2026-07-03 21:44:11,,
4534,22.0,1,1,cancelado,2025-09-14 23:38:27,,
4535,28.0,7,4,resolvido,2026-06-22 18:56:11,2026-06-25 18:56:11,3.0
4536,6.0,2,1,cancelado,2026-04-29 03:05:00,,
4537,24.0,5,1,aberto,2026-01-02 08:37:10,,
4538,46.0,4,3,aberto,2026-04-05 08:45:15,,
4539,29.0,9,3,aberto,2025-10-04 00:17:07,,
4540,26.0,10,3,cancelado,2025-09-26 16:06:10,,
4541,3.0,9,1,resolvido,2025-08-02 07:52:08,2025-08-09 07:52:08,7.0
4542,28.0,7,2,resolvido,2025-10-17 20:29:52,2025-10-18 20:29:52,1.0
4543,36.0,3,4,cancelado,2026-03-12 15:34:32,,
4544,11.0,7,4,aberto,2025-10-14 10:13:28,,
4545,34.0,4,4,aberto,2025-08-01 17:14:30,,
4546,31.0,9,4,aberto,2026-07-10 03:42:03,,
4547,24.0,1,3,cancelado,2026-07-31 12:02:24,,
4548,12.0,6,4,aberto,2026-05-24 01:48:10,,
4549,37.0,8,4,aberto,2026-07-08 10:15:31,,
4550,45.0,10,2,em_andamento,2026-01-07 05:36:16,,
4551,2.0,2,2,cancelado,2026-01-30 23:55:04,,
4552,45.0,6,4,em_andamento,2026-01-15 06:38:28,,
4553,25.0,1,3,aberto,2026-04-08 16:24:44,,
4554,36.0,1,3,em_andamento,2025-12-26 16:20:09,,
4555,5.0,8,3,resolvido,2026-03-30 15:16:13,2026-03-31 15:16:13,1.0
4556,8.0,8,4,cancelado,2026-07-03 20:03:12,,
4557,19.0,2,2,cancelado,2026-01-10 23:07:41,,
4558,19.0,7,2,aberto,2026-06-29 07:56:12,,
4559,7.0,9,2,resolvido,2025-10-16 10:37:06,2025-10-22 10:37:06,6.0
4560,6.0,10,4,em_andamento,2025-10-10 12:30:03,,
4561,28.0,5,2,em_andamento,2026-04-03 02:17:15,,
4562,,10,4,resolvido,2025-10-05 08:02:41,2025-10-10 08:02:41,5.0
4563,4.0,5,3,resolvido,2025-09-07 14:29:27,2025-09-13 14:29:27,6.0
4564,9.0,2,3,resolvido,2026-02-20 11:39:57,2026-02-21 11:39:57,1.0
4565,3.0,6,4,em_andamento,2025-12-26 20:45:04,,
4566,1.0,10,2,em_andamento,2025-09-05 07:30:12,,
4567,24.0,8,1,aberto,2025-08-30 06:21:56,,
4568,47.0,1,1,cancelado,2025-10-24 10:45:44,,
4569,15.0,6,4,resolvido,2026-06-29 12:31:01,2026-07-11 12:31:01,12.0
4570,4.0,8,2,em_andamento,2025-12-14 14:50:10,,
4571,9.0,5,4,em_andamento,2025-10-15 23:43:39,,
4572,33.0,3,3,resolvido,2026-04-26 11:02:26,2026-05-04 11:02:26,8.0
4573,34.0,9,2,em_andamento,2026-06-20 16:12:12,,
4574,45.0,5,4,em_andamento,2026-06-27 00:14:44,,
4575,6.0,3,4,aberto,2026-01-21 18:05:19,,
4576,25.0,9,3,aberto,2026-03-30 12:23:46,,
4577,31.0,2,1,resolvido,2025-10-23 15:54:48,2025-10-30 15:54:48,7.0
4578,36.0,1,1,aberto,2026-02-06 07:11:37,,
4579,37.0,6,1,em_andamento,2025-12-05 15:56:36,,
4580,30.0,2,1,resolvido,2025-11-05 08:03:07,2025-11-12 08:03:07,7.0
4581,3.0,6,2,cancelado,2025-09-19 01:11:14,,
4582,4.0,10,2,em_andamento,2026-02-25 05:20:58,,
4583,3.0,1,4,aberto,2026-07-18 19:14:14,,
4584,28.0,10,3,aberto,2026-06-14 14:34:53,,
4585,1.0,8,3,aberto,2026-02-23 06:54:54,,
4586,33.0,10,3,resolvido,2026-06-20 14:09:50,2026-06-28 14:09:50,8.0
4587,45.0,5,2,em_andamento,2026-02-01 05:33:04,,
4588,37.0,9,4,cancelado,2025-08-29 20:16:57,,
4589,38.0,9,2,cancelado,2026-05-26 04:04:04,,
4590,23.0,3,3,resolvido,2026-03-02 14:45:38,2026-03-15 14:45:38,13.0
4591,27.0,2,2,cancelado,2025-10-25 01:43:05,,
4592,13.0,5,1,em_andamento,2025-08-08 11:51:58,,
4593,50.0,2,1,resolvido,2025-12-20 10:13:57,2025-12-25 10:13:57,5.0
4594,22.0,1,2,resolvido,2025-10-21 11:18:47,2025-10-28 11:18:47,7.0
4595,26.0,4,2,aberto,2026-07-04 09:51:22,,
4596,30.0,5,2,resolvido,2026-07-18 15:56:05,2026-07-19 15:56:05,1.0
4597,29.0,5,2,resolvido,2026-03-22 13:35:23,2026-03-30 13:35:23,8.0
4598,34.0,1,4,resolvido,2025-11-28 07:38:16,2025-12-03 07:38:16,5.0
4599,35.0,7,1,cancelado,2026-04-16 23:54:10,,
4600,29.0,4,2,resolvido,2025-09-29 21:44:04,2025-10-13 21:44:04,14.0
4601,33.0,4,3,em_andamento,2025-11-15 01:32:34,,
4602,21.0,4,4,resolvido,2025-10-19 06:07:12,2025-10-20 06:07:12,1.0
4603,26.0,3,1,resolvido,2025-11-27 19:32:13,2025-12-01 19:32:13,4.0
4604,29.0,5,1,cancelado,2026-03-23 21:22:38,,
4605,24.0,8,3,resolvido,2026-04-12 21:53:41,2026-04-22 21:53:41,10.0
4606,6.0,6,4,em_andamento,2026-04-03 17:49:32,,
4607,14.0,10,2,aberto,2026-06-29 02:25:48,,
4608,39.0,1,3,resolvido,2026-02-02 00:08:14,2026-02-12 00:08:14,10.0
4609,45.0,5,1,aberto,2025-12-10 10:11:11,,
4610,15.0,2,1,aberto,2026-02-25 07:13:32,,
4611,30.0,9,4,aberto,2026-05-20 05:35:27,,
4612,39.0,1,2,resolvido,2026-07-13 17:28:47,2026-07-22 17:28:47,9.0
4613,19.0,8,4,aberto,2026-07-05 11:20:05,,
4614,44.0,3,2,aberto,2026-06-11 17:26:53,,
4615,26.0,10,3,em_andamento,2026-02-09 04:46:12,,
4616,21.0,5,1,em_andamento,2026-07-19 04:51:34,,
4617,1.0,2,2,em_andamento,2026-06-26 01:48:23,,
4618,29.0,6,3,aberto,2026-05-13 19:37:57,,
4619,1.0,3,4,aberto,2026-02-07 20:28:36,,
4620,6.0,6,1,resolvido,2026-01-29 14:05:23,2026-02-06 14:05:23,8.0
4621,12.0,6,3,cancelado,2026-07-14 09:55:11,,
4622,41.0,10,3,aberto,2025-09-21 16:48:41,,
4623,29.0,5,1,cancelado,2026-05-04 20:40:12,,
4624,7.0,8,2,em_andamento,2026-02-07 16:13:58,,
4625,30.0,10,1,resolvido,2026-07-23 02:17:06,2026-08-05 02:17:06,13.0
4626,46.0,10,3,aberto,2025-12-11 21:07:30,,
4627,15.0,2,1,aberto,2026-05-24 15:21:25,,
4628,26.0,5,2,resolvido,2025-09-30 09:47:59,2025-10-07 09:47:59,7.0
4629,45.0,10,1,aberto,2025-12-28 04:34:01,,-5.0
4630,18.0,6,2,aberto,2025-09-05 01:28:35,,
4631,14.0,7,1,resolvido,2026-06-17 18:30:30,2026-06-23 18:30:30,6.0
4632,5.0,2,3,aberto,2026-07-05 18:15:08,,
4633,15.0,6,2,resolvido,2026-05-17 13:50:25,2026-05-20 13:50:25,3.0
4634,24.0,10,3,em_andamento,2025-08-07 05:39:38,,
4635,3.0,6,4,aberto,2026-01-07 18:11:20,,
4636,3.0,1,4,cancelado,2026-02-16 09:15:56,,
4637,37.0,10,1,aberto,2025-09-09 10:16:34,,
4638,26.0,10,4,aberto,2025-09-09 10:37:11,,
4639,5.0,9,4,cancelado,2025-08-01 22:29:15,,
4640,31.0,5,1,em_andamento,2025-08-25 06:35:31,,
4641,31.0,9,3,em_andamento,2026-07-30 16:01:35,,
4642,46.0,4,2,resolvido,2026-05-29 14:18:11,2026-06-10 14:18:11,12.0
4643,20.0,10,3,em_andamento,2025-12-18 05:35:32,,
4644,2.0,1,4,cancelado,2026-05-26 04:39:53,,
4645,30.0,7,2,resolvido,2025-10-10 06:26:16,2025-10-15 06:26:16,5.0
4646,41.0,6,1,aberto,2026-05-10 07:23:43,,
4647,32.0,4,4,resolvido,2025-12-25 20:03:00,2026-01-03 20:03:00,9.0
4648,17.0,3,4,em_andamento,2025-08-22 09:13:21,,
4649,19.0,2,4,resolvido,2026-07-15 23:12:58,2026-07-22 23:12:58,7.0
4650,12.0,10,2,em_andamento,2026-06-14 23:47:56,,
4651,15.0,5,3,aberto,2025-09-13 10:09:32,,
4652,5.0,1,1,aberto,2025-09-03 00:50:33,,
4653,42.0,7,1,resolvido,2026-05-26 13:20:06,2026-06-03 13:20:06,8.0
4654,16.0,1,4,resolvido,2025-10-27 16:39:55,2025-11-03 16:39:55,7.0
4655,8.0,2,4,cancelado,2026-02-02 18:14:45,,
4656,29.0,4,2,aberto,2026-04-19 09:03:58,,
4657,19.0,6,4,resolvido,2026-05-11 09:48:42,2026-05-20 09:48:42,9.0
4658,49.0,10,4,resolvido,2025-11-08 06:48:51,2025-11-19 06:48:51,11.0
4659,6.0,3,4,resolvido,2025-11-08 14:05:15,2025-11-09 14:05:15,1.0
4660,11.0,7,1,em_andamento,2025-10-08 05:45:42,,
4661,16.0,7,2,aberto,2026-01-21 13:16:28,,
4662,45.0,3,4,resolvido,2026-05-25 03:25:20,2026-05-30 03:25:20,5.0
4663,17.0,8,4,aberto,2025-08-14 14:25:05,,
4664,45.0,10,2,aberto,2026-03-15 13:01:29,,
4665,29.0,2,1,resolvido,2025-12-13 15:36:30,2025-12-22 15:36:30,9.0
4666,11.0,4,1,em_andamento,2026-04-10 22:12:19,,
4667,13.0,7,2,aberto,2026-02-14 13:40:21,,
4668,42.0,10,2,aberto,2026-03-06 20:40:33,,
4669,23.0,9,1,cancelado,2025-08-16 13:49:49,,
4670,47.0,1,3,aberto,2026-02-19 06:19:24,,
4671,28.0,2,1,cancelado,2025-12-07 17:24:32,,
4672,14.0,9,3,resolvido,2025-09-04 21:25:59,2025-09-09 21:25:59,5.0
4673,38.0,6,4,cancelado,2026-01-04 18:27:32,,
4674,11.0,2,4,aberto,2026-07-03 14:40:43,,
4675,46.0,1,3,em_andamento,2026-06-28 19:06:38,,
4676,31.0,9,2,aberto,2026-05-11 08:06:56,,
4677,36.0,7,2,cancelado,2025-10-30 13:46:51,,
4678,12.0,9,3,resolvido,2026-02-08 19:35:27,2026-02-14 19:35:27,6.0
4679,20.0,1,1,em_andamento,2025-08-21 22:09:08,,
4680,11.0,8,2,aberto,2025-11-08 22:51:35,,
4681,4.0,3,2,resolvido,2026-01-25 00:54:00,2026-01-26 00:54:00,1.0
4682,15.0,3,2,aberto,2025-08-25 16:13:15,,
4683,17.0,2,3,resolvido,2026-03-12 17:21:50,2026-03-17 17:21:50,5.0
4684,32.0,5,2,em_andamento,2026-04-14 00:16:09,,
4685,48.0,9,1,aberto,2026-04-19 00:56:47,,
4686,27.0,6,2,aberto,2026-04-19 14:04:46,,
4687,44.0,3,1,em_andamento,2025-10-29 14:21:30,,
4688,3.0,4,1,resolvido,2026-04-23 05:33:42,2026-05-05 05:33:42,12.0
4689,15.0,3,2,cancelado,2025-09-10 12:03:32,,
4690,32.0,6,2,aberto,2026-07-21 20:53:46,,
4691,16.0,6,2,aberto,2026-03-18 03:24:32,,
4692,50.0,3,1,cancelado,2026-06-02 02:11:59,,
4693,22.0,1,4,resolvido,2026-03-02 16:22:03,2026-03-06 16:22:03,4.0
4694,26.0,4,1,aberto,2025-08-28 16:42:00,,
4695,23.0,10,2,cancelado,2026-03-11 14:45:14,,
4696,30.0,8,3,cancelado,2025-11-10 09:34:57,,
4697,38.0,2,2,em_andamento,2025-09-14 04:34:06,,
4698,50.0,2,1,em_andamento,2025-08-02 12:02:41,,
4699,39.0,2,4,aberto,2025-08-02 23:19:02,,
4700,31.0,5,4,aberto,2026-07-01 00:05:41,,
4701,11.0,10,2,aberto,2025-10-01 06:48:26,,
4702,2.0,5,2,resolvido,2025-08-15 21:59:51,2025-08-25 21:59:51,10.0
4703,11.0,3,1,em_andamento,2025-09-23 16:39:57,,
4704,8.0,7,4,aberto,2026-07-22 05:50:05,,
4705,33.0,1,3,cancelado,2026-01-10 00:00:34,,
4706,36.0,6,4,cancelado,2026-01-22 13:58:58,,
4707,30.0,1,4,em_andamento,2026-01-29 04:53:25,,
4708,45.0,7,2,aberto,2025-10-10 23:45:45,,
4709,37.0,9,4,resolvido,2026-03-14 18:56:42,2026-03-22 18:56:42,8.0
4710,24.0,1,3,resolvido,2026-07-06 07:55:11,2026-07-14 07:55:11,8.0
4711,20.0,1,4,cancelado,2026-01-28 10:51:28,,
4712,26.0,4,3,em_andamento,2026-05-08 19:43:10,,
4713,46.0,4,4,resolvido,2025-11-14 18:04:42,2025-11-15 18:04:42,1.0
4714,1.0,5,4,em_andamento,2026-06-23 18:27:34,,
4715,30.0,4,2,em_andamento,2026-03-12 20:41:58,,
4716,25.0,3,4,aberto,2026-05-25 01:21:16,,
4717,6.0,5,2,resolvido,2026-01-02 23:42:28,2026-01-09 23:42:28,7.0
4718,9.0,6,3,resolvido,2026-02-11 17:21:56,2026-02-22 17:21:56,11.0
4719,44.0,3,1,aberto,2025-08-04 20:45:45,,
4720,35.0,8,1,cancelado,2026-05-30 17:43:00,,
4721,10.0,4,3,aberto,2025-11-17 12:29:20,,
4722,43.0,10,4,resolvido,2026-01-23 11:12:30,2026-01-30 11:12:30,7.0
4723,16.0,3,3,cancelado,2025-09-27 19:15:09,,
4724,12.0,6,1,resolvido,2026-03-12 18:25:55,2026-03-24 18:25:55,12.0
4725,35.0,4,2,em_andamento,2026-04-08 06:08:00,,
4726,17.0,4,1,em_andamento,2026-04-27 09:00:29,,
4727,5.0,2,3,cancelado,2025-10-12 21:01:06,,
4728,26.0,1,3,resolvido,2025-08-29 03:47:55,2025-09-01 03:47:55,3.0
4729,47.0,7,3,cancelado,2025-12-06 00:06:01,,
4730,22.0,8,4,resolvido,2026-07-02 08:02:22,2026-07-12 08:02:22,10.0
4731,47.0,6,2,resolvido,2025-12-22 09:22:42,2026-01-02 09:22:42,11.0
4732,37.0,8,3,cancelado,2026-06-17 19:32:13,,
4733,25.0,10,4,aberto,2026-06-19 22:55:55,,
4734,28.0,4,3,em_andamento,2026-01-12 14:33:57,,
4735,6.0,3,3,resolvido,2025-10-31 07:43:26,2025-11-06 07:43:26,6.0
4736,24.0,1,1,resolvido,2026-06-21 01:19:42,2026-07-06 01:19:42,15.0
4737,20.0,9,1,resolvido,2025-12-17 05:15:54,2025-12-19 05:15:54,2.0
4738,12.0,7,2,resolvido,2026-06-18 01:22:35,2026-06-25 01:22:35,7.0
4739,25.0,7,3,cancelado,2026-06-21 15:02:45,,
4740,12.0,2,2,aberto,2026-02-04 19:04:52,,
4741,30.0,5,2,em_andamento,2026-01-30 11:16:13,,
4742,24.0,10,1,resolvido,2026-01-21 06:54:14,2026-01-24 06:54:14,3.0
4743,12.0,7,1,resolvido,2025-11-07 20:54:05,2025-11-19 20:54:05,12.0
4744,17.0,9,2,em_andamento,2025-11-12 22:36:13,,
4745,11.0,7,1,resolvido,2025-12-09 17:26:15,2025-12-17 17:26:15,8.0
4746,50.0,6,3,em_andamento,2026-04-17 04:36:13,,
4747,46.0,1,4,cancelado,2026-06-12 05:12:30,,
4748,15.0,8,2,aberto,2026-05-14 00:41:38,,
4749,44.0,1,1,aberto,2026-06-16 00:29:19,,
4750,32.0,9,3,em_andamento,2026-06-15 16:08:16,,
4751,10.0,2,1,resolvido,2026-07-22 01:09:17,2026-07-28 01:09:17,6.0
4752,36.0,5,3,em_andamento,2026-02-05 21:08:49,,
4753,14.0,6,3,em_andamento,2026-06-17 10:55:34,,
4754,28.0,9,4,resolvido,2026-06-10 19:03:46,2026-06-12 19:03:46,2.0
4755,18.0,8,1,aberto,2026-02-19 10:03:10,,
4756,32.0,4,2,aberto,2026-03-18 11:35:32,,
4757,45.0,9,4,resolvido,2025-11-24 14:46:22,2025-12-06 14:46:22,12.0
4758,15.0,8,4,cancelado,2025-10-05 11:24:40,,
4759,9.0,10,4,cancelado,2026-01-01 04:52:24,,
4760,44.0,6,4,em_andamento,2026-03-30 09:52:59,,
4761,13.0,8,1,aberto,2026-02-28 13:37:17,,
4762,18.0,1,1,resolvido,2026-02-06 13:44:08,2026-02-07 13:44:08,1.0
4763,10.0,8,1,aberto,2026-06-01 13:27:38,,
4764,24.0,6,1,aberto,2026-03-23 09:13:26,,
4765,2.0,3,4,em_andamento,2025-08-04 10:13:28,,
4766,47.0,3,1,resolvido,2026-07-23 22:07:22,2026-07-31 22:07:22,8.0
4767,13.0,2,4,aberto,2026-03-16 17:22:03,,
4768,39.0,5,2,aberto,2026-04-14 10:48:04,,
4769,50.0,4,4,aberto,2026-07-03 23:47:01,,
4770,32.0,3,1,em_andamento,2026-07-17 01:38:11,,
4771,8.0,4,4,resolvido,2026-05-13 12:44:45,2026-05-24 12:44:45,11.0
4772,23.0,3,4,em_andamento,2025-11-28 12:31:52,,
4773,47.0,1,2,cancelado,2026-06-13 14:05:05,,
4774,16.0,6,2,resolvido,2025-10-18 07:36:54,2025-10-28 07:36:54,10.0
4775,43.0,4,2,em_andamento,2025-12-18 09:31:21,,
4776,11.0,3,4,em_andamento,2026-04-29 20:49:30,,
4777,45.0,10,2,em_andamento,2025-12-23 23:55:39,,
4778,1.0,5,3,cancelado,2025-09-18 06:08:11,,
4779,45.0,4,3,em_andamento,2025-08-25 06:29:59,,
4780,9.0,4,4,cancelado,2025-12-30 14:22:32,,
4781,6.0,9,3,aberto,2025-09-04 14:36:51,,
4782,31.0,7,1,aberto,2026-05-29 20:29:14,,
4783,36.0,8,1,em_andamento,2026-03-05 17:13:13,,
4784,25.0,10,4,aberto,2025-09-10 04:08:31,,
4785,49.0,9,2,em_andamento,2025-08-11 12:49:39,,
4786,25.0,1,1,aberto,2026-03-26 14:28:59,,
4787,32.0,2,2,cancelado,2026-03-05 09:47:41,,
4788,7.0,6,2,em_andamento,2026-02-08 17:53:06,,
4789,46.0,2,4,cancelado,2026-01-12 11:00:21,,
4790,46.0,5,3,cancelado,2026-05-29 05:12:53,,
4791,31.0,4,3,cancelado,2025-10-14 16:34:37,,
4792,49.0,5,2,em_andamento,2025-11-20 12:46:59,,
4793,14.0,4,2,em_andamento,2025-09-29 22:05:27,,
4794,11.0,9,1,aberto,2026-02-10 11:20:34,,
4795,49.0,10,3,resolvido,2026-02-14 06:06:03,2026-02-20 06:06:03,6.0
4796,10.0,6,2,em_andamento,2026-02-26 11:17:29,,
4797,12.0,6,4,aberto,2025-08-25 18:03:53,,
4798,25.0,3,3,em_andamento,2026-06-25 07:08:50,,
4799,24.0,1,4,em_andamento,2026-02-11 00:00:16,,
4800,41.0,8,2,aberto,2026-04-08 10:34:34,,
4801,42.0,2,1,resolvido,2026-04-26 11:47:42,2026-04-27 11:47:42,1.0
4802,18.0,2,2,aberto,2025-10-31 05:24:47,,
4803,32.0,6,2,resolvido,2025-11-01 11:37:01,2025-11-12 11:37:01,11.0
4804,50.0,2,3,em_andamento,2026-05-06 21:08:12,,
4805,1.0,2,2,cancelado,2025-10-28 16:16:58,,
4806,12.0,7,1,resolvido,2025-11-13 07:20:24,2025-11-18 07:20:24,5.0
4807,47.0,8,3,cancelado,2026-03-09 07:03:11,,
4808,5.0,6,3,cancelado,2025-08-17 22:22:11,,
4809,3.0,6,3,resolvido,2025-10-18 09:04:22,2025-10-22 09:04:22,4.0
4810,37.0,2,2,aberto,2026-03-08 05:27:48,,
4811,24.0,2,4,resolvido,2025-08-03 10:16:41,2025-08-14 10:16:41,11.0
4812,44.0,6,3,cancelado,2026-05-01 02:31:43,,
4813,18.0,1,1,cancelado,2026-06-22 15:39:44,,
4814,38.0,4,3,cancelado,2026-02-20 09:31:04,,
4815,36.0,8,3,em_andamento,2025-08-24 15:16:43,,
4816,4.0,8,1,em_andamento,2026-04-06 11:22:46,,
4817,2.0,5,2,cancelado,2026-04-26 05:11:47,,
4818,11.0,1,1,cancelado,2026-01-10 12:18:52,,
4819,7.0,3,1,em_andamento,2025-08-27 18:09:26,,
4820,20.0,2,2,em_andamento,2025-12-18 13:01:59,,
4821,49.0,7,4,cancelado,2026-04-02 18:10:26,,
4822,35.0,10,4,cancelado,2025-10-17 07:40:07,,
4823,3.0,10,4,em_andamento,2026-03-30 09:08:14,,
4824,5.0,3,4,cancelado,2026-07-05 15:27:40,,
4825,31.0,4,1,em_andamento,2025-12-09 10:25:51,,
4826,9.0,8,4,aberto,2026-04-27 05:29:52,,
4827,30.0,6,4,cancelado,2025-11-09 15:07:40,,
4828,23.0,4,2,resolvido,2026-02-14 10:07:47,2026-02-23 10:07:47,9.0
4829,13.0,2,1,cancelado,2026-02-23 05:29:27,,
4830,22.0,5,2,aberto,2025-09-07 12:26:50,,
4831,33.0,10,3,em_andamento,2025-08-22 11:38:03,,
4832,15.0,2,2,aberto,2026-05-17 05:00:39,,
4833,11.0,2,1,resolvido,2026-06-15 06:19:46,2026-06-25 06:19:46,10.0
4834,32.0,7,3,resolvido,2025-11-07 03:10:53,2025-11-08 03:10:53,1.0
4835,37.0,8,3,cancelado,2025-08-16 01:46:54,,
4836,1.0,1,1,em_andamento,2026-04-27 16:42:03,,-5.0
4837,27.0,9,4,cancelado,2026-06-07 11:33:42,,
4838,20.0,5,4,cancelado,2025-08-16 15:06:47,,
4839,26.0,5,4,cancelado,2026-07-01 02:37:16,,
4840,20.0,2,4,em_andamento,2026-04-16 02:22:20,,
4841,25.0,6,4,aberto,2026-01-10 01:55:18,,
4842,17.0,6,1,aberto,2025-12-02 10:30:10,,
4843,27.0,4,3,resolvido,2026-07-17 01:25:34,2026-07-22 01:25:34,5.0
4844,3.0,10,4,resolvido,2026-04-05 07:50:12,2026-04-07 07:50:12,2.0
4845,37.0,7,2,cancelado,2026-01-11 02:52:02,,
4846,29.0,2,1,resolvido,2026-05-22 01:03:23,2026-06-02 01:03:23,11.0
4847,15.0,6,2,aberto,2026-05-03 10:26:01,,
4848,45.0,6,4,aberto,2026-06-20 05:47:25,,
4849,12.0,6,3,aberto,2026-04-01 03:50:32,,
4850,11.0,9,2,cancelado,2025-12-20 13:20:43,,
4851,27.0,4,4,resolvido,2026-07-04 04:18:03,2026-07-15 04:18:03,11.0
4852,16.0,2,3,resolvido,2026-06-19 06:44:01,2026-06-30 06:44:01,11.0
4853,36.0,10,3,cancelado,2025-10-01 02:50:30,,
4854,23.0,5,4,cancelado,2026-05-16 04:52:34,,
4855,16.0,5,3,resolvido,2025-09-14 00:00:07,2025-09-18 00:00:07,4.0
4856,19.0,4,3,resolvido,2026-03-29 04:14:32,2026-04-06 04:14:32,8.0
4857,20.0,10,1,cancelado,2026-03-03 09:01:01,,
4858,37.0,10,2,em_andamento,2025-12-12 21:35:06,,
4859,46.0,5,3,cancelado,2026-04-09 01:21:03,,
4860,19.0,4,3,cancelado,2025-09-19 16:50:08,,
4861,17.0,1,2,em_andamento,2026-01-07 09:16:49,,
4862,15.0,1,3,cancelado,2026-04-26 20:40:53,,
4863,9.0,10,4,em_andamento,2025-09-08 08:30:00,,
4864,37.0,9,3,aberto,2025-10-22 09:10:50,,
4865,16.0,3,1,aberto,2026-07-13 20:28:53,,
4866,49.0,10,4,em_andamento,2025-10-25 12:35:16,,
4867,4.0,3,1,cancelado,2026-07-14 18:39:46,,
4868,49.0,1,4,resolvido,2026-04-26 00:43:07,2026-04-27 00:43:07,1.0
4869,20.0,9,3,em_andamento,2026-06-05 20:00:18,,
4870,19.0,7,3,resolvido,2026-02-26 10:54:10,2026-02-27 10:54:10,1.0
4871,50.0,3,1,em_andamento,2026-01-06 19:45:23,,
4872,1.0,1,3,resolvido,2026-03-10 09:36:37,2026-03-17 09:36:37,7.0
4873,37.0,7,3,cancelado,2026-03-06 18:22:19,,
4874,5.0,3,2,aberto,2026-07-07 23:36:49,,
4875,2.0,3,3,aberto,2026-07-08 18:42:16,,
4876,9.0,2,2,cancelado,2026-06-13 12:19:01,,
4877,22.0,7,3,cancelado,2025-12-06 09:45:48,,
4878,13.0,6,3,cancelado,2026-02-14 04:01:13,,
4879,1.0,9,4,aberto,2026-03-26 05:33:24,,
4880,37.0,10,2,aberto,2026-04-30 18:24:56,,
4881,17.0,6,3,em_andamento,2026-05-22 22:31:44,,
4882,17.0,6,4,cancelado,2026-02-26 11:30:53,,
4883,15.0,2,1,em_andamento,2025-08-09 07:30:37,,
4884,35.0,9,3,aberto,2026-03-13 11:03:49,,
4885,14.0,5,2,em_andamento,2026-02-04 14:53:01,,
4886,27.0,3,2,aberto,2026-05-27 09:21:59,,
4887,16.0,4,3,cancelado,2026-02-01 21:56:39,,
4888,19.0,3,3,cancelado,2025-12-22 17:31:14,,
4889,14.0,2,1,resolvido,2025-08-29 04:40:13,2025-09-05 04:40:13,7.0
4890,38.0,7,4,aberto,2025-10-11 12:23:03,,
4891,3.0,9,3,em_andamento,2026-01-21 00:24:31,,
4892,37.0,5,4,aberto,2026-07-14 04:53:08,,
4893,10.0,2,4,cancelado,2026-01-30 10:40:18,,
4894,19.0,2,4,resolvido,2025-10-16 03:53:12,2025-10-27 03:53:12,11.0
4895,13.0,1,3,em_andamento,2026-06-04 02:07:30,,
4896,21.0,1,2,em_andamento,2025-10-19 17:06:06,,-5.0
4897,35.0,6,1,em_andamento,2026-07-25 09:31:20,,
4898,11.0,9,3,cancelado,2026-06-18 11:26:06,,
4899,26.0,6,2,cancelado,2026-04-15 12:48:43,,
4900,49.0,6,2,em_andamento,2025-09-28 06:42:12,,
4901,13.0,3,2,em_andamento,2026-02-07 06:11:27,,
4902,1.0,3,1,em_andamento,2025-11-20 09:56:44,,
4903,22.0,7,1,em_andamento,2026-04-03 01:48:39,,
4904,14.0,1,2,aberto,2026-05-16 12:27:09,,
4905,15.0,4,3,cancelado,2025-10-29 12:10:42,,
4906,30.0,8,1,aberto,2026-01-11 23:56:11,,
4907,43.0,7,4,resolvido,2025-08-12 06:04:16,2025-08-19 06:04:16,7.0
4908,28.0,3,4,resolvido,2026-05-20 14:57:46,2026-05-26 14:57:46,6.0
4909,49.0,6,2,aberto,2025-12-23 16:06:32,,
4910,12.0,5,3,em_andamento,2025-10-15 16:51:54,,
4911,4.0,2,2,em_andamento,2026-05-03 02:39:25,,
4912,48.0,10,3,cancelado,2026-05-15 15:48:35,,
4913,11.0,4,1,em_andamento,2026-02-17 15:22:11,,
4914,18.0,3,1,em_andamento,2026-03-21 13:53:53,,
4915,35.0,5,4,aberto,2025-11-07 00:48:21,,
4916,38.0,1,1,cancelado,2026-07-22 13:18:55,,
4917,46.0,3,2,em_andamento,2026-01-14 15:38:03,,
4918,19.0,1,3,aberto,2025-08-26 07:07:40,,
4919,29.0,7,3,cancelado,2025-08-06 14:06:22,,
4920,47.0,2,4,cancelado,2026-04-23 09:39:56,,
4921,21.0,5,4,aberto,2025-09-21 05:35:11,,
4922,40.0,10,2,resolvido,2026-01-13 03:23:57,2026-01-23 03:23:57,10.0
4923,35.0,4,4,em_andamento,2025-09-08 15:09:17,,
4924,44.0,8,2,resolvido,2025-11-02 01:59:47,2025-11-10 01:59:47,8.0
4925,33.0,2,2,em_andamento,2025-09-11 01:55:46,,
4926,21.0,10,1,resolvido,2026-07-16 04:58:32,2026-07-17 04:58:32,1.0
4927,19.0,5,2,em_andamento,2026-02-15 07:10:10,,
4928,32.0,4,2,cancelado,2026-02-15 06:14:52,,
4929,37.0,2,2,aberto,2026-03-01 18:08:10,,
4930,9.0,2,1,aberto,2026-05-07 20:26:20,,
4931,8.0,9,4,aberto,2025-11-14 18:10:03,,
4932,16.0,6,4,aberto,2025-12-16 04:32:05,,
4933,43.0,2,4,aberto,2025-09-20 16:41:59,,
4934,32.0,5,1,em_andamento,2025-08-07 21:40:53,,
4935,39.0,3,3,aberto,2025-12-20 23:57:03,,
4936,38.0,10,3,resolvido,2026-02-19 06:04:07,2026-03-02 06:04:07,11.0
4937,12.0,10,3,aberto,2026-01-15 09:09:18,,
4938,32.0,2,2,em_andamento,2026-03-01 03:39:06,,
4939,10.0,8,4,resolvido,2026-07-25 08:17:18,2026-08-01 08:17:18,7.0
4940,12.0,3,1,resolvido,2025-09-14 15:05:03,2025-09-26 15:05:03,12.0
4941,19.0,3,2,aberto,2025-10-17 07:15:14,,
4942,25.0,3,4,resolvido,2025-12-21 11:56:34,2025-12-26 11:56:34,5.0
4943,42.0,7,2,em_andamento,2026-03-04 11:50:42,,
4944,48.0,1,2,em_andamento,2026-06-17 13:35:00,,
4945,19.0,5,3,cancelado,2026-01-08 11:02:15,,
4946,2.0,5,4,resolvido,2026-03-02 23:27:22,2026-03-06 23:27:22,4.0
4947,1.0,5,4,aberto,2025-10-27 03:54:22,,
4948,11.0,1,3,cancelado,2025-10-30 11:33:38,,
4949,50.0,9,3,aberto,2026-04-06 22:18:04,,
4950,40.0,6,2,cancelado,2025-09-14 11:57:53,,
4951,32.0,5,2,cancelado,2026-01-27 16:18:50,,
4952,28.0,4,2,resolvido,2025-11-09 17:25:04,2025-11-13 17:25:04,4.0
4953,29.0,8,4,resolvido,2026-05-26 04:09:28,2026-06-03 04:09:28,8.0
4954,11.0,3,3,em_andamento,2026-01-12 16:41:27,,
4955,2.0,7,1,cancelado,2026-05-10 06:17:31,,
4956,23.0,9,1,em_andamento,2026-01-20 13:17:57,,
4957,39.0,3,1,resolvido,2026-04-26 19:02:47,2026-04-27 19:02:47,1.0
4958,10.0,10,3,aberto,2025-08-09 01:24:50,,
4959,5.0,6,4,em_andamento,2026-07-10 19:10:52,,
4960,3.0,3,3,resolvido,2025-08-02 15:39:30,2025-08-04 15:39:30,2.0
4961,49.0,10,4,em_andamento,2026-02-09 05:17:42,,
4962,28.0,4,4,em_andamento,2026-05-27 19:07:13,,
4963,42.0,7,2,Resolvido,2025-11-24 14:54:21,2025-11-25 14:54:21,1.0
4964,3.0,7,4,aberto,2025-09-16 04:30:13,,
4965,22.0,5,1,resolvido,2025-11-01 01:50:04,2025-11-02 01:50:04,1.0
4966,7.0,4,2,aberto,2026-05-22 16:12:59,,
4967,15.0,9,1,aberto,2026-06-08 01:45:11,,
4968,18.0,10,2,em_andamento,2025-09-28 05:05:42,,
4969,5.0,2,2,em_andamento,2026-02-03 03:42:45,,
4970,7.0,3,1,resolvido,2026-04-14 02:28:02,2026-04-20 02:28:02,6.0
4971,8.0,6,2,cancelado,2026-01-25 02:42:09,,
4972,35.0,7,4,cancelado,2026-03-19 16:36:47,,
4973,20.0,1,1,aberto,2026-01-09 11:19:02,,
4974,34.0,6,3,aberto,2026-06-05 17:45:53,,
4975,25.0,5,3,em_andamento,2025-11-07 12:04:10,,
4976,44.0,1,1,cancelado,2026-01-23 20:06:00,,
4977,12.0,10,4,cancelado,2026-06-02 22:33:33,,
4978,41.0,9,4,em_andamento,2025-12-27 21:20:10,,
4979,21.0,9,3,cancelado,2026-03-03 07:34:10,,
4980,41.0,7,3,cancelado,2026-03-17 15:08:44,,
4981,48.0,5,1,cancelado,2025-09-18 12:24:43,,
4982,47.0,3,2,resolvido,2026-05-01 02:38:17,2026-05-03 02:38:17,2.0
4983,43.0,3,1,em_andamento,2026-05-30 08:11:06,,
4984,46.0,7,2,em_andamento,2026-02-18 23:49:20,,
4985,5.0,4,2,aberto,2025-11-06 16:34:12,,
4986,20.0,2,1,resolvido,2025-10-19 19:41:57,2025-10-27 19:41:57,8.0
4987,14.0,2,3,cancelado,2025-09-28 11:08:10,,
4988,33.0,10,1,aberto,2025-12-25 08:31:51,,
4989,31.0,10,4,em_andamento,2026-02-05 02:30:46,,
4990,49.0,7,3,aberto,2025-09-22 11:43:42,,
4991,42.0,3,2,aberto,2025-12-03 23:53:58,,
4992,48.0,9,1,aberto,2026-02-19 04:24:17,,
4993,15.0,7,4,cancelado,2026-03-15 20:39:47,,
4994,2.0,3,1,aberto,2026-04-25 10:45:50,,
4995,1.0,6,2,em_andamento,2026-06-06 22:20:26,,
4996,35.0,6,2,cancelado,2026-03-22 09:57:47,,
4997,13.0,2,1,resolvido,2026-01-04 04:33:12,2026-01-13 04:33:12,9.0
4998,41.0,1,3,em_andamento,2026-05-18 09:06:36,,
4999,18.0,4,2,aberto,2026-06-29 09:00:12,,
5000,23.0,9,2,cancelado,2026-05-06 10:10:31,,
5001,40.0,3,1,aberto,2026-04-11 20:20:09,,
5002,29.0,7,4,em_andamento,2026-04-22 11:33:40,,
5003,30.0,7,2,em_andamento,2025-08-27 22:42:59,,
5004,12.0,9,2,cancelado,2026-06-07 11:16:11,,
5005,44.0,4,2,cancelado,2026-05-18 22:38:23,,
5006,27.0,2,3,aberto,2025-08-24 21:01:41,,
5007,41.0,9,4,em_andamento,2025-11-20 10:32:58,,
5008,26.0,8,1,em_andamento,2026-06-27 20:04:29,,
5009,28.0,9,3,aberto,2026-02-13 14:17:58,,
5010,1.0,2,2,em_andamento,2026-07-09 10:55:59,,
5011,43.0,9,2,em_andamento,2025-08-17 15:53:30,,
5012,15.0,10,2,aberto,2026-07-28 06:07:00,,
5013,44.0,9,2,resolvido,2026-05-26 08:24:44,2026-06-05 08:24:44,10.0
5014,39.0,2,4,resolvido,2026-06-03 18:59:52,2026-06-07 18:59:52,4.0
5015,46.0,1,4,cancelado,2025-12-27 03:04:26,,
5016,32.0,7,1,aberto,2025-11-16 10:55:44,,
5017,28.0,6,2,aberto,2025-08-01 20:28:17,,
5018,41.0,9,1,resolvido,2026-01-10 20:56:37,2026-01-17 20:56:37,7.0
5019,9.0,8,4,cancelado,2026-05-30 14:23:23,,
5020,8.0,8,1,resolvido,2026-07-14 07:27:34,2026-07-22 07:27:34,8.0
5021,38.0,7,2,resolvido,2026-02-06 09:33:21,2026-02-10 09:33:21,4.0
5022,48.0,1,2,cancelado,2026-06-21 02:12:25,,
5023,25.0,6,4,cancelado,2025-11-17 01:41:50,,
5024,49.0,3,3,aberto,2025-09-25 11:59:42,,
5025,9.0,6,4,em_andamento,2026-02-05 05:41:37,,
5026,20.0,10,2,resolvido,2026-04-24 10:04:08,2026-05-04 10:04:08,10.0
5027,21.0,4,3,cancelado,2026-02-06 18:18:57,,
5028,41.0,1,4,resolvido,2026-03-10 19:52:53,2026-03-20 19:52:53,10.0
5029,39.0,1,4,resolvido,2026-05-26 04:45:46,2026-05-29 04:45:46,3.0
5030,41.0,8,2,cancelado,2026-06-23 18:52:50,,
5031,28.0,10,3,aberto,2025-12-05 11:19:40,,
5032,49.0,8,4,cancelado,2025-11-14 08:01:42,,
5033,2.0,9,1,cancelado,2026-01-12 19:19:03,,
5034,20.0,8,3,resolvido,2026-06-29 18:21:11,2026-07-02 18:21:11,3.0
5035,19.0,7,3,aberto,2025-09-26 01:04:39,,
5036,33.0,4,3,aberto,2026-06-19 04:04:30,,
5037,27.0,8,2,resolvido,2026-05-07 19:19:16,2026-05-08 19:19:16,1.0
5038,30.0,9,3,em_andamento,2026-07-23 15:34:00,,
5039,26.0,10,1,cancelado,2026-02-18 07:08:34,,
5040,19.0,10,1,resolvido,2026-05-14 04:27:48,2026-05-20 04:27:48,6.0
5041,39.0,3,4,aberto,2026-06-22 18:54:50,,
5042,21.0,3,1,aberto,2025-12-27 09:39:39,,
5043,11.0,7,2,cancelado,2026-02-27 16:03:36,,
5044,3.0,7,4,resolvido,2026-01-15 06:53:23,2026-01-22 06:53:23,7.0
5045,36.0,10,1,aberto,2026-05-09 05:19:26,,
5046,35.0,3,3,resolvido,2025-12-01 23:01:05,2025-12-06 23:01:05,5.0
5047,15.0,1,2,aberto,2025-12-13 12:42:30,,
5048,22.0,8,3,em_andamento,2025-11-08 20:42:36,,
5049,40.0,10,4,resolvido,2025-09-21 17:08:22,2025-09-29 17:08:22,8.0
5050,48.0,2,3,cancelado,2026-07-10 20:52:10,,
5051,16.0,1,2,cancelado,2026-04-13 14:46:10,,
5052,24.0,1,1,aberto,2025-08-23 04:15:39,,
5053,14.0,1,3,cancelado,2026-07-28 14:18:26,,
5054,49.0,7,1,resolvido,2025-09-26 15:03:00,2025-10-02 15:03:00,6.0
5055,23.0,7,3,aberto,2026-01-23 03:50:03,,
5056,36.0,5,2,cancelado,2025-09-04 03:23:04,,
5057,35.0,5,4,cancelado,2026-01-25 00:05:05,,
5058,37.0,1,4,aberto,2025-09-27 09:03:32,,
5059,42.0,2,4,em_andamento,2025-10-21 12:34:29,,
5060,27.0,1,1,aberto,2025-09-12 17:19:07,,
5061,41.0,4,4,resolvido,2026-02-17 23:57:37,2026-02-23 23:57:37,6.0
5062,45.0,2,1,em_andamento,2025-08-13 14:42:28,,
5063,18.0,5,3,resolvido,2026-07-04 04:07:46,2026-07-14 04:07:46,10.0
5064,3.0,7,4,resolvido,2026-01-05 21:41:15,2026-01-15 21:41:15,10.0
5065,43.0,6,4,cancelado,2026-03-27 09:35:47,,
5066,24.0,3,3,aberto,2026-05-08 09:56:42,,
5067,25.0,3,2,aberto,2025-08-21 01:27:28,,
5068,21.0,6,4,cancelado,2025-10-08 15:33:45,,
5069,9.0,6,4,em_andamento,2026-02-07 09:07:47,,
5070,12.0,3,1,aberto,2025-09-22 10:21:53,,
5071,22.0,4,2,resolvido,2026-06-18 02:51:01,2026-06-24 02:51:01,6.0
5072,32.0,5,4,cancelado,2026-07-07 10:09:32,,
5073,20.0,9,3,resolvido,2026-05-23 08:38:24,2026-05-30 08:38:24,7.0
5074,24.0,10,2,cancelado,2025-11-16 19:15:52,,
5075,21.0,3,1,em_andamento,2026-01-16 10:39:23,,
5076,35.0,4,3,aberto,2025-10-23 19:00:05,,
5077,32.0,2,2,resolvido,2026-01-08 18:03:57,2026-01-13 18:03:57,5.0
5078,7.0,3,1,aberto,2026-05-22 12:55:58,,
5079,48.0,4,4,em_andamento,2026-06-17 22:21:28,,
5080,43.0,3,1,aberto,2026-03-09 00:25:00,,
5081,46.0,8,2,em_andamento,2026-04-19 14:08:26,,
5082,41.0,8,4,em_andamento,2025-09-26 03:33:56,,
5083,28.0,5,2,resolvido,2026-04-02 04:47:41,2026-04-12 04:47:41,10.0
5084,36.0,6,3,resolvido,2025-08-30 22:40:10,2025-09-08 22:40:10,9.0
5085,20.0,3,3,em_andamento,2026-05-24 07:32:02,,
5086,46.0,6,1,cancelado,2026-04-03 14:29:44,,
5087,8.0,9,3,cancelado,2025-09-01 19:00:47,,
5088,24.0,10,1,cancelado,2026-07-22 18:34:32,,
5089,5.0,1,3,aberto,2026-04-26 13:49:15,,
5090,34.0,1,3,resolvido,2025-10-16 13:04:31,2025-10-27 13:04:31,11.0
5091,39.0,2,3,cancelado,2026-04-26 22:37:41,,
5092,30.0,5,3,cancelado,2026-07-31 23:27:31,,
5093,15.0,6,2,resolvido,2025-12-15 10:38:01,2025-12-22 10:38:01,7.0
5094,34.0,5,1,cancelado,2026-06-13 05:32:16,,
5095,8.0,6,3,cancelado,2026-01-09 13:34:47,,
5096,13.0,5,3,em_andamento,2025-10-28 18:27:50,,
5097,3.0,6,2,cancelado,2025-12-17 05:29:51,,
5098,33.0,9,1,em_andamento,2025-09-28 21:38:57,,
5099,13.0,2,2,cancelado,2026-03-12 21:08:18,,
5100,6.0,2,2,em_andamento,2026-02-22 17:16:44,,
5101,42.0,9,2,cancelado,2025-11-22 03:30:43,,
5102,3.0,9,4,em_andamento,2026-03-06 07:07:11,,
5103,36.0,2,3,em_andamento,2026-03-20 07:51:41,,
5104,31.0,9,4,em_andamento,2026-04-04 08:01:51,,
5105,1.0,5,4,em_andamento,2025-10-25 17:55:50,,
5106,21.0,2,3,em_andamento,2026-02-04 09:12:11,,
5107,8.0,8,3,cancelado,2026-04-27 01:00:36,,
5108,21.0,4,3,em_andamento,2025-11-21 19:38:22,,
5109,31.0,9,1,aberto,2026-04-14 07:51:30,,
5110,33.0,10,1,resolvido,2025-11-18 06:06:00,2025-11-21 06:06:00,3.0
5111,28.0,8,2,resolvido,2025-10-04 21:48:11,2025-10-10 21:48:11,6.0
5112,6.0,8,4,cancelado,2026-04-29 07:39:19,,
5113,11.0,10,4,aberto,2025-11-26 16:28:49,,
5114,20.0,4,2,cancelado,2026-06-26 11:31:00,,
5115,9.0,10,3,cancelado,2026-06-12 13:49:33,,
5116,41.0,7,3,resolvido,2026-05-20 23:01:54,2026-05-30 23:01:54,10.0
5117,4.0,10,1,aberto,2025-09-29 09:19:07,,
5118,8.0,1,3,cancelado,2025-11-09 16:02:22,,
5119,15.0,10,1,em_andamento,2025-08-28 22:38:59,,
5120,44.0,6,2,aberto,2026-07-06 04:38:31,,
5121,46.0,2,4,resolvido,2025-10-28 06:28:04,2025-11-06 06:28:04,9.0
5122,19.0,7,3,resolvido,2026-02-11 18:38:51,2026-02-16 18:38:51,5.0
5123,40.0,10,4,resolvido,2026-05-14 22:27:06,2026-05-16 22:27:06,2.0
5124,24.0,8,3,resolvido,2025-12-17 08:07:09,2025-12-25 08:07:09,8.0
5125,49.0,9,2,aberto,2025-11-06 19:49:17,,
5126,38.0,1,2,em_andamento,2025-08-26 18:27:07,,
5127,5.0,8,4,aberto,2026-07-09 16:23:16,,
5128,9.0,5,2,cancelado,2026-03-25 09:12:29,,
5129,6.0,8,1,resolvido,2025-09-06 16:56:54,2025-09-13 16:56:54,7.0
5130,17.0,6,1,resolvido,2026-06-12 15:34:29,2026-06-14 15:34:29,2.0
5131,14.0,7,4,em_andamento,2025-11-29 13:57:42,,
5132,34.0,7,1,aberto,2026-05-14 22:55:06,,
5133,12.0,4,1,em_andamento,2026-04-28 20:28:58,,
5134,34.0,9,3,cancelado,2026-03-09 10:48:08,,
5135,35.0,2,1,em_andamento,2026-02-04 17:14:38,,
5136,40.0,8,1,resolvido,2025-08-27 15:40:21,2025-09-06 15:40:21,10.0
5137,1.0,1,2,aberto,2026-03-10 00:17:58,,
5138,29.0,8,1,resolvido,2025-08-28 08:02:09,2025-09-02 08:02:09,5.0
5139,21.0,3,4,cancelado,2026-07-04 17:13:30,,
5140,38.0,4,2,resolvido,2026-02-26 21:09:57,2026-03-11 21:09:57,13.0
5141,21.0,9,1,cancelado,2025-08-24 16:05:49,,
5142,48.0,1,3,em_andamento,2026-07-16 00:38:41,,
5143,9.0,7,1,aberto,2026-06-17 15:41:12,,
5144,8.0,10,2,aberto,2025-09-05 23:56:18,,
5145,1.0,4,2,cancelado,2025-11-16 02:49:49,,
5146,20.0,3,3,resolvido,2025-10-30 16:38:19,2025-11-10 16:38:19,11.0
5147,8.0,4,4,aberto,2026-04-11 03:49:22,,
5148,37.0,1,3,aberto,2025-11-21 16:25:31,,
5149,33.0,2,1,resolvido,2025-11-26 11:03:12,2025-11-29 11:03:12,3.0
5150,20.0,4,4,em_andamento,2026-02-18 21:53:07,,
5151,26.0,2,3,cancelado,2025-08-18 18:19:49,,
5152,14.0,7,4,em_andamento,2025-12-06 20:48:50,,
5153,29.0,2,2,resolvido,2025-12-10 15:48:36,2025-12-24 15:48:36,14.0
5154,33.0,10,4,em_andamento,2025-11-25 09:56:38,,
5155,14.0,6,2,aberto,2026-07-20 07:48:09,,
5156,46.0,1,3,resolvido,2025-11-18 19:20:37,2025-12-05 19:20:37,17.0
5157,28.0,2,3,resolvido,2025-08-19 07:34:08,2025-08-24 07:34:08,5.0
5158,29.0,4,1,resolvido,2025-08-01 03:01:38,2025-08-12 03:01:38,11.0
5159,16.0,10,4,em_andamento,2026-02-24 07:13:59,,
5160,23.0,6,1,aberto,2025-10-01 14:51:25,,
5161,25.0,5,2,cancelado,2025-11-20 02:30:31,,
5162,44.0,10,1,em_andamento,2026-06-11 07:59:52,,
5163,33.0,4,4,cancelado,2025-08-25 17:49:09,,
5164,12.0,8,1,em_andamento,2025-12-27 08:59:57,,
5165,35.0,10,4,cancelado,2026-01-14 23:05:26,,
5166,27.0,1,3,em_andamento,2026-06-22 07:32:09,,
5167,19.0,3,1,cancelado,2025-08-04 13:41:28,,
5168,17.0,5,1,cancelado,2025-08-01 20:03:37,,
5169,5.0,1,1,cancelado,2026-05-16 14:47:46,,
5170,21.0,4,3,resolvido,2026-03-02 08:07:55,2026-03-03 08:07:55,1.0
5171,27.0,5,1,resolvido,2026-01-25 06:39:19,2026-02-02 06:39:19,8.0
5172,43.0,9,1,em_andamento,2026-05-18 18:34:56,,
5173,32.0,4,1,resolvido,2025-12-15 21:32:59,2025-12-21 21:32:59,6.0
5174,10.0,8,4,em_andamento,2026-02-11 05:03:15,,
5175,28.0,3,1,resolvido,2026-02-12 02:05:21,2026-02-14 02:05:21,2.0
5176,30.0,2,2,resolvido,2025-10-21 17:44:42,2025-10-23 17:44:42,2.0
5177,14.0,1,4,aberto,2026-01-26 04:20:41,,
5178,27.0,8,4,resolvido,2026-07-22 07:21:41,2026-07-26 07:21:41,4.0
5179,43.0,10,1,em_andamento,2026-07-08 05:02:06,,
5180,12.0,9,3,cancelado,2026-04-05 09:54:39,,
5181,49.0,5,3,resolvido,2025-12-26 04:36:51,2025-12-27 04:36:51,1.0
5182,8.0,4,3,cancelado,2026-01-27 01:12:29,,
5183,9.0,8,1,cancelado,2026-06-19 20:47:47,,
5184,18.0,4,1,cancelado,2026-06-12 02:20:53,,
5185,36.0,9,1,aberto,2025-12-24 08:31:11,,
5186,49.0,7,3,aberto,2026-04-22 15:35:35,,
5187,13.0,5,2,aberto,2026-07-30 09:08:53,,
5188,33.0,8,2,cancelado,2025-11-26 08:21:10,,
5189,29.0,6,2,em_andamento,2025-10-10 04:42:45,,
5190,14.0,7,3,cancelado,2025-11-14 23:40:01,,
5191,29.0,1,3,aberto,2026-03-13 05:18:49,,
5192,15.0,1,1,aberto,2026-03-27 16:36:19,,
5193,23.0,4,4,aberto,2025-09-03 19:08:20,,
5194,12.0,9,2,cancelado,2026-06-27 04:02:33,,
5195,9.0,6,3,em_andamento,2026-07-28 21:27:45,,
5196,3.0,5,1,em_andamento,2026-06-02 19:55:07,,
5197,15.0,2,1,resolvido,2025-11-26 21:25:54,2025-11-30 21:25:54,4.0
5198,18.0,5,1,aberto,2025-11-25 21:16:01,,
5199,4.0,8,3,aberto,2025-10-20 23:31:39,,
5200,37.0,4,2,resolvido,2026-04-14 16:46:20,2026-04-21 16:46:20,7.0
5201,24.0,4,1,aberto,2026-03-25 12:06:44,,
5202,40.0,8,3,aberto,2025-12-07 18:47:22,,
5203,41.0,3,2,resolvido,2026-02-06 15:12:29,2026-02-08 15:12:29,2.0
5204,38.0,9,4,em_andamento,2026-03-16 19:11:09,,
5205,48.0,7,3,cancelado,2025-11-23 12:46:32,,
5206,14.0,3,2,resolvido,2026-02-10 04:42:07,2026-02-15 04:42:07,5.0
5207,6.0,8,3,em_andamento,2026-01-19 02:06:18,,
5208,12.0,5,1,resolvido,2026-06-20 19:47:49,2026-06-30 19:47:49,10.0
5209,44.0,4,2,cancelado,2026-06-27 21:01:06,,
5210,7.0,2,1,aberto,2026-05-29 22:34:43,,
5211,13.0,5,4,cancelado,2026-03-11 06:48:31,,
5212,7.0,7,2,aberto,2026-02-19 01:10:31,,
5213,31.0,1,2,cancelado,2026-06-09 13:28:11,,
5214,29.0,3,1,em_andamento,2026-07-05 00:34:58,,
5215,50.0,1,1,resolvido,2026-04-17 06:19:36,2026-04-18 06:19:36,1.0
5216,50.0,4,4,cancelado,2026-01-06 01:04:04,,
5217,47.0,3,1,resolvido,2026-07-19 08:18:57,2026-07-29 08:18:57,10.0
5218,38.0,1,1,resolvido,2026-03-22 21:59:10,2026-04-07 21:59:10,16.0
5219,30.0,8,3,aberto,2025-11-30 08:33:06,,
5220,4.0,2,4,em_andamento,2026-07-23 22:14:54,,
5221,9.0,6,1,aberto,2026-03-24 11:11:26,,
5222,30.0,4,4,aberto,2025-08-20 03:47:14,,
5223,13.0,1,4,em_andamento,2026-06-05 19:03:33,,
5224,11.0,2,1,em_andamento,2025-08-04 12:09:10,,
5225,35.0,7,1,cancelado,2026-04-08 06:11:26,,
5226,5.0,7,4,em_andamento,2025-12-20 06:06:44,,
5227,12.0,2,1,resolvido,2025-11-05 08:10:12,2025-11-08 08:10:12,3.0
5228,50.0,5,4,aberto,2025-09-05 02:41:02,,
5229,32.0,2,2,aberto,2026-05-22 04:42:04,,
5230,31.0,1,4,resolvido,2025-11-18 21:08:43,2025-12-03 21:08:43,15.0
5231,20.0,4,4,aberto,2025-12-15 17:51:11,,
5232,10.0,4,3,resolvido,2025-10-14 18:52:55,2025-10-26 18:52:55,12.0
5233,9.0,3,3,em_andamento,2025-10-11 16:02:37,,
5234,6.0,7,1,em_andamento,2026-01-16 21:53:05,,
5235,22.0,3,2,resolvido,2026-06-26 22:01:53,2026-06-27 22:01:53,1.0
5236,49.0,2,2,aberto,2026-07-18 19:09:58,,
5237,38.0,5,3,cancelado,2026-03-02 20:37:15,,
5238,31.0,3,4,aberto,2026-07-26 11:14:09,,
5239,14.0,3,4,resolvido,2026-05-02 16:41:57,2026-05-07 16:41:57,5.0
5240,9.0,8,4,aberto,2025-10-05 13:05:16,,
5241,42.0,8,3,aberto,2025-11-17 14:49:05,,
5242,44.0,3,3,resolvido,2026-05-10 23:32:37,2026-05-19 23:32:37,9.0
5243,45.0,6,3,aberto,2026-06-25 08:41:34,,
5244,25.0,1,2,aberto,2025-12-19 14:04:28,,
5245,7.0,10,1,resolvido,2025-11-17 18:20:45,2025-11-28 18:20:45,11.0
5246,6.0,3,4,cancelado,2026-07-09 01:31:12,,
5247,49.0,5,4,resolvido,2025-12-31 21:08:24,2026-01-05 21:08:24,5.0
5248,31.0,9,4,cancelado,2025-09-18 07:47:15,,
5249,9.0,4,4,cancelado,2025-10-11 10:31:29,,
5250,4.0,1,3,resolvido,2025-10-02 19:34:39,2025-10-08 19:34:39,6.0
5251,48.0,4,4,aberto,2025-11-12 12:37:19,,
5252,37.0,2,1,cancelado,2025-12-12 02:05:14,,
5253,19.0,10,2,aberto,2025-12-30 16:54:09,,
5254,28.0,5,1,aberto,2025-11-08 05:26:01,,
5255,26.0,10,2,cancelado,2026-04-17 07:22:31,,
5256,39.0,3,2,resolvido,2025-10-30 09:38:15,2025-11-06 09:38:15,7.0
5257,15.0,5,3,cancelado,2025-11-28 07:08:29,,
5258,18.0,8,1,em_andamento,2026-05-09 20:38:45,,
5259,8.0,4,4,resolvido,2025-09-09 07:21:30,2025-09-15 07:21:30,6.0
5260,46.0,1,2,aberto,2025-12-30 23:49:27,,
5261,11.0,4,4,em_andamento,2026-04-24 19:42:40,,
5262,1.0,6,3,aberto,2026-05-23 19:26:28,,
5263,14.0,4,1,aberto,2026-01-15 15:18:29,,
5264,2.0,1,4,em_andamento,2026-05-13 00:08:33,,
5265,19.0,7,4,em_andamento,2026-03-18 19:37:26,,
5266,38.0,2,1,aberto,2026-01-30 05:50:33,,
5267,34.0,9,1,aberto,2026-01-27 20:36:21,,
5268,17.0,2,4,aberto,2025-08-19 07:31:22,,
5269,2.0,10,1,cancelado,2026-06-04 13:38:56,,
5270,37.0,3,2,em_andamento,2025-12-20 19:58:46,,
5271,44.0,8,2,cancelado,2026-04-27 08:18:48,,
5272,48.0,10,4,aberto,2025-11-25 00:13:49,,
5273,25.0,1,3,resolvido,2025-09-21 11:17:07,2025-09-30 11:17:07,9.0
5274,35.0,2,4,cancelado,2025-12-14 22:07:03,,
5275,17.0,7,2,aberto,2025-12-18 09:22:45,,
5276,4.0,1,3,em_andamento,2026-07-25 15:15:18,,
5277,16.0,7,1,aberto,2026-05-13 03:47:24,,
5278,47.0,4,4,aberto,2026-01-12 07:35:18,,
5279,7.0,9,1,resolvido,2026-03-06 12:30:07,2026-03-17 12:30:07,11.0
5280,42.0,6,3,resolvido,2026-07-14 12:37:26,2026-07-23 12:37:26,9.0
5281,33.0,3,3,em_andamento,2025-08-08 06:42:25,,
5282,2.0,4,3,aberto,2026-07-21 00:03:10,,
5283,5.0,6,2,resolvido,2026-05-01 05:03:18,2026-05-08 05:03:18,7.0
5284,27.0,1,4,resolvido,2026-07-05 21:56:12,2026-07-08 21:56:12,3.0
5285,25.0,10,3,resolvido,2025-12-29 08:13:10,2025-12-30 08:13:10,1.0
5286,26.0,7,4,em_andamento,2026-07-08 05:16:20,,
5287,46.0,1,1,aberto,2025-12-25 06:30:35,,
5288,36.0,3,3,aberto,2026-05-15 14:25:48,,
5289,9.0,9,1,em_andamento,2026-02-25 10:55:10,,
5290,9.0,4,4,resolvido,2026-03-21 19:14:20,2026-03-24 19:14:20,3.0
5291,1.0,3,4,em_andamento,2025-08-13 19:44:45,,
5292,3.0,9,3,aberto,2026-04-18 02:57:17,,
5293,32.0,5,3,em_andamento,2026-01-18 00:26:29,,
5294,30.0,4,3,em_andamento,2025-08-10 08:53:25,,
5295,27.0,5,2,em_andamento,2026-05-05 12:25:46,,
5296,23.0,8,1,aberto,2026-07-21 03:49:24,,
5297,19.0,2,2,aberto,2026-01-20 12:04:26,,
5298,50.0,9,2,resolvido,2025-09-20 09:36:42,2025-09-28 09:36:42,8.0
5299,27.0,2,2,resolvido,2025-10-31 13:27:19,2025-11-08 13:27:19,8.0
5300,23.0,10,1,resolvido,2026-03-11 08:45:46,2026-03-13 08:45:46,2.0
5301,8.0,1,1,cancelado,2026-04-14 17:16:03,,
5302,39.0,3,2,aberto,2025-08-01 22:07:11,,
5303,17.0,7,4,aberto,2026-05-19 04:35:43,,
5304,4.0,2,2,em_andamento,2025-12-22 08:23:18,,
5305,34.0,3,4,aberto,2026-05-05 06:19:05,,
5306,2.0,2,2,em_andamento,2026-02-19 22:34:07,,
5307,9.0,10,4,aberto,2025-08-14 19:18:16,,
5308,23.0,2,2,aberto,2026-06-17 02:17:57,,
5309,42.0,5,3,aberto,2025-08-23 20:08:11,,
5310,32.0,7,4,resolvido,2026-02-28 18:46:01,2026-03-01 18:46:01,1.0
5311,15.0,5,3,cancelado,2025-08-17 04:16:09,,
5312,47.0,1,3,em_andamento,2026-04-06 01:28:26,,
5313,10.0,8,4,em_andamento,2026-07-01 04:22:58,,
5314,41.0,5,4,aberto,2026-04-29 18:33:06,,
5315,7.0,10,1,resolvido,2025-12-02 10:11:04,2025-12-09 10:11:04,7.0
5316,47.0,4,3,cancelado,2025-09-29 09:58:58,,
5317,10.0,5,2,resolvido,2026-02-06 19:47:14,2026-02-16 19:47:14,10.0
5318,36.0,7,1,cancelado,2025-11-02 06:45:42,,
5319,27.0,9,2,em_andamento,2025-11-25 00:34:19,,
5320,21.0,2,2,cancelado,2026-02-20 12:48:05,,
5321,43.0,3,4,cancelado,2025-10-12 22:57:09,,
5322,1.0,9,4,cancelado,2026-05-27 08:11:39,,
5323,46.0,7,3,cancelado,2026-02-02 15:09:54,,
5324,10.0,3,3,aberto,2025-12-02 13:35:55,,
5325,40.0,8,4,cancelado,2026-02-03 17:13:06,,
5326,33.0,5,3,cancelado,2025-12-14 00:08:57,,
5327,30.0,2,2,aberto,2025-11-08 18:25:57,,
5328,41.0,4,3,aberto,2025-12-05 19:42:42,,
5329,3.0,7,1,resolvido,2025-08-06 03:25:09,2025-08-08 03:25:09,2.0
5330,20.0,3,2,em_andamento,2025-09-07 19:01:33,,
5331,21.0,5,2,resolvido,2025-08-22 21:29:05,2025-08-28 21:29:05,6.0
5332,4.0,5,4,cancelado,2026-04-14 06:50:05,,
5333,36.0,3,1,em_andamento,2026-05-10 22:19:45,,
5334,6.0,6,4,resolvido,2026-02-03 12:33:19,2026-02-04 12:33:19,1.0
5335,11.0,6,3,em_andamento,2026-01-01 18:39:01,,
5336,2.0,7,3,resolvido,2026-04-16 10:07:07,2026-04-18 10:07:07,2.0
5337,42.0,2,1,aberto,2026-02-08 13:22:47,,
5338,43.0,10,4,em_andamento,2025-12-07 11:26:10,,
5339,35.0,9,1,em_andamento,2026-06-20 00:35:50,,
5340,30.0,4,1,cancelado,2025-10-27 10:45:38,,
5341,15.0,5,2,resolvido,2025-12-26 09:24:03,2025-12-29 09:24:03,3.0
5342,33.0,9,2,aberto,2026-07-28 06:47:01,,
5343,34.0,9,3,cancelado,2025-11-08 04:33:35,,
5344,35.0,1,4,cancelado,2026-02-06 02:13:18,,
5345,17.0,1,3,aberto,2026-01-15 23:14:10,,
5346,7.0,1,2,aberto,2026-06-25 23:09:13,,
5347,11.0,6,3,em_andamento,2025-10-24 01:46:07,,
5348,43.0,5,1,em_andamento,2026-03-30 22:32:17,,
5349,16.0,1,1,cancelado,2026-02-18 22:05:39,,
5350,4.0,5,4,aberto,2026-04-16 14:31:04,,
5351,16.0,8,2,aberto,2025-08-15 23:12:05,,
5352,46.0,9,4,aberto,2025-10-19 15:32:49,,
5353,4.0,4,2,aberto,2025-11-08 07:38:04,,
5354,45.0,4,1,cancelado,2026-04-17 22:28:05,,
5355,36.0,10,1,aberto,2026-07-03 04:48:18,,
5356,6.0,5,1,aberto,2025-08-13 00:15:36,,
5357,14.0,5,4,aberto,2026-07-29 07:49:17,,
5358,16.0,2,4,aberto,2025-12-30 01:45:26,,
5359,38.0,8,4,aberto,2025-11-14 01:06:33,,
5360,50.0,2,4,em_andamento,2026-07-19 10:25:33,,
5361,49.0,6,1,resolvido,2026-06-19 10:35:04,2026-06-20 10:35:04,1.0
5362,7.0,10,3,cancelado,2025-10-22 04:34:51,,
5363,34.0,6,3,aberto,2025-11-05 07:43:10,,
5364,41.0,2,1,em_andamento,2026-03-24 10:20:30,,
5365,29.0,6,2,resolvido,2026-05-26 12:27:33,2026-05-27 12:27:33,1.0
5366,2.0,8,2,cancelado,2026-07-17 02:22:16,,
5367,34.0,1,4,em_andamento,2025-09-20 16:55:52,,
5368,50.0,8,1,em_andamento,2026-05-21 11:50:49,,
5369,30.0,2,4,aberto,2026-05-27 15:50:39,,
5370,28.0,1,1,cancelado,2025-09-11 16:25:23,,
5371,10.0,3,2,cancelado,2026-07-21 16:13:08,,
5372,17.0,8,4,aberto,2025-11-22 02:25:28,,
5373,35.0,4,4,resolvido,2025-11-29 02:05:17,2025-12-04 02:05:17,5.0
5374,15.0,1,4,cancelado,2026-02-07 15:22:29,,
5375,36.0,2,1,em_andamento,2026-04-19 13:16:31,,
5376,19.0,9,1,resolvido,2026-05-08 18:44:46,2026-05-15 18:44:46,7.0
5377,33.0,1,1,em_andamento,2026-05-03 06:50:36,,
5378,42.0,5,3,em_andamento,2026-04-28 05:31:26,,
5379,50.0,3,2,cancelado,2025-08-01 17:46:13,,
5380,12.0,3,1,cancelado,2025-10-20 09:47:56,,
5381,38.0,1,4,cancelado,2025-12-29 20:27:26,,
5382,36.0,6,4,resolvido,2025-10-26 07:53:58,2025-10-28 07:53:58,2.0
5383,26.0,8,1,cancelado,2025-12-22 05:15:57,,
5384,29.0,6,1,cancelado,2025-12-25 10:09:11,,
5385,40.0,2,2,resolvido,2026-06-23 00:02:46,2026-06-26 00:02:46,3.0
5386,10.0,2,3,aberto,2026-02-21 11:22:16,,
5387,48.0,2,4,resolvido,2026-07-12 09:59:25,2026-07-13 09:59:25,1.0
5388,10.0,7,1,aberto,2025-08-12 01:55:18,,
5389,31.0,1,2,em_andamento,2026-05-05 00:13:53,,
5390,24.0,1,3,em_andamento,2026-05-18 07:01:40,,
5391,19.0,4,1,em_andamento,2026-02-25 22:36:41,,
5392,37.0,3,3,resolvido,2026-02-02 11:44:31,2026-02-06 11:44:31,4.0
5393,1.0,5,1,cancelado,2026-04-23 21:52:07,,
5394,39.0,2,1,resolvido,2025-08-14 10:52:37,2025-08-20 10:52:37,6.0
5395,15.0,1,2,aberto,2025-09-09 06:11:19,,
5396,24.0,2,4,cancelado,2025-11-13 14:07:59,,
5397,47.0,6,4,resolvido,2026-06-26 21:11:05,2026-06-27 21:11:05,1.0
5398,15.0,10,3,em_andamento,2025-08-21 21:10:10,,
5399,20.0,9,1,aberto,2026-02-06 10:19:20,,
5400,1.0,6,1,aberto,2026-04-11 08:20:42,,
5401,49.0,5,4,cancelado,2026-01-27 22:05:03,,
5402,17.0,3,4,cancelado,2026-03-23 06:10:08,,
5403,8.0,6,4,em_andamento,2025-08-25 11:19:00,,
5404,36.0,6,3,aberto,2025-12-19 11:41:10,,
5405,9.0,9,1,cancelado,2026-01-19 03:58:36,,
5406,32.0,6,1,em_andamento,2026-03-28 16:22:41,,
5407,15.0,10,3,cancelado,2026-04-27 07:02:51,,
5408,33.0,2,3,resolvido,2025-09-30 16:19:27,2025-10-11 16:19:27,11.0
5409,17.0,3,4,aberto,2025-11-04 02:59:25,,
5410,49.0,10,4,em_andamento,2026-04-11 15:54:08,,
5411,15.0,7,1,em_andamento,2026-07-06 20:55:25,,
5412,19.0,5,4,resolvido,2025-12-26 07:32:25,2026-01-02 07:32:25,7.0
5413,30.0,8,2,aberto,2025-09-14 16:36:17,,
5414,23.0,2,4,aberto,2026-05-14 02:20:13,,
5415,2.0,8,2,aberto,2025-11-27 08:54:43,,
5416,33.0,8,1,resolvido,2026-05-30 20:08:25,2026-06-01 20:08:25,2.0
5417,25.0,5,4,em_andamento,2025-09-18 16:30:35,,
5418,31.0,1,2,aberto,2026-06-08 12:43:01,,
5419,32.0,6,3,em_andamento,2025-08-14 07:45:18,,
5420,34.0,1,2,cancelado,2025-11-12 20:40:14,,
5421,19.0,2,3,resolvido,2026-04-04 03:47:45,2026-04-09 03:47:45,5.0
5422,25.0,1,2,em_andamento,2025-11-30 19:20:01,,
5423,22.0,5,4,cancelado,2026-01-07 18:09:31,,
5424,10.0,8,2,resolvido,2026-01-15 09:16:25,2026-01-16 09:16:25,1.0
5425,3.0,8,4,cancelado,2025-12-19 14:07:28,,
5426,17.0,3,1,cancelado,2025-09-05 21:37:11,,
5427,42.0,7,2,em_andamento,2026-04-25 13:30:34,,
5428,31.0,2,2,resolvido,2025-08-14 15:36:16,2025-08-22 15:36:16,8.0
5429,26.0,8,4,em_andamento,2026-02-13 22:52:10,,
5430,23.0,10,2,em_andamento,2026-06-27 09:56:49,,
5431,34.0,7,4,aberto,2026-06-12 12:01:35,,
5432,27.0,1,3,cancelado,2026-03-31 00:29:24,,
5433,38.0,4,2,aberto,2026-07-30 20:26:54,,
5434,45.0,6,3,em_andamento,2025-11-27 18:06:11,,
5435,17.0,1,3,aberto,2026-01-01 03:04:37,,
5436,44.0,9,2,cancelado,2025-12-22 21:14:23,,
5437,13.0,10,4,aberto,2026-01-17 07:17:47,,
5438,21.0,10,4,Resolvido,2026-07-04 15:20:13,,
5439,17.0,1,3,em_andamento,2026-03-14 02:58:08,,
5440,44.0,6,4,cancelado,2026-03-03 22:38:42,,
5441,4.0,8,4,cancelado,2025-09-21 14:08:07,,
5442,46.0,6,3,resolvido,2026-01-20 23:10:22,2026-01-31 23:10:22,11.0
5443,11.0,7,1,aberto,2025-12-13 08:18:35,,
5444,16.0,9,3,em_andamento,2026-03-15 12:05:31,,
5445,12.0,8,2,cancelado,2026-06-20 08:16:42,,
5446,48.0,3,4,em_andamento,2026-06-24 19:04:07,,
5447,12.0,1,2,em_andamento,2026-02-24 12:43:22,,
5448,42.0,3,4,aberto,2026-03-01 21:50:13,,
5449,7.0,2,4,resolvido,2026-03-31 00:29:29,2026-04-04 00:29:29,4.0
5450,39.0,2,4,aberto,2026-06-19 06:32:55,,
5451,28.0,3,1,resolvido,2026-01-06 02:27:36,2026-01-09 02:27:36,3.0
5452,11.0,10,3,aberto,2026-06-16 15:20:56,,
5453,19.0,5,4,em_andamento,2025-10-23 00:19:44,,
5454,3.0,6,2,aberto,2026-03-09 23:17:06,,
5455,28.0,10,1,em_andamento,2026-06-20 06:32:56,,
5456,38.0,3,2,aberto,2026-02-18 01:25:28,,
5457,12.0,7,1,aberto,2026-06-15 07:04:07,,
5458,18.0,3,4,resolvido,2026-02-25 01:10:32,2026-03-02 01:10:32,5.0
5459,28.0,9,1,aberto,2026-04-29 09:58:20,,
5460,29.0,8,1,em_andamento,2026-04-17 01:00:10,,
5461,6.0,7,2,cancelado,2025-12-30 04:39:55,,
5462,50.0,1,3,aberto,2026-01-01 19:07:18,,
5463,3.0,5,2,em_andamento,2026-01-05 07:22:53,,
5464,12.0,7,4,em_andamento,2026-05-01 23:37:16,,
5465,17.0,5,4,em_andamento,2026-03-01 05:39:25,,
5466,8.0,8,2,resolvido,2026-04-09 12:58:40,2026-04-16 12:58:40,7.0
5467,29.0,7,2,aberto,2025-11-01 10:52:57,,
5468,35.0,4,1,cancelado,2026-02-27 12:34:51,,
5469,49.0,6,3,aberto,2026-02-15 12:47:58,,
5470,11.0,6,3,aberto,2026-05-09 17:57:47,,
5471,45.0,10,2,em_andamento,2026-07-08 16:43:04,,
5472,9.0,8,2,cancelado,2026-03-09 21:38:41,,
5473,12.0,9,1,em_andamento,2025-11-23 12:34:55,,
5474,37.0,2,4,em_andamento,2026-06-08 18:11:53,,
5475,23.0,1,3,cancelado,2025-11-23 07:40:59,,
5476,4.0,3,4,cancelado,2025-11-12 11:23:03,,
5477,29.0,7,3,em_andamento,2025-08-11 08:39:55,,
5478,30.0,3,3,resolvido,2026-01-17 10:04:09,2026-01-29 10:04:09,12.0
5479,17.0,10,3,aberto,2026-06-03 02:29:49,,
5480,29.0,1,4,resolvido,2025-08-28 15:35:13,2025-09-03 15:35:13,6.0
5481,1.0,7,4,resolvido,2026-02-02 06:05:58,2026-02-09 06:05:58,7.0
5482,2.0,3,1,aberto,2026-05-03 05:10:12,,
5483,43.0,2,2,aberto,2026-01-04 11:18:01,,
5484,11.0,3,1,resolvido,2025-10-20 06:49:02,2025-10-21 06:49:02,1.0
5485,50.0,5,2,aberto,2025-09-03 03:17:13,,
5486,18.0,5,1,em_andamento,2026-03-09 16:02:50,,
5487,12.0,3,3,em_andamento,2026-02-17 07:40:28,,
5488,16.0,4,2,aberto,2026-03-14 12:50:43,,
5489,11.0,4,3,aberto,2025-09-16 15:21:10,,
5490,3.0,3,3,resolvido,2026-03-12 19:51:43,2026-03-13 19:51:43,1.0
5491,8.0,10,2,resolvido,2025-10-04 16:21:41,2025-10-19 16:21:41,15.0
5492,19.0,6,1,em_andamento,2026-07-13 17:03:03,,
5493,26.0,10,3,em_andamento,2025-08-25 18:32:06,,
5494,40.0,4,2,em_andamento,2025-09-02 21:05:04,,
5495,11.0,5,2,cancelado,2026-02-08 11:34:27,,
5496,11.0,10,4,em_andamento,2026-02-07 13:42:14,,
5497,1.0,9,1,resolvido,2025-09-21 03:01:12,2025-09-22 03:01:12,1.0
5498,42.0,4,1,em_andamento,2026-05-15 19:04:42,,
5499,18.0,5,1,em_andamento,2025-10-21 07:28:50,,
5500,38.0,1,4,resolvido,2026-01-19 18:10:20,2026-01-23 18:10:20,4.0
5501,49.0,10,4,resolvido,2026-06-24 06:48:22,2026-07-05 06:48:22,11.0
5502,40.0,3,1,aberto,2026-02-13 21:57:31,,
5503,10.0,4,4,cancelado,2026-04-22 19:15:00,,
5504,13.0,2,4,cancelado,2026-05-28 12:27:13,,
5505,20.0,10,3,resolvido,2026-02-01 08:26:58,2026-02-04 08:26:58,3.0
5506,11.0,2,1,cancelado,2026-05-14 02:29:15,,
5507,12.0,10,3,aberto,2025-10-18 18:37:04,,
5508,37.0,4,4,resolvido,2025-09-10 18:13:52,2025-09-11 18:13:52,1.0
5509,38.0,3,2,cancelado,2026-04-01 09:16:20,,
5510,29.0,2,2,aberto,2026-07-07 06:14:55,,
5511,31.0,6,2,cancelado,2026-06-19 21:47:22,,
5512,9.0,7,3,cancelado,2026-06-10 23:29:39,,
5513,21.0,3,4,resolvido,2025-12-30 04:24:58,2026-01-01 04:24:58,2.0
5514,25.0,2,2,aberto,2026-04-07 23:29:58,,
5515,40.0,7,1,cancelado,2026-06-09 01:38:19,,
5516,50.0,4,1,aberto,2026-03-30 23:49:23,,
5517,37.0,10,2,resolvido,2026-01-10 12:55:56,2026-01-16 12:55:56,6.0
5518,4.0,4,2,aberto,2026-03-07 11:32:34,,
5519,5.0,6,2,resolvido,2026-01-09 04:09:52,2026-01-17 04:09:52,8.0
5520,23.0,1,3,aberto,2025-09-30 07:59:26,,
5521,18.0,4,2,aberto,2026-05-27 06:29:18,,
5522,38.0,2,3,em_andamento,2025-09-03 19:27:31,,
5523,43.0,1,4,cancelado,2026-03-28 15:39:02,,
5524,38.0,8,2,resolvido,2025-09-10 06:19:54,2025-09-11 06:19:54,1.0
5525,24.0,5,2,em_andamento,2025-08-20 21:55:55,,
5526,6.0,9,2,resolvido,2026-06-18 13:26:09,2026-06-27 13:26:09,9.0
5527,41.0,6,1,em_andamento,2026-04-04 23:41:30,,
5528,48.0,1,3,cancelado,2025-12-27 01:04:46,,
5529,32.0,1,4,cancelado,2025-12-20 08:37:30,,
5530,41.0,7,2,em_andamento,2025-09-25 02:19:23,,
5531,16.0,3,4,resolvido,2026-04-10 18:45:24,2026-04-23 18:45:24,13.0
5532,4.0,3,3,cancelado,2026-07-09 21:55:40,,
5533,46.0,9,3,cancelado,2026-04-24 13:15:53,,
5534,18.0,1,3,resolvido,2026-07-14 14:48:40,2026-07-25 14:48:40,11.0
5535,48.0,9,2,em_andamento,2026-03-05 18:49:57,,
5536,50.0,6,4,cancelado,2026-03-30 11:45:15,,
5537,9.0,7,2,aberto,2026-01-16 03:47:19,,
5538,48.0,9,3,cancelado,2026-04-10 18:08:40,,
5539,31.0,3,2,resolvido,2026-06-06 07:35:17,2026-06-12 07:35:17,6.0
5540,50.0,6,3,aberto,2025-10-10 10:41:26,,
5541,38.0,7,2,em_andamento,2026-04-16 13:41:55,,
5542,12.0,3,3,aberto,2025-11-17 02:55:26,,
5543,49.0,2,2,resolvido,2026-04-23 12:42:09,2026-05-02 12:42:09,9.0
5544,47.0,7,2,resolvido,2026-04-20 09:54:24,2026-04-22 09:54:24,2.0
5545,13.0,10,3,em_andamento,2026-02-28 11:56:30,,
5546,42.0,1,1,em_andamento,2025-12-03 02:22:18,,
5547,11.0,4,3,aberto,2026-05-03 11:23:17,,
5548,19.0,10,2,aberto,2026-07-07 08:07:55,,
5549,1.0,10,4,cancelado,2026-07-04 16:17:15,,
5550,11.0,8,1,em_andamento,2025-09-13 00:38:19,,
5551,27.0,7,1,resolvido,2026-03-26 15:12:20,2026-04-03 15:12:20,8.0
5552,22.0,1,3,cancelado,2025-10-14 12:01:09,,
5553,13.0,3,1,cancelado,2025-11-22 08:43:43,,
5554,19.0,1,1,em_andamento,2026-01-26 00:34:19,,
5555,40.0,2,1,aberto,2026-04-04 18:59:52,,
5556,37.0,4,2,resolvido,2025-08-14 17:20:51,2025-08-21 17:20:51,7.0
5557,12.0,3,2,resolvido,2026-02-18 06:15:21,2026-02-20 06:15:21,2.0
5558,30.0,2,1,em_andamento,2026-03-22 03:54:28,,
5559,25.0,1,1,cancelado,2025-09-09 09:57:04,,
5560,2.0,9,2,cancelado,2025-11-08 07:08:58,,
5561,32.0,1,3,cancelado,2026-05-03 03:46:46,,
5562,18.0,7,1,cancelado,2026-02-03 02:24:03,,
5563,4.0,8,4,em_andamento,2026-05-28 23:56:06,,
5564,26.0,5,2,resolvido,2026-04-13 05:59:01,2026-04-25 05:59:01,12.0
5565,15.0,8,2,em_andamento,2025-10-29 08:52:34,,
5566,18.0,7,1,cancelado,2025-08-23 13:29:19,,
5567,28.0,3,2,aberto,2026-07-12 08:29:29,,
5568,14.0,4,4,aberto,2026-03-16 13:15:25,,
5569,1.0,10,3,resolvido,2025-12-19 20:53:39,2025-12-26 20:53:39,7.0
5570,46.0,2,4,resolvido,2025-10-11 18:02:07,2025-10-19 18:02:07,8.0
5571,7.0,7,3,resolvido,2025-12-25 12:44:06,2026-01-03 12:44:06,9.0
5572,19.0,2,2,cancelado,2025-11-22 12:09:29,,
5573,12.0,8,4,cancelado,2026-01-06 07:40:11,,
5574,34.0,6,4,cancelado,2026-06-28 13:43:36,,
5575,49.0,1,4,em_andamento,2025-11-28 05:21:48,,
5576,17.0,10,3,em_andamento,2026-03-31 12:11:51,,
5577,40.0,1,3,cancelado,2025-09-21 20:08:05,,
5578,5.0,8,3,resolvido,2026-03-06 07:12:38,2026-03-17 07:12:38,11.0
5579,2.0,2,4,em_andamento,2026-03-24 04:48:20,,
5580,12.0,5,2,aberto,2026-06-23 04:09:56,,
5581,11.0,5,2,cancelado,2026-02-04 21:21:23,,
5582,20.0,5,3,aberto,2025-10-24 00:12:20,,
5583,50.0,8,2,em_andamento,2026-01-09 23:10:36,,
5584,18.0,6,4,resolvido,2026-06-27 04:13:54,2026-07-06 04:13:54,9.0
5585,13.0,9,4,resolvido,2026-05-03 06:45:34,2026-05-04 06:45:34,1.0
5586,1.0,3,3,resolvido,2025-09-12 06:46:37,2025-09-21 06:46:37,9.0
5587,50.0,9,3,em_andamento,2026-07-04 01:49:00,,
5588,25.0,3,4,aberto,2025-08-04 23:47:55,,
5589,18.0,8,2,em_andamento,2025-11-12 00:37:11,,
5590,34.0,7,3,aberto,2025-09-03 01:44:55,,
5591,42.0,1,1,resolvido,2026-03-14 01:22:18,2026-03-22 01:22:18,8.0
5592,41.0,6,4,resolvido,2026-03-14 17:17:52,2026-03-29 17:17:52,15.0
5593,12.0,2,4,resolvido,2025-08-12 13:20:16,2025-08-19 13:20:16,7.0
5594,39.0,1,1,em_andamento,2026-02-05 07:41:49,,
5595,31.0,9,1,resolvido,2026-07-28 07:55:39,2026-08-10 07:55:39,13.0
5596,44.0,7,1,resolvido,2026-07-19 16:16:43,2026-07-20 16:16:43,1.0
5597,27.0,2,3,em_andamento,2026-06-10 03:48:25,,
5598,30.0,9,3,resolvido,2026-02-21 18:54:18,2026-02-28 18:54:18,7.0
5599,14.0,8,1,cancelado,2025-11-26 01:16:50,,
5600,47.0,7,1,cancelado,2026-06-28 07:48:08,,
5601,42.0,6,4,resolvido,2026-02-18 09:09:49,2026-03-03 09:09:49,13.0
5602,9.0,7,2,cancelado,2026-05-27 07:59:29,,
5603,36.0,2,3,resolvido,2026-06-15 09:01:06,2026-06-17 09:01:06,2.0
5604,45.0,2,3,aberto,2025-08-23 18:08:33,,
5605,4.0,3,4,cancelado,2026-04-05 04:55:54,,
5606,45.0,3,1,aberto,2025-09-27 02:19:01,,
5607,50.0,9,3,resolvido,2025-12-20 12:30:21,2025-12-31 12:30:21,11.0
5608,36.0,7,1,resolvido,2026-06-26 00:01:52,2026-07-04 00:01:52,8.0
5609,16.0,6,4,cancelado,2026-07-11 00:32:03,,
5610,3.0,6,1,em_andamento,2026-06-30 20:56:17,,
5611,46.0,4,4,resolvido,2025-12-13 02:34:20,2025-12-24 02:34:20,11.0
5612,16.0,4,1,cancelado,2025-12-14 09:29:42,,
5613,31.0,8,2,aberto,2025-12-03 03:24:49,,
5614,26.0,8,1,em_andamento,2026-04-24 00:37:31,,
5615,12.0,3,4,cancelado,2026-01-22 00:02:10,,
5616,31.0,10,3,aberto,2026-03-14 01:00:26,,
5617,40.0,1,4,cancelado,2025-08-10 14:49:27,,
5618,22.0,4,3,aberto,2026-04-15 23:00:53,,
5619,25.0,8,2,cancelado,2026-06-24 09:32:37,,
5620,14.0,5,2,cancelado,2026-07-27 03:40:18,,
5621,26.0,1,3,resolvido,2025-09-29 11:26:36,2025-10-03 11:26:36,4.0
5622,2.0,5,2,em_andamento,2026-06-13 14:15:17,,
5623,8.0,8,1,resolvido,2026-02-25 08:23:19,2026-02-28 08:23:19,3.0
5624,49.0,2,4,cancelado,2025-10-25 17:18:11,,
5625,2.0,7,4,em_andamento,2025-12-16 21:32:51,,
5626,12.0,1,1,cancelado,2025-09-01 09:00:37,,
5627,49.0,3,1,cancelado,2026-07-04 09:49:51,,
5628,13.0,10,2,aberto,2026-03-14 13:57:11,,
5629,44.0,10,2,cancelado,2025-12-20 21:53:31,,
5630,8.0,9,2,cancelado,2025-12-21 16:03:56,,
5631,45.0,6,2,em_andamento,2026-01-15 18:26:51,,
5632,30.0,2,4,aberto,2025-10-27 02:52:16,,
5633,35.0,7,3,resolvido,2026-06-05 16:22:16,2026-06-07 16:22:16,2.0
5634,11.0,7,3,em_andamento,2025-11-11 04:38:09,,
5635,2.0,4,2,aberto,2026-07-19 05:11:15,,
5636,44.0,4,3,resolvido,2026-02-25 02:15:16,2026-03-01 02:15:16,4.0
5637,45.0,1,1,resolvido,2026-03-29 19:35:49,2026-03-30 19:35:49,1.0
5638,23.0,10,4,cancelado,2026-04-24 12:23:09,,
5639,2.0,7,2,aberto,2025-09-20 13:21:22,,
5640,40.0,6,4,em_andamento,2026-01-03 15:44:12,,
5641,1.0,6,3,em_andamento,2025-11-09 21:17:07,,
5642,18.0,4,3,em_andamento,2026-04-27 11:35:21,,
5643,4.0,3,1,cancelado,2025-11-01 02:31:46,,
5644,47.0,9,1,cancelado,2025-08-04 05:47:47,,
5645,31.0,9,1,cancelado,2025-09-28 22:08:57,,
5646,41.0,7,3,em_andamento,2025-08-13 08:52:43,,
5647,44.0,2,3,aberto,2026-04-07 20:38:13,,
5648,7.0,7,3,em_andamento,2026-07-10 01:09:46,,
5649,42.0,9,1,resolvido,2025-09-13 22:06:44,2025-09-29 22:06:44,16.0
5650,50.0,1,1,cancelado,2026-07-05 07:55:53,,
5651,4.0,10,2,cancelado,2026-07-01 07:52:28,,
5652,41.0,5,1,cancelado,2026-02-07 05:40:34,,
5653,4.0,4,1,aberto,2025-10-09 14:57:43,,
5654,34.0,2,4,em_andamento,2025-08-13 03:55:34,,
5655,26.0,3,2,cancelado,2026-05-07 00:10:42,,
5656,36.0,3,3,resolvido,2026-03-19 13:08:09,2026-03-26 13:08:09,7.0
5657,34.0,6,1,aberto,2026-05-09 09:09:34,,
5658,30.0,3,3,em_andamento,2025-10-11 15:10:41,,
5659,42.0,8,3,aberto,2025-11-05 08:30:34,,
5660,5.0,7,1,cancelado,2026-02-17 08:39:32,,
5661,38.0,2,4,aberto,2026-01-18 14:41:57,,
5662,11.0,8,4,cancelado,2026-07-31 07:03:35,,
5663,9.0,1,1,em_andamento,2026-01-01 10:10:21,,
5664,2.0,4,1,cancelado,2025-11-05 08:02:41,,
5665,4.0,3,4,em_andamento,2025-10-09 02:57:00,,
5666,44.0,5,3,resolvido,2025-09-19 12:32:50,2025-09-27 12:32:50,8.0
5667,25.0,3,3,resolvido,2025-09-21 06:29:19,2025-10-05 06:29:19,14.0
5668,34.0,8,1,aberto,2025-09-20 04:39:54,,
5669,12.0,1,3,em_andamento,2026-03-19 15:59:50,,
5670,20.0,3,3,em_andamento,2025-12-09 11:00:02,,
5671,27.0,10,1,aberto,2026-05-08 16:03:30,,
5672,10.0,4,4,resolvido,2025-09-02 22:33:12,2025-09-09 22:33:12,7.0
5673,18.0,10,4,cancelado,2026-03-19 23:39:35,,
5674,46.0,1,2,cancelado,2025-09-06 21:02:48,,
5675,42.0,8,1,em_andamento,2026-04-04 07:01:13,,
5676,49.0,5,2,cancelado,2025-12-18 20:45:46,,
5677,21.0,3,3,aberto,2026-07-18 16:03:46,,
5678,23.0,6,2,cancelado,2025-11-07 23:31:04,,
5679,17.0,9,1,cancelado,2025-08-17 23:17:14,,
5680,24.0,5,1,em_andamento,2026-01-13 12:21:36,,
5681,26.0,5,2,aberto,2025-08-16 17:05:29,,
5682,23.0,10,4,cancelado,2026-06-23 20:16:12,,
5683,16.0,9,3,resolvido,2025-12-29 11:24:27,2026-01-07 11:24:27,9.0
5684,46.0,7,4,em_andamento,2026-05-12 02:37:17,,
5685,13.0,3,2,cancelado,2026-05-14 21:14:09,,
5686,3.0,7,4,cancelado,2026-03-17 03:39:33,,
5687,39.0,10,4,resolvido,2026-01-08 16:21:06,2026-01-13 16:21:06,5.0
5688,38.0,5,4,em_andamento,2026-06-30 23:32:07,,
5689,9.0,1,3,em_andamento,2025-12-13 05:05:56,,
5690,39.0,9,4,em_andamento,2025-08-10 10:41:40,,
5691,11.0,7,2,aberto,2025-11-05 07:18:36,,
5692,25.0,7,4,aberto,2026-01-01 03:17:32,,
5693,30.0,10,4,em_andamento,2026-03-30 05:20:28,,
5694,13.0,6,4,em_andamento,2026-03-01 15:47:34,,
5695,38.0,10,2,em_andamento,2026-05-10 11:55:31,,
5696,21.0,9,4,cancelado,2026-02-07 09:50:58,,
5697,36.0,9,4,cancelado,2026-05-21 23:08:14,,
5698,29.0,10,2,resolvido,2025-08-08 15:03:40,2025-08-13 15:03:40,5.0
5699,50.0,7,1,resolvido,2025-11-16 09:31:37,2025-11-25 09:31:37,9.0
5700,12.0,1,3,em_andamento,2026-05-21 12:44:02,,
5701,7.0,6,2,em_andamento,2025-12-21 01:36:30,,
5702,49.0,10,1,em_andamento,2025-08-19 16:38:06,,
5703,9.0,7,1,aberto,2025-10-03 23:10:38,,
5704,1.0,2,3,resolvido,2026-03-30 06:39:28,2026-04-08 06:39:28,9.0
5705,4.0,8,4,em_andamento,2026-02-22 01:48:00,,
5706,40.0,2,3,em_andamento,2025-10-10 17:45:28,,
5707,3.0,5,1,em_andamento,2025-12-06 00:08:25,,
5708,20.0,2,1,em_andamento,2026-02-07 07:02:30,,
5709,34.0,10,4,resolvido,2026-05-09 22:25:38,2026-05-19 22:25:38,10.0
5710,35.0,8,2,aberto,2026-05-11 16:24:40,,
5711,38.0,10,4,resolvido,2026-04-12 16:10:58,2026-04-23 16:10:58,11.0
5712,43.0,7,3,em_andamento,2026-03-05 09:50:57,,
5713,48.0,3,3,aberto,2025-11-17 18:39:33,,
5714,22.0,10,2,aberto,2026-07-17 13:38:24,,
5715,34.0,3,2,resolvido,2025-12-08 07:27:41,2025-12-15 07:27:41,7.0
5716,32.0,7,4,aberto,2025-11-11 17:47:55,,
5717,40.0,5,4,em_andamento,2025-10-06 04:00:09,,
5718,37.0,9,1,resolvido,2025-10-28 21:16:30,2025-11-03 21:16:30,6.0
5719,26.0,9,2,aberto,2025-12-30 16:16:08,,
5720,6.0,8,3,em_andamento,2026-04-17 05:00:56,,
5721,41.0,1,4,cancelado,2025-11-17 23:48:29,,
5722,27.0,2,4,resolvido,2025-12-25 00:43:07,2026-01-03 00:43:07,9.0
5723,49.0,5,1,resolvido,2026-03-06 02:50:52,2026-03-12 02:50:52,6.0
5724,16.0,5,4,resolvido,2026-01-03 14:55:46,2026-01-11 14:55:46,8.0
5725,15.0,2,2,cancelado,2026-06-01 12:51:34,,
5726,43.0,10,3,cancelado,2026-02-20 10:25:39,,
5727,7.0,1,1,cancelado,2026-04-07 00:53:09,,
5728,32.0,8,2,em_andamento,2026-04-06 23:52:29,,
5729,5.0,8,3,aberto,2026-01-15 08:52:56,,
5730,15.0,7,1,em_andamento,2026-05-18 17:30:42,,
5731,3.0,3,3,aberto,2026-06-02 20:22:31,,
5732,38.0,4,4,em_andamento,2026-07-06 06:46:50,,
5733,14.0,8,1,em_andamento,2026-01-12 19:36:06,,
5734,20.0,3,3,resolvido,2025-08-02 04:23:43,2025-08-10 04:23:43,8.0
5735,18.0,8,3,aberto,2025-09-29 11:35:46,,
5736,50.0,5,4,cancelado,2025-12-01 22:46:40,,
5737,2.0,8,4,em_andamento,2026-07-16 16:53:12,,
5738,50.0,4,3,aberto,2026-07-09 18:53:04,,
5739,1.0,8,4,resolvido,2026-01-12 16:23:40,2026-01-24 16:23:40,12.0
5740,5.0,8,1,resolvido,2026-07-21 10:19:13,2026-07-31 10:19:13,10.0
5741,6.0,8,2,em_andamento,2025-09-28 06:59:40,,
5742,35.0,10,3,aberto,2026-06-18 18:09:29,,
5743,18.0,6,4,em_andamento,2025-09-09 12:34:50,,
5744,17.0,1,1,resolvido,2025-08-10 05:57:44,2025-08-13 05:57:44,3.0
5745,35.0,2,1,resolvido,2025-08-21 03:57:34,2025-08-27 03:57:34,6.0
5746,29.0,5,3,cancelado,2026-03-11 13:52:38,,
5747,43.0,6,2,aberto,2026-06-11 23:25:28,,
5748,26.0,1,4,cancelado,2026-07-17 10:03:19,,
5749,1.0,1,3,aberto,2025-10-26 19:45:25,,
5750,38.0,4,1,resolvido,2026-04-10 14:05:12,2026-04-15 14:05:12,5.0
5751,35.0,5,1,em_andamento,2025-10-04 22:37:08,,
5752,39.0,9,2,em_andamento,2026-03-16 00:32:47,,
5753,6.0,9,1,em_andamento,2026-07-06 14:34:32,,
5754,38.0,7,4,em_andamento,2026-06-07 13:02:58,,
5755,50.0,1,2,resolvido,2026-03-31 23:28:10,2026-04-10 23:28:10,10.0
5756,35.0,9,4,resolvido,2026-01-23 22:21:23,2026-01-25 22:21:23,2.0
5757,2.0,8,1,em_andamento,2026-06-03 00:41:32,,
5758,26.0,6,2,resolvido,2026-06-20 13:48:21,2026-06-22 13:48:21,2.0
5759,6.0,7,3,cancelado,2025-12-18 08:11:42,,
5760,46.0,10,2,em_andamento,2025-11-04 14:34:19,,
5761,47.0,4,3,cancelado,2026-05-19 00:00:53,,
5762,9.0,4,1,em_andamento,2026-04-13 09:33:37,,
5763,39.0,8,3,resolvido,2026-06-15 09:38:41,2026-06-24 09:38:41,9.0
5764,33.0,1,4,cancelado,2026-01-21 19:36:44,,
5765,3.0,9,4,aberto,2025-11-25 02:14:40,,
5766,39.0,3,1,aberto,2026-06-13 02:09:46,,
5767,39.0,10,1,resolvido,2026-04-02 13:26:31,2026-04-05 13:26:31,3.0
5768,15.0,2,1,em_andamento,2025-08-05 06:15:05,,
5769,44.0,3,4,cancelado,2026-01-30 21:57:12,,
5770,7.0,2,3,resolvido,2025-10-15 20:15:28,2025-10-17 20:15:28,2.0
5771,22.0,3,4,em_andamento,2026-05-26 22:24:48,,
5772,12.0,2,1,cancelado,2026-02-14 06:41:32,,
5773,3.0,5,4,em_andamento,2026-03-18 00:26:16,,
5774,10.0,1,3,em_andamento,2025-10-17 04:58:01,,
5775,39.0,8,1,cancelado,2026-02-27 04:17:37,,
5776,31.0,5,3,resolvido,2026-01-29 01:25:51,2026-02-03 01:25:51,5.0
5777,19.0,8,1,em_andamento,2026-03-27 09:09:16,,
5778,41.0,4,1,cancelado,2025-09-06 01:06:05,,
5779,49.0,2,3,cancelado,2026-01-03 10:55:49,,
5780,48.0,2,3,em_andamento,2026-07-27 05:50:12,,
5781,37.0,5,4,cancelado,2025-08-26 15:20:39,,
5782,25.0,7,2,cancelado,2025-12-20 10:21:23,,
5783,12.0,4,3,cancelado,2026-05-23 20:09:32,,
5784,1.0,6,2,aberto,2026-04-08 01:26:48,,
5785,9.0,7,1,resolvido,2025-09-06 00:26:35,2025-09-16 00:26:35,10.0
5786,36.0,8,1,em_andamento,2025-11-09 07:45:53,,
5787,25.0,9,4,aberto,2025-08-20 13:50:27,,
5788,22.0,1,4,em_andamento,2026-04-23 09:13:55,,
5789,3.0,7,4,em_andamento,2025-10-01 22:22:11,,
5790,28.0,1,3,aberto,2026-07-28 12:00:20,,
5791,9.0,9,1,cancelado,2025-11-23 03:57:10,,
5792,18.0,1,1,aberto,2025-09-21 12:43:13,,
5793,14.0,10,1,aberto,2026-03-10 10:41:06,,
5794,11.0,1,2,aberto,2025-11-06 23:06:32,,
5795,10.0,6,2,aberto,2025-11-23 21:44:23,,
5796,39.0,5,3,em_andamento,2026-07-08 17:30:47,,
5797,45.0,4,4,resolvido,2026-01-11 11:38:06,2026-01-18 11:38:06,7.0
5798,37.0,8,3,em_andamento,2026-07-20 16:00:26,,
5799,8.0,10,2,cancelado,2025-10-04 15:41:32,,
5800,3.0,1,4,aberto,2025-08-01 08:57:50,,
5801,9.0,8,3,cancelado,2026-05-29 15:06:12,,
5802,19.0,6,3,resolvido,2026-01-20 00:44:33,2026-02-01 00:44:33,12.0
5803,9.0,1,3,resolvido,2025-08-15 15:28:57,2025-08-21 15:28:57,6.0
5804,48.0,9,3,resolvido,2025-08-15 20:41:05,2025-08-24 20:41:05,9.0
5805,6.0,2,1,aberto,2026-05-20 17:24:43,,
5806,46.0,9,4,resolvido,2025-10-12 09:24:05,2025-10-17 09:24:05,5.0
5807,41.0,6,2,resolvido,2026-05-27 18:27:08,2026-06-08 18:27:08,12.0
5808,49.0,6,4,cancelado,2025-12-14 08:04:46,,
5809,11.0,3,3,em_andamento,2026-05-30 17:24:44,,
5810,8.0,8,4,aberto,2025-08-20 16:17:20,,
5811,21.0,7,4,aberto,2025-12-31 14:57:00,,
5812,16.0,7,1,cancelado,2026-06-06 13:10:41,,
5813,9.0,5,4,aberto,2026-06-11 21:14:14,,
5814,29.0,1,3,cancelado,2025-09-03 09:50:57,,
5815,41.0,3,4,cancelado,2025-12-17 13:06:41,,
5816,2.0,3,2,resolvido,2026-01-31 08:49:39,2026-02-01 08:49:39,1.0
5817,5.0,6,3,aberto,2025-10-21 03:48:04,,
5818,5.0,6,2,aberto,2025-09-29 19:29:52,,
5819,5.0,8,2,aberto,2025-08-03 05:49:23,,
5820,28.0,8,1,resolvido,2025-12-04 16:24:21,2025-12-07 16:24:21,3.0
5821,29.0,10,1,resolvido,2025-08-09 17:42:23,2025-08-17 17:42:23,8.0
5822,9.0,3,3,resolvido,2025-11-04 13:27:07,2025-11-13 13:27:07,9.0
5823,21.0,5,4,resolvido,2026-06-16 09:38:13,2026-06-24 09:38:13,8.0
5824,4.0,7,3,resolvido,2025-12-28 13:34:13,2026-01-05 13:34:13,8.0
5825,21.0,8,1,resolvido,2025-10-01 12:38:21,2025-10-13 12:38:21,12.0
5826,47.0,8,1,aberto,2025-12-22 01:38:09,,
5827,49.0,9,4,cancelado,2026-03-01 10:33:43,,
5828,48.0,5,4,em_andamento,2026-06-01 21:10:14,,
5829,28.0,6,4,aberto,2025-09-06 06:59:32,,
5830,36.0,4,2,resolvido,2026-02-20 11:27:37,2026-02-25 11:27:37,5.0
5831,41.0,9,4,cancelado,2025-08-10 17:14:01,,
5832,36.0,1,3,cancelado,2026-07-08 12:12:57,,
5833,4.0,3,2,cancelado,2025-12-25 15:41:55,,
5834,31.0,2,3,em_andamento,2025-08-23 00:02:48,,
5835,1.0,2,2,em_andamento,2026-06-04 03:08:18,,
5836,2.0,10,3,cancelado,2026-04-13 01:35:42,,
5837,32.0,4,2,em_andamento,2026-01-10 08:36:17,,
5838,10.0,10,4,em_andamento,2026-07-12 00:59:40,,
5839,44.0,3,2,cancelado,2025-12-13 16:08:35,,
5840,19.0,5,1,em_andamento,2026-04-05 14:59:54,,
5841,36.0,3,3,em_andamento,2026-05-31 19:29:56,,
5842,49.0,3,4,cancelado,2026-05-21 03:35:07,,
5843,25.0,10,2,resolvido,2025-11-15 05:39:52,2025-11-17 05:39:52,2.0
5844,11.0,8,4,em_andamento,2026-07-01 00:08:50,,
5845,40.0,3,2,resolvido,2026-02-01 14:45:23,2026-02-07 14:45:23,6.0
5846,16.0,3,1,aberto,2025-08-17 14:18:48,,
5847,17.0,1,1,cancelado,2025-10-23 15:26:19,,
5848,40.0,4,2,em_andamento,2026-04-25 07:55:46,,
5849,34.0,5,3,em_andamento,2026-01-21 02:42:29,,
5850,14.0,5,4,aberto,2026-01-22 20:01:25,,
5851,39.0,10,2,aberto,2026-07-11 07:07:02,,
5852,44.0,8,3,resolvido,2025-10-20 09:20:21,2025-10-25 09:20:21,5.0
5853,6.0,6,3,resolvido,2025-12-01 18:57:47,2025-12-10 18:57:47,9.0
5854,29.0,6,4,aberto,2026-05-24 05:41:29,,
5855,13.0,9,2,aberto,2025-11-07 15:37:06,,
5856,2.0,1,4,resolvido,2026-07-16 09:18:45,2026-07-25 09:18:45,9.0
5857,16.0,4,2,em_andamento,2025-08-10 20:53:39,,
5858,50.0,7,2,em_andamento,2025-12-14 17:11:06,,
5859,32.0,8,4,cancelado,2026-04-21 20:38:15,,
5860,14.0,4,1,cancelado,2025-11-18 04:51:11,,
5861,47.0,9,1,cancelado,2026-04-01 14:44:44,,
5862,26.0,5,4,aberto,2025-09-13 23:03:42,,
5863,29.0,1,2,resolvido,2025-12-16 03:44:06,2025-12-26 03:44:06,10.0
5864,3.0,6,3,em_andamento,2025-08-30 07:04:02,,
5865,40.0,9,3,em_andamento,2026-05-22 19:54:44,,
5866,41.0,5,1,aberto,2025-08-18 09:54:14,,
5867,41.0,8,3,aberto,2025-12-02 14:02:34,,
5868,9.0,8,3,aberto,2026-05-14 15:01:20,,
5869,44.0,7,4,resolvido,2025-09-26 23:25:53,2025-10-04 23:25:53,8.0
5870,33.0,3,4,cancelado,2026-05-18 12:30:17,,
5871,27.0,3,3,aberto,2025-10-08 12:20:58,,
5872,28.0,3,1,aberto,2025-09-07 08:47:27,,
5873,16.0,7,2,resolvido,2026-02-20 03:41:12,2026-02-22 03:41:12,2.0
5874,26.0,5,4,aberto,2026-02-10 02:57:05,,
5875,19.0,10,4,resolvido,2025-08-25 08:21:54,2025-08-26 08:21:54,1.0
5876,21.0,10,4,em_andamento,2026-03-25 15:17:52,,
5877,7.0,9,2,cancelado,2025-12-17 21:55:20,2025-12-15 21:55:20,
5878,48.0,10,3,aberto,2025-12-13 21:37:45,,
5879,17.0,10,4,aberto,2026-01-07 00:03:50,,
5880,38.0,10,3,resolvido,2026-06-12 10:30:03,2026-06-22 10:30:03,10.0
5881,45.0,4,2,cancelado,2026-03-27 02:35:45,,
5882,50.0,7,3,em_andamento,2025-12-15 14:18:28,,
5883,9.0,3,2,resolvido,2025-10-27 09:54:39,2025-11-03 09:54:39,7.0
5884,25.0,2,2,aberto,2026-02-26 15:04:06,,
5885,11.0,9,1,aberto,2025-08-02 04:20:39,,
5886,22.0,10,3,resolvido,2026-02-12 06:35:30,2026-02-19 06:35:30,7.0
5887,45.0,2,2,cancelado,2026-02-03 06:01:28,,
5888,28.0,3,2,em_andamento,2026-01-28 12:24:14,,
5889,38.0,9,3,cancelado,2025-11-24 21:48:53,,
5890,20.0,3,2,resolvido,2025-12-18 14:13:49,2025-12-25 14:13:49,7.0
5891,26.0,8,4,aberto,2025-11-23 10:35:17,,
5892,33.0,9,2,em_andamento,2026-02-15 02:50:03,,
5893,14.0,8,4,aberto,2025-11-01 21:53:05,,
5894,22.0,9,3,aberto,2025-12-20 13:29:42,,
5895,25.0,9,1,cancelado,2025-08-27 19:50:53,,
5896,45.0,2,2,resolvido,2026-04-26 06:40:10,2026-04-29 06:40:10,3.0
5897,20.0,8,3,cancelado,2026-03-15 22:19:38,,
5898,2.0,6,4,cancelado,2026-02-07 23:47:10,,
5899,40.0,5,4,em_andamento,2025-08-28 21:14:08,,
5900,44.0,9,2,aberto,2025-11-10 10:32:31,,
5901,40.0,8,2,em_andamento,2025-10-15 11:38:24,,
5902,26.0,2,1,aberto,2025-08-17 12:43:21,,
5903,37.0,3,4,aberto,2025-08-16 17:25:12,,
5904,25.0,7,2,aberto,2026-04-14 12:36:08,,
5905,7.0,7,3,resolvido,2026-01-25 08:52:00,2026-01-30 08:52:00,5.0
5906,21.0,8,4,resolvido,2025-11-21 06:53:52,2025-11-25 06:53:52,4.0
5907,34.0,7,3,resolvido,2026-06-25 18:54:46,2026-07-07 18:54:46,12.0
5908,49.0,6,4,resolvido,2026-02-11 23:20:21,2026-02-26 23:20:21,15.0
5909,17.0,8,4,resolvido,2026-05-19 12:02:13,2026-06-01 12:02:13,13.0
5910,1.0,1,1,cancelado,2025-12-23 00:01:36,,
5911,34.0,8,3,cancelado,2025-12-31 17:29:33,,
5912,34.0,3,3,aberto,2025-10-01 19:36:34,,
5913,23.0,2,4,cancelado,2026-05-13 08:54:27,,
5914,23.0,5,3,aberto,2026-04-13 00:23:51,,
5915,10.0,3,3,resolvido,2026-01-03 23:39:38,2026-01-09 23:39:38,6.0
5916,38.0,10,4,resolvido,2025-12-16 23:49:56,2025-12-29 23:49:56,13.0
5917,1.0,3,2,em_andamento,2026-05-04 12:23:11,,
5918,34.0,7,4,aberto,2025-10-03 20:50:32,,
5919,33.0,4,3,cancelado,2025-10-02 12:53:52,,
5920,3.0,2,4,aberto,2025-10-23 16:09:24,,
5921,16.0,7,2,aberto,2025-09-29 00:38:55,,
5922,40.0,5,3,em_andamento,2026-03-27 20:12:34,,
5923,14.0,9,4,aberto,2026-06-29 19:12:20,,
5924,12.0,1,3,aberto,2025-10-31 19:47:53,,
5925,35.0,10,2,aberto,2025-10-19 22:13:56,,
5926,39.0,5,1,em_andamento,2025-12-29 10:38:46,,
5927,18.0,10,1,cancelado,2025-08-26 02:58:57,,
5928,41.0,2,4,cancelado,2026-05-10 13:46:38,,
5929,37.0,8,2,resolvido,2025-10-12 05:37:18,2025-10-17 05:37:18,5.0
5930,18.0,2,2,resolvido,2026-01-05 08:14:19,2026-01-13 08:14:19,8.0
5931,25.0,10,3,aberto,2026-04-27 21:42:33,,
5932,20.0,6,1,cancelado,2025-11-28 00:51:59,,
5933,14.0,6,4,cancelado,2025-09-21 21:02:03,,
5934,20.0,9,1,resolvido,2025-12-12 14:39:30,2025-12-13 14:39:30,1.0
5935,15.0,10,3,aberto,2026-07-19 21:50:44,,
5936,22.0,10,1,em_andamento,2026-04-17 03:53:05,,
5937,43.0,7,1,em_andamento,2026-05-08 06:45:38,,
5938,46.0,10,3,resolvido,2025-08-09 00:49:29,2025-08-16 00:49:29,7.0
5939,10.0,1,2,aberto,2025-11-29 23:58:40,,
5940,23.0,9,2,resolvido,2025-08-11 12:43:36,2025-08-12 12:43:36,1.0
5941,2.0,8,2,resolvido,2025-09-02 10:07:32,2025-09-08 10:07:32,6.0
5942,10.0,1,2,aberto,2026-04-04 04:55:16,,
5943,37.0,8,4,cancelado,2025-08-03 19:48:36,,
5944,19.0,9,4,cancelado,2026-04-01 11:07:19,,
5945,24.0,10,3,aberto,2025-12-18 03:57:22,,
5946,43.0,5,1,cancelado,2026-01-30 17:09:53,,
5947,48.0,5,2,em_andamento,2026-02-23 14:03:43,,
5948,1.0,9,2,resolvido,2026-05-02 21:52:16,2026-05-10 21:52:16,8.0
5949,26.0,9,3,aberto,2026-03-25 16:34:01,,
5950,37.0,7,2,em_andamento,2025-11-18 18:15:56,,
5951,42.0,4,2,cancelado,2025-09-27 12:25:29,,
5952,2.0,6,4,resolvido,2025-08-18 17:52:13,2025-08-20 17:52:13,2.0
5953,11.0,8,4,cancelado,2026-07-24 16:30:02,,
5954,19.0,9,2,aberto,2026-06-19 22:18:46,,
5955,29.0,4,1,cancelado,2025-08-02 14:58:44,,
5956,26.0,3,2,aberto,2026-02-08 02:32:25,,
5957,24.0,2,1,cancelado,2026-01-19 16:50:31,,
5958,35.0,9,2,resolvido,2026-03-24 21:14:29,2026-04-01 21:14:29,8.0
5959,24.0,6,3,cancelado,2025-10-14 23:05:16,,
5960,40.0,9,1,cancelado,2025-10-06 05:27:18,,
5961,10.0,4,2,cancelado,2026-05-02 07:47:15,,
5962,47.0,3,2,cancelado,2025-10-28 08:59:31,,
5963,8.0,8,1,em_andamento,2026-03-29 22:15:11,,
5964,11.0,4,4,aberto,2025-09-21 13:00:15,,
5965,3.0,7,3,resolvido,2025-10-31 14:31:40,2025-11-01 14:31:40,1.0
5966,46.0,9,4,aberto,2026-04-26 21:41:33,,
5967,43.0,9,3,cancelado,2026-02-22 20:40:48,,
5968,29.0,10,3,resolvido,2026-01-22 03:28:38,2026-02-04 03:28:38,13.0
5969,27.0,8,3,resolvido,2026-02-01 01:20:07,2026-02-11 01:20:07,10.0
5970,13.0,10,1,aberto,2025-10-04 06:55:00,,
5971,29.0,4,4,aberto,2025-12-16 02:45:31,,
5972,23.0,10,1,resolvido,2025-10-08 23:42:42,2025-10-13 23:42:42,5.0
5973,38.0,5,3,cancelado,2025-11-11 21:00:23,,
5974,11.0,7,2,resolvido,2025-08-08 11:24:34,2025-08-15 11:24:34,7.0
5975,36.0,9,4,cancelado,2025-11-01 05:03:34,,
5976,14.0,9,1,em_andamento,2026-05-28 16:45:45,,
5977,2.0,8,4,aberto,2025-10-08 13:01:26,,
5978,10.0,4,4,aberto,2025-12-03 22:49:01,,
5979,12.0,2,1,resolvido,2026-06-13 22:03:59,2026-06-19 22:03:59,6.0
5980,35.0,2,2,cancelado,2026-04-01 20:40:52,,
5981,42.0,2,2,aberto,2025-11-28 04:59:16,,
5982,42.0,8,1,cancelado,2025-08-11 00:50:45,,
5983,25.0,10,1,aberto,2025-09-14 22:00:46,,
5984,4.0,8,2,em_andamento,2026-05-01 18:36:27,,
5985,31.0,3,2,cancelado,2026-04-28 08:39:59,,
5986,36.0,10,2,em_andamento,2026-07-27 07:43:21,,
5987,18.0,9,4,resolvido,2026-04-18 13:14:28,2026-04-19 13:14:28,1.0
5988,39.0,8,1,em_andamento,2026-02-27 02:33:56,,
5989,46.0,6,1,cancelado,2025-12-12 22:02:30,,
5990,32.0,6,4,cancelado,2025-08-06 21:16:34,,
5991,34.0,4,2,resolvido,2025-11-12 01:31:32,2025-11-16 01:31:32,4.0
5992,32.0,8,2,aberto,2025-12-21 18:08:04,,
5993,50.0,3,2,aberto,2025-12-09 12:04:47,,
5994,21.0,6,3,aberto,2025-12-29 15:13:42,,
5995,44.0,6,4,aberto,2025-08-17 13:29:34,,
5996,23.0,3,1,cancelado,2026-05-19 07:04:06,,
5997,40.0,10,2,resolvido,2026-02-25 07:34:49,2026-03-07 07:34:49,10.0
5998,46.0,5,3,aberto,2025-09-20 05:17:40,,
5999,20.0,6,2,aberto,2026-01-07 14:58:27,,
6000,5.0,5,1,resolvido,2026-05-09 00:01:37,2026-05-23 00:01:37,14.0
6001,42.0,2,2,em_andamento,2026-03-29 16:59:42,,
6002,42.0,6,1,em_andamento,2026-01-12 17:05:46,,
6003,26.0,9,4,aberto,2025-10-05 05:13:35,,
6004,21.0,7,1,aberto,2025-09-13 06:13:50,,
6005,38.0,8,4,cancelado,2026-05-08 21:19:31,,
6006,35.0,1,2,em_andamento,2026-04-16 21:53:24,,
6007,41.0,5,3,resolvido,2026-04-16 13:04:29,2026-04-17 13:04:29,1.0
6008,28.0,9,3,resolvido,2026-01-07 13:26:14,2026-01-10 13:26:14,3.0
6009,19.0,1,2,cancelado,2026-04-09 10:40:00,,
6010,47.0,7,3,aberto,2026-02-07 08:52:12,,
6011,5.0,7,2,em_andamento,2025-08-19 14:27:27,,
6012,40.0,6,4,em_andamento,2026-01-04 19:31:15,,
6013,49.0,8,2,aberto,2026-02-13 08:10:47,,
6014,23.0,10,4,resolvido,2026-07-03 17:18:04,2026-07-12 17:18:04,9.0
6015,29.0,3,2,cancelado,2026-07-08 23:29:12,,
6016,15.0,2,4,em_andamento,2026-06-19 08:10:18,,
6017,46.0,1,2,aberto,2026-02-01 06:47:45,,
6018,22.0,9,3,resolvido,2026-07-29 15:58:16,2026-07-30 15:58:16,1.0
6019,15.0,4,2,resolvido,2026-04-29 02:42:12,2026-04-30 02:42:12,1.0
6020,6.0,7,3,aberto,2026-04-10 09:14:48,,
6021,36.0,6,3,em_andamento,2026-02-19 10:48:51,,
6022,38.0,7,4,aberto,2025-08-28 12:02:57,,
6023,30.0,4,3,resolvido,2026-02-14 17:28:26,2026-02-23 17:28:26,9.0
6024,46.0,5,4,em_andamento,2026-04-08 20:33:09,,
6025,47.0,2,3,resolvido,2026-04-19 14:34:27,2026-04-20 14:34:27,1.0
6026,35.0,5,1,cancelado,2025-11-09 09:27:26,,
6027,18.0,10,1,cancelado,2025-09-05 03:36:21,,
6028,5.0,8,1,resolvido,2025-10-09 20:16:48,2025-10-18 20:16:48,9.0
6029,11.0,2,1,cancelado,2025-10-02 16:32:34,,
6030,37.0,9,1,resolvido,2026-07-16 11:06:47,2026-07-23 11:06:47,7.0
6031,7.0,4,3,resolvido,2026-07-05 19:31:24,2026-07-10 19:31:24,5.0
6032,4.0,10,3,em_andamento,2025-08-28 11:43:26,,
6033,45.0,8,4,resolvido,2026-01-24 21:34:21,2026-01-27 21:34:21,3.0
6034,2.0,3,2,cancelado,2026-03-14 05:49:07,,
6035,19.0,4,2,aberto,2025-09-06 20:28:36,,
6036,10.0,7,3,aberto,2025-12-05 02:39:23,,
6037,37.0,10,4,em_andamento,2025-10-16 08:16:10,,
6038,8.0,9,2,cancelado,2026-07-04 15:54:09,,
6039,25.0,8,4,aberto,2026-04-27 10:25:30,,
6040,39.0,7,4,cancelado,2025-11-24 03:30:50,,
6041,28.0,2,1,em_andamento,2026-01-12 10:38:25,,
6042,21.0,7,2,resolvido,2026-03-30 23:31:16,2026-04-10 23:31:16,11.0
6043,3.0,3,2,em_andamento,2025-11-04 15:21:40,,
6044,44.0,4,3,aberto,2026-04-03 16:53:02,,
6045,5.0,4,4,cancelado,2026-03-01 05:15:26,,
6046,36.0,4,4,cancelado,2025-11-27 17:53:32,,
6047,23.0,10,1,aberto,2025-10-06 10:00:41,,
6048,31.0,8,1,resolvido,2026-06-14 00:26:01,2026-06-29 00:26:01,15.0
6049,10.0,5,3,cancelado,2026-07-24 16:01:37,,
6050,8.0,5,3,aberto,2025-08-06 15:06:49,,
6051,40.0,3,2,em_andamento,2026-03-19 18:35:38,,
6052,50.0,6,1,cancelado,2025-12-02 16:15:21,,
6053,20.0,7,3,cancelado,2025-09-08 18:30:12,,
6054,20.0,3,4,aberto,2026-05-24 23:07:55,,
6055,8.0,9,4,em_andamento,2026-07-01 19:59:27,,
6056,32.0,3,4,em_andamento,2026-01-30 19:01:56,,
6057,5.0,10,3,cancelado,2026-07-14 00:51:15,,
6058,40.0,6,3,em_andamento,2026-01-07 21:31:22,,
6059,41.0,3,4,cancelado,2026-07-22 01:49:55,,
6060,25.0,5,1,resolvido,2025-11-26 16:23:29,2025-12-02 16:23:29,6.0
6061,36.0,6,1,em_andamento,2026-01-31 07:03:05,,
6062,48.0,6,3,aberto,2026-05-13 04:19:24,,
6063,47.0,4,3,resolvido,2026-02-11 19:01:25,2026-02-17 19:01:25,6.0
6064,44.0,5,4,cancelado,2025-09-15 16:05:14,,
6065,10.0,3,2,aberto,2025-09-18 10:06:10,,
6066,20.0,8,2,em_andamento,2026-01-29 15:00:35,,
6067,5.0,5,3,resolvido,2026-04-20 18:40:05,2026-04-22 18:40:05,2.0
6068,6.0,6,4,resolvido,2026-04-06 10:52:01,2026-04-17 10:52:01,11.0
6069,38.0,4,2,resolvido,2025-11-11 16:30:34,2025-11-20 16:30:34,9.0
6070,38.0,8,4,resolvido,2026-01-17 08:59:24,2026-01-25 08:59:24,8.0
6071,14.0,2,2,aberto,2026-06-18 12:34:49,,
6072,19.0,1,3,resolvido,2025-08-12 04:07:35,2025-08-19 04:07:35,7.0
6073,28.0,7,1,em_andamento,2026-02-15 22:16:47,,
6074,4.0,9,3,aberto,2026-07-20 11:51:29,,
6075,4.0,2,4,em_andamento,2026-04-16 22:37:29,,
6076,6.0,5,2,aberto,2025-11-19 05:15:06,,
6077,21.0,2,1,resolvido,2025-09-03 02:23:59,2025-09-14 02:23:59,11.0
6078,15.0,7,4,cancelado,2025-08-07 02:32:44,,
6079,11.0,2,1,cancelado,2026-07-26 22:57:42,,
6080,36.0,2,4,aberto,2026-03-09 22:50:23,,
6081,3.0,10,4,resolvido,2026-02-07 12:17:09,2026-02-12 12:17:09,5.0
6082,49.0,8,1,cancelado,2025-08-06 21:59:32,,
6083,42.0,9,1,em_andamento,2026-01-20 17:13:10,,
6084,28.0,10,2,em_andamento,2026-01-27 12:52:57,,
6085,47.0,2,3,resolvido,2025-09-27 02:08:57,2025-10-04 02:08:57,7.0
6086,12.0,4,1,cancelado,2025-09-22 08:52:49,,
6087,3.0,1,2,em_andamento,2025-09-23 18:03:40,,
6088,4.0,3,4,resolvido,2025-11-24 05:02:00,2025-12-07 05:02:00,13.0
6089,22.0,1,3,em_andamento,2026-05-30 22:06:06,,
6090,11.0,5,1,aberto,2025-09-27 19:33:05,,
6091,19.0,3,1,cancelado,2026-04-29 03:09:11,,
6092,27.0,8,1,aberto,2025-10-09 12:29:02,,
6093,21.0,2,3,resolvido,2025-11-25 05:28:10,2025-12-01 05:28:10,6.0
6094,48.0,10,2,aberto,2025-08-31 07:10:19,,
6095,7.0,7,4,em_andamento,2026-06-22 01:45:18,,
6096,14.0,9,2,em_andamento,2025-12-10 23:09:35,,
6097,9.0,3,3,aberto,2026-02-02 23:44:26,,
6098,3.0,6,2,em_andamento,2025-10-08 04:58:34,,
6099,12.0,3,1,resolvido,2025-10-29 11:33:31,2025-10-31 11:33:31,2.0
6100,7.0,10,1,aberto,2025-10-01 01:22:57,,
6101,8.0,4,3,resolvido,2026-03-28 20:37:27,2026-04-08 20:37:27,11.0
6102,14.0,4,1,em_andamento,2026-01-23 08:12:46,,
6103,15.0,3,3,em_andamento,2026-02-12 04:08:30,,
6104,34.0,7,1,em_andamento,2025-08-20 04:44:47,,
6105,11.0,4,3,resolvido,2025-11-02 07:14:32,2025-11-11 07:14:32,9.0
6106,19.0,6,2,em_andamento,2026-06-08 10:46:42,,
6107,20.0,3,4,resolvido,2025-12-07 07:58:55,2025-12-10 07:58:55,3.0
6108,50.0,5,4,cancelado,2026-03-24 00:23:19,,
6109,1.0,3,3,cancelado,2026-06-23 17:54:58,,
6110,28.0,4,3,em_andamento,2026-03-07 11:19:55,,
6111,48.0,1,3,em_andamento,2026-06-26 14:18:04,,
6112,28.0,8,4,RESOLVIDO,2026-04-16 15:50:40,,
6113,18.0,10,3,em_andamento,2025-10-18 19:38:35,,
6114,40.0,8,2,resolvido,2025-09-16 22:49:16,2025-09-17 22:49:16,1.0
6115,22.0,3,4,cancelado,2025-09-20 19:07:38,,
6116,24.0,6,1,resolvido,2025-12-11 21:39:34,2025-12-21 21:39:34,10.0
6117,32.0,7,2,resolvido,2026-03-01 01:57:53,2026-03-09 01:57:53,8.0
6118,33.0,1,4,cancelado,2026-06-29 04:00:33,,
6119,20.0,2,3,cancelado,2025-12-31 01:20:11,,
6120,24.0,4,2,cancelado,2026-04-18 23:24:12,,
6121,38.0,6,2,resolvido,2025-09-25 10:21:59,2025-09-26 10:21:59,1.0
6122,29.0,5,4,cancelado,2026-04-21 17:47:28,,
6123,47.0,6,2,resolvido,2025-12-28 13:33:27,2026-01-05 13:33:27,8.0
6124,45.0,7,2,resolvido,2025-12-02 19:23:44,2025-12-14 19:23:44,12.0
6125,48.0,4,2,resolvido,2025-12-16 09:03:07,2025-12-25 09:03:07,9.0
6126,49.0,7,4,em_andamento,2025-10-11 18:47:28,,
6127,20.0,2,3,cancelado,2026-06-12 14:09:47,,
6128,6.0,3,4,cancelado,2025-11-16 11:35:39,,
6129,13.0,9,2,resolvido,2026-07-14 23:47:54,2026-07-29 23:47:54,15.0
6130,18.0,4,3,cancelado,2025-12-14 12:34:02,,
6131,36.0,6,4,em_andamento,2026-04-06 20:35:41,,
6132,43.0,10,1,cancelado,2025-08-24 15:52:51,,
6133,7.0,7,2,resolvido,2025-08-08 23:45:04,2025-08-10 23:45:04,2.0
6134,16.0,10,1,cancelado,2025-10-18 08:50:10,,
6135,7.0,6,2,aberto,2026-01-28 15:02:51,,
6136,7.0,7,2,cancelado,2025-08-18 02:14:34,,
6137,6.0,1,2,aberto,2025-12-11 10:30:46,,
6138,32.0,4,4,em_andamento,2026-06-28 00:43:47,,
6139,25.0,1,4,em_andamento,2025-08-25 12:22:38,,
6140,50.0,1,1,resolvido,2025-11-22 06:16:55,2025-11-26 06:16:55,4.0
6141,35.0,10,4,cancelado,2025-10-26 08:19:32,,
6142,36.0,1,2,cancelado,2026-05-07 23:57:33,,
6143,47.0,5,2,aberto,2026-03-15 23:29:48,,
6144,9.0,2,3,cancelado,2025-12-08 13:40:41,,
6145,13.0,10,3,cancelado,2025-09-25 15:20:51,,
6146,26.0,3,3,resolvido,2025-09-29 08:17:41,2025-10-09 08:17:41,10.0
6147,41.0,3,4,resolvido,2025-08-01 21:41:51,2025-08-02 21:41:51,1.0
6148,23.0,7,2,em_andamento,2026-02-19 10:15:21,,
6149,39.0,2,4,em_andamento,2026-02-14 20:41:06,,
6150,48.0,10,3,aberto,2025-08-15 11:50:47,,
6151,14.0,7,3,aberto,2026-04-01 16:16:25,,
6152,43.0,2,2,cancelado,2026-02-21 09:29:47,,
6153,45.0,7,3,cancelado,2026-03-26 08:04:53,,
6154,6.0,10,4,cancelado,2026-03-19 22:59:14,,
6155,44.0,1,4,em_andamento,2025-11-10 23:17:18,,
6156,14.0,6,2,aberto,2026-06-04 06:35:49,,
6157,3.0,2,4,aberto,2025-09-30 05:36:03,,
6158,11.0,6,1,aberto,2026-04-13 08:07:03,,
6159,26.0,4,3,aberto,2026-01-14 16:43:21,,
6160,49.0,2,2,em_andamento,2026-01-24 12:51:08,,
6161,15.0,5,3,em_andamento,2026-01-22 12:20:16,,
6162,31.0,7,4,em_andamento,2025-12-19 20:10:28,,
6163,44.0,5,1,resolvido,2026-02-10 13:12:52,2026-02-21 13:12:52,11.0
6164,45.0,5,1,aberto,2026-01-12 11:39:48,,
6165,5.0,7,4,em_andamento,2026-02-23 01:43:53,,
6166,3.0,2,3,aberto,2026-06-06 04:58:50,,
6167,7.0,7,1,resolvido,2026-01-02 19:34:08,2026-01-10 19:34:08,8.0
6168,38.0,10,1,aberto,2025-09-14 19:39:25,,
6169,4.0,5,2,aberto,2026-02-21 21:52:23,,
6170,10.0,9,4,cancelado,2026-05-16 03:09:38,,
6171,8.0,7,1,aberto,2026-05-14 20:34:41,,
6172,40.0,10,1,em_andamento,2026-04-13 06:45:03,,
6173,19.0,3,1,em_andamento,2025-10-24 04:01:16,,
6174,17.0,9,3,resolvido,2026-01-10 01:22:24,2026-01-11 01:22:24,1.0
6175,4.0,4,3,em_andamento,2026-07-10 12:56:03,,
6176,5.0,7,1,cancelado,2025-10-16 12:19:28,,
6177,37.0,2,4,aberto,2026-01-08 09:11:32,,
6178,14.0,9,4,aberto,2026-05-11 20:12:55,,
6179,6.0,6,4,aberto,2026-01-10 11:16:30,,
6180,45.0,2,4,aberto,2026-04-28 14:25:56,,
6181,14.0,3,1,resolvido,2026-05-23 14:47:09,2026-05-27 14:47:09,4.0
6182,2.0,3,3,cancelado,2025-12-15 15:20:09,,
6183,43.0,1,2,aberto,2026-06-28 12:50:55,,
6184,19.0,2,1,em_andamento,2026-07-07 11:57:04,,
6185,35.0,8,3,resolvido,2025-08-02 23:42:53,2025-08-12 23:42:53,10.0
6186,45.0,2,2,cancelado,2026-05-30 01:22:14,,
6187,31.0,9,3,cancelado,2026-01-09 17:16:23,,
6188,25.0,5,4,em_andamento,2026-06-03 20:39:03,,
6189,39.0,2,2,aberto,2026-02-26 17:16:21,,
6190,3.0,8,3,aberto,2026-01-01 12:43:50,,
6191,43.0,7,1,resolvido,2026-02-22 04:53:13,2026-03-04 04:53:13,10.0
6192,11.0,4,2,aberto,2025-12-12 17:57:54,,
6193,23.0,5,1,aberto,2026-01-16 07:00:16,,
6194,46.0,4,1,resolvido,2026-01-17 21:31:00,2026-01-24 21:31:00,7.0
6195,39.0,7,2,cancelado,2026-03-11 20:06:04,,
6196,5.0,7,3,resolvido,2025-10-16 15:09:55,2025-10-24 15:09:55,8.0
6197,22.0,3,3,em_andamento,2026-04-16 11:20:57,,
6198,49.0,8,3,aberto,2025-08-13 17:53:44,,
6199,1.0,3,3,resolvido,2026-05-21 14:54:28,2026-05-22 14:54:28,1.0
6200,46.0,8,3,resolvido,2026-07-06 18:08:03,2026-07-13 18:08:03,7.0
6201,28.0,7,3,em_andamento,2026-05-13 20:25:21,,
6202,4.0,1,3,aberto,2026-01-17 17:15:20,,
6203,38.0,6,4,cancelado,2026-07-16 00:06:53,,
6204,23.0,7,2,resolvido,2026-07-14 12:09:33,2026-07-17 12:09:33,3.0
6205,10.0,3,4,aberto,2025-11-28 20:49:10,,
6206,30.0,3,4,cancelado,2026-05-23 07:38:16,,
6207,9.0,6,4,resolvido,2026-04-15 03:24:08,2026-04-25 03:24:08,10.0
6208,2.0,5,4,aberto,2025-12-28 03:33:52,,
6209,31.0,1,1,aberto,2026-02-09 05:58:11,,
6210,19.0,5,1,em_andamento,2025-11-26 22:08:37,,
6211,1.0,7,4,em_andamento,2026-02-27 11:57:39,,
6212,17.0,1,4,aberto,2025-08-16 15:21:43,,
6213,1.0,1,4,cancelado,2026-03-30 05:15:20,,
6214,35.0,10,1,resolvido,2025-11-29 18:11:32,2025-12-13 18:11:32,14.0
6215,7.0,8,2,em_andamento,2026-05-04 05:50:25,,
6216,1.0,8,4,em_andamento,2026-04-04 22:01:47,,
6217,13.0,9,1,aberto,2026-06-21 04:21:55,,
6218,23.0,3,2,em_andamento,2026-05-11 08:34:36,,
6219,10.0,9,2,em_andamento,2025-11-27 15:13:41,,
6220,12.0,9,2,resolvido,2025-08-17 00:56:32,2025-08-23 00:56:32,6.0
6221,1.0,9,3,cancelado,2026-01-24 11:10:06,,
6222,21.0,3,2,resolvido,2026-07-02 22:51:01,2026-07-14 22:51:01,12.0
6223,20.0,1,1,resolvido,2026-07-27 21:23:59,2026-08-02 21:23:59,6.0
6224,6.0,1,3,cancelado,2026-05-21 01:15:28,,
6225,39.0,2,2,resolvido,2025-11-17 05:18:54,2025-11-25 05:18:54,8.0
6226,8.0,4,3,aberto,2026-03-17 00:35:00,,
6227,50.0,6,2,resolvido,2026-04-23 15:13:41,2026-04-28 15:13:41,5.0
6228,50.0,8,2,em_andamento,2026-02-21 04:37:15,,
6229,50.0,9,2,aberto,2026-06-13 00:41:15,,
6230,28.0,5,1,resolvido,2026-02-17 18:02:27,2026-02-28 18:02:27,11.0
6231,3.0,10,4,em_andamento,2026-05-31 09:52:50,,
6232,2.0,3,1,aberto,2025-12-01 19:49:35,,
6233,2.0,5,1,resolvido,2025-10-23 09:11:16,2025-10-28 09:11:16,5.0
6234,46.0,6,2,resolvido,2025-12-26 07:57:32,2026-01-05 07:57:32,10.0
6235,49.0,3,1,resolvido,2025-10-19 15:49:45,2025-10-27 15:49:45,8.0
6236,19.0,8,4,cancelado,2026-01-14 13:06:13,,
6237,19.0,3,1,em_andamento,2026-01-07 00:24:22,,
6238,6.0,9,2,aberto,2026-05-28 00:56:00,,
6239,25.0,4,3,cancelado,2026-05-06 11:35:09,,
6240,36.0,1,2,cancelado,2026-04-24 23:34:21,,
6241,36.0,10,1,em_andamento,2026-02-21 12:09:10,,
6242,7.0,4,4,resolvido,2026-05-30 11:26:33,2026-06-13 11:26:33,14.0
6243,47.0,7,1,resolvido,2025-11-09 03:13:39,2025-11-12 03:13:39,3.0
6244,22.0,9,3,resolvido,2026-04-24 21:41:56,2026-05-07 21:41:56,13.0
6245,38.0,10,3,aberto,2026-05-16 09:03:04,,
6246,35.0,5,2,aberto,2025-10-25 05:39:40,,
6247,27.0,10,4,aberto,2025-10-07 23:05:14,,
6248,45.0,5,3,em_andamento,2026-01-27 23:21:05,,
6249,34.0,10,4,aberto,2025-09-22 04:25:06,,
6250,25.0,2,1,cancelado,2026-02-14 06:43:18,,
6251,22.0,7,4,em_andamento,2026-06-29 21:16:13,,
6252,15.0,8,3,resolvido,2026-04-22 10:55:26,2026-04-25 10:55:26,3.0
6253,29.0,1,1,cancelado,2026-07-03 03:37:15,,
6254,21.0,3,4,cancelado,2026-02-18 05:37:32,,
6255,6.0,4,4,aberto,2026-06-02 12:03:48,,
6256,20.0,10,1,em_andamento,2025-11-08 18:20:06,,
6257,23.0,4,1,resolvido,2026-01-05 18:25:11,2026-01-14 18:25:11,9.0
6258,40.0,10,2,cancelado,2025-08-03 08:21:20,,
6259,19.0,5,3,cancelado,2025-11-07 00:51:28,,
6260,50.0,8,2,resolvido,2026-03-14 07:55:28,2026-03-27 07:55:28,13.0
6261,1.0,9,3,em_andamento,2025-11-12 22:27:19,,
6262,16.0,3,3,em_andamento,2026-03-16 08:02:11,,
6263,14.0,5,1,aberto,2026-06-05 06:42:29,,
6264,18.0,2,4,em_andamento,2025-10-25 21:16:03,,
6265,20.0,2,3,resolvido,2026-05-15 06:09:05,2026-05-22 06:09:05,7.0
6266,39.0,2,3,resolvido,2026-05-26 09:35:06,2026-06-10 09:35:06,15.0
6267,21.0,8,3,aberto,2026-05-15 11:46:20,,
6268,25.0,3,4,cancelado,2026-02-05 21:41:11,,
6269,1.0,3,3,em_andamento,2025-12-04 14:50:45,,
6270,24.0,8,1,em_andamento,2026-02-01 20:24:15,,
6271,49.0,4,2,em_andamento,2025-08-13 19:16:38,,
6272,40.0,6,3,resolvido,2026-02-20 08:01:10,2026-02-28 08:01:10,8.0
6273,6.0,6,2,cancelado,2025-11-21 16:40:44,,
6274,15.0,1,3,aberto,2026-07-16 16:00:42,,
6275,9.0,10,4,cancelado,2025-12-14 12:04:45,,
6276,12.0,10,1,cancelado,2026-01-01 22:22:09,,
6277,11.0,2,4,resolvido,2026-07-14 07:33:19,2026-07-23 07:33:19,9.0
6278,11.0,10,2,em_andamento,2026-01-23 23:29:41,,
6279,2.0,5,1,cancelado,2025-10-06 05:11:29,,
6280,30.0,9,2,aberto,2026-01-02 01:20:18,,
6281,23.0,4,2,cancelado,2025-12-02 08:56:54,,
6282,25.0,10,2,cancelado,2026-06-25 01:18:58,,
6283,1.0,7,2,em_andamento,2026-03-05 21:47:26,,
6284,23.0,1,2,aberto,2026-02-14 19:21:38,,
6285,15.0,10,2,aberto,2025-11-07 05:44:44,,
6286,20.0,9,3,aberto,2025-11-27 14:16:06,,
6287,12.0,3,1,cancelado,2026-07-17 14:43:18,,
6288,7.0,10,1,aberto,2025-10-10 15:52:03,,
6289,37.0,4,2,em_andamento,2026-04-12 19:12:04,,
6290,24.0,10,2,cancelado,2026-02-10 18:29:45,,
6291,39.0,8,1,aberto,2025-08-17 03:49:28,,
6292,1.0,1,1,em_andamento,2026-03-17 15:43:48,,
6293,46.0,10,3,cancelado,2025-09-28 18:08:36,,
6294,7.0,7,2,em_andamento,2026-03-08 23:55:37,,
6295,22.0,7,3,cancelado,2025-10-29 07:06:39,,
6296,5.0,9,3,resolvido,2026-04-18 21:45:34,2026-04-28 21:45:34,10.0
6297,47.0,8,2,em_andamento,2025-08-18 00:14:40,,
6298,1.0,5,3,em_andamento,2025-08-25 00:10:57,,
6299,9.0,4,1,cancelado,2026-01-07 12:00:59,,
6300,42.0,8,4,aberto,2025-11-17 09:31:56,,
6301,19.0,6,4,resolvido,2026-01-22 14:14:15,2026-01-28 14:14:15,6.0
6302,29.0,5,2,cancelado,2025-08-07 08:11:18,,
6303,1.0,2,3,resolvido,2026-02-03 01:40:53,2026-02-11 01:40:53,8.0
6304,7.0,2,4,cancelado,2025-08-12 17:26:08,,
6305,28.0,7,4,resolvido,2026-03-05 13:05:32,2026-03-17 13:05:32,12.0
6306,4.0,6,2,cancelado,2026-04-13 07:43:30,,
6307,42.0,7,1,em_andamento,2026-05-23 21:56:01,,
6308,2.0,10,2,aberto,2025-11-05 15:09:51,,
6309,45.0,6,4,aberto,2025-08-10 20:30:13,,
6310,27.0,2,1,em_andamento,2026-03-02 18:30:53,,
6311,9.0,4,1,aberto,2026-06-19 20:19:39,,
6312,26.0,8,4,aberto,2026-03-26 21:12:14,,
6313,25.0,8,4,em_andamento,2026-03-08 06:18:59,,
6314,22.0,4,2,em_andamento,2025-12-04 04:00:37,,
6315,13.0,8,1,resolvido,2026-07-06 14:03:22,2026-07-11 14:03:22,5.0
6316,9.0,7,3,resolvido,2026-07-29 21:49:55,2026-08-04 21:49:55,6.0
6317,27.0,4,4,aberto,2026-03-02 22:43:19,,
6318,6.0,5,2,resolvido,2025-09-24 00:17:36,2025-10-01 00:17:36,7.0
6319,48.0,4,4,resolvido,2026-05-19 11:47:57,2026-05-27 11:47:57,8.0
6320,50.0,4,2,em_andamento,2025-08-21 11:41:52,,
6321,45.0,2,2,em_andamento,2026-06-28 03:04:38,,
6322,17.0,7,3,cancelado,2026-03-14 22:35:48,,
6323,25.0,10,2,em_andamento,2026-07-19 02:01:14,,
6324,31.0,9,3,aberto,2026-03-01 08:36:01,,
6325,32.0,9,2,cancelado,2025-08-18 17:41:11,,
6326,27.0,6,1,resolvido,2025-08-10 17:36:09,2025-08-24 17:36:09,14.0
6327,9.0,1,1,aberto,2026-04-06 23:28:55,,
6328,50.0,5,1,cancelado,2026-02-18 22:59:39,,
6329,23.0,3,4,cancelado,2026-01-22 11:52:11,,
6330,19.0,3,4,cancelado,2025-12-30 05:37:00,,
6331,15.0,6,1,em_andamento,2026-03-06 08:43:20,,
6332,32.0,3,3,resolvido,2026-06-27 12:09:25,2026-06-28 12:09:25,1.0
6333,23.0,4,2,cancelado,2026-05-24 09:13:27,,
6334,24.0,7,3,cancelado,2026-06-13 01:04:06,,
6335,40.0,8,4,resolvido,2025-08-30 04:45:50,2025-09-01 04:45:50,2.0
6336,38.0,7,2,em_andamento,2026-02-20 00:05:09,,
6337,18.0,10,3,resolvido,2026-01-31 18:08:59,2026-02-06 18:08:59,6.0
6338,8.0,1,3,cancelado,2025-11-05 05:32:00,,
6339,41.0,3,3,aberto,2026-01-05 08:25:09,,
6340,27.0,10,2,cancelado,2026-04-15 13:13:13,,
6341,21.0,7,3,aberto,2025-09-07 22:51:35,,
6342,10.0,1,4,em_andamento,2025-08-04 03:39:15,,
6343,49.0,8,4,cancelado,2026-01-13 06:45:10,,
6344,12.0,10,2,resolvido,2025-08-08 07:32:01,2025-08-13 07:32:01,5.0
6345,38.0,4,3,resolvido,2025-08-18 04:58:48,2025-08-19 04:58:48,1.0
6346,9.0,2,2,aberto,2026-03-22 15:19:25,,
6347,20.0,7,3,aberto,2025-09-10 19:58:49,,
6348,12.0,3,2,resolvido,2026-03-01 13:14:42,2026-03-11 13:14:42,10.0
6349,45.0,1,3,resolvido,2026-05-21 21:01:20,2026-05-25 21:01:20,4.0
6350,32.0,10,4,em_andamento,2026-05-18 16:14:17,,
6351,24.0,2,3,aberto,2026-07-09 02:15:01,,
6352,30.0,1,2,em_andamento,2025-12-19 19:59:20,,
6353,42.0,10,2,aberto,2026-06-29 12:14:49,,
6354,19.0,8,2,em_andamento,2025-08-22 18:14:39,,
6355,13.0,8,2,aberto,2025-11-14 15:32:57,,
6356,37.0,5,3,aberto,2025-10-29 10:37:50,,
6357,46.0,7,4,cancelado,2025-10-30 20:39:48,,
6358,50.0,8,1,cancelado,2025-10-28 16:53:10,,
6359,13.0,7,2,em_andamento,2025-09-21 20:57:49,,
6360,34.0,7,2,aberto,2025-11-16 05:00:22,,
6361,8.0,2,2,em_andamento,2026-02-12 18:28:02,,
6362,2.0,1,3,resolvido,2026-01-21 12:10:06,2026-02-02 12:10:06,12.0
6363,50.0,9,2,em_andamento,2026-04-03 18:18:17,,
6364,49.0,4,4,cancelado,2025-10-22 08:20:03,,
6365,44.0,10,4,aberto,2025-10-25 17:47:00,,
6366,33.0,3,4,cancelado,2026-07-31 01:22:23,,
6367,47.0,2,2,cancelado,2026-03-24 18:29:17,,
6368,1.0,6,3,resolvido,2026-02-10 05:57:33,2026-02-22 05:57:33,12.0
6369,28.0,10,2,aberto,2025-08-01 14:00:28,,
6370,36.0,6,4,resolvido,2026-07-22 12:26:10,2026-07-23 12:26:10,1.0
6371,8.0,4,2,resolvido,2026-02-14 19:13:11,2026-02-17 19:13:11,3.0
6372,40.0,6,1,em_andamento,2026-07-31 11:23:23,,
6373,24.0,1,1,aberto,2025-09-03 21:20:53,,
6374,7.0,6,3,cancelado,2026-07-29 05:54:39,,
6375,8.0,8,3,aberto,2026-05-12 19:58:58,,
6376,35.0,1,2,aberto,2026-06-09 20:11:21,,
6377,19.0,5,1,aberto,2026-06-12 22:37:27,,
6378,19.0,1,3,em_andamento,2025-10-30 06:24:52,,
6379,5.0,6,4,cancelado,2026-06-04 04:36:10,,
6380,33.0,6,1,em_andamento,2025-11-28 00:35:02,,
6381,22.0,4,1,resolvido,2025-12-22 17:38:39,2025-12-26 17:38:39,4.0
6382,20.0,8,3,resolvido,2025-09-16 10:10:53,2025-09-22 10:10:53,6.0
6383,33.0,1,2,aberto,2026-07-06 14:40:21,,
6384,40.0,1,1,cancelado,2026-03-05 01:39:07,,
6385,34.0,6,4,resolvido,2026-02-06 09:03:38,2026-02-08 09:03:38,2.0
6386,29.0,9,3,aberto,2025-08-20 05:04:39,,
6387,6.0,10,1,em_andamento,2026-06-23 07:28:46,,
6388,30.0,2,4,em_andamento,2025-11-04 05:33:28,,
6389,31.0,2,4,aberto,2025-10-23 14:53:58,,
6390,7.0,6,4,cancelado,2025-11-28 21:45:52,,
6391,34.0,7,1,aberto,2026-02-01 15:18:56,,
6392,37.0,10,4,cancelado,2026-04-07 03:19:12,,
6393,29.0,6,2,em_andamento,2026-01-26 16:06:05,,
6394,11.0,7,1,cancelado,2026-03-13 17:56:52,,
6395,3.0,6,1,resolvido,2026-03-13 05:09:19,2026-03-21 05:09:19,8.0
6396,35.0,4,3,em_andamento,2025-11-11 02:35:16,,
6397,17.0,6,1,resolvido,2026-03-16 02:02:03,2026-03-19 02:02:03,3.0
6398,10.0,9,3,em_andamento,2026-06-08 22:15:15,,
6399,24.0,4,2,em_andamento,2026-02-09 23:17:49,,
6400,19.0,3,4,cancelado,2026-03-13 23:20:56,,
6401,43.0,3,1,cancelado,2026-05-22 23:41:55,,
6402,50.0,8,3,aberto,2026-02-28 18:56:21,,
6403,5.0,6,3,cancelado,2025-12-04 16:05:19,,
6404,28.0,9,4,em_andamento,2026-01-31 04:04:05,,
6405,1.0,4,1,em_andamento,2026-02-06 04:16:20,,
6406,33.0,6,2,em_andamento,2026-03-31 17:37:33,,
6407,30.0,3,4,cancelado,2026-06-30 21:10:43,,
6408,28.0,10,2,resolvido,2026-06-28 11:37:08,2026-07-07 11:37:08,9.0
6409,21.0,2,3,aberto,2026-05-21 01:34:51,,
6410,11.0,6,2,resolvido,2026-02-20 13:26:29,2026-03-02 13:26:29,10.0
6411,16.0,1,4,em_andamento,2025-09-03 13:54:39,,
6412,1.0,9,4,em_andamento,2025-08-01 07:25:44,,
6413,47.0,1,4,em_andamento,2026-07-29 08:51:35,,
6414,36.0,3,4,cancelado,2025-08-17 16:22:54,,
6415,31.0,8,1,aberto,2026-02-22 20:15:10,,
6416,49.0,9,3,em_andamento,2026-02-12 03:27:22,,
6417,21.0,3,4,cancelado,2025-12-30 13:40:17,,
6418,13.0,1,1,aberto,2025-09-05 03:24:56,,
6419,29.0,2,2,aberto,2026-02-19 15:35:26,,
6420,4.0,3,3,em_andamento,2026-01-08 10:53:26,,
6421,13.0,5,3,cancelado,2025-09-25 14:23:12,,
6422,14.0,1,3,cancelado,2025-10-11 04:24:57,,
6423,45.0,8,4,aberto,2026-05-31 06:00:48,,
6424,49.0,10,4,aberto,2026-06-07 18:23:03,,
6425,44.0,10,4,aberto,2026-06-21 13:43:10,,
6426,25.0,6,4,resolvido,2025-11-05 10:19:15,2025-11-10 10:19:15,5.0
6427,50.0,7,4,cancelado,2025-09-03 01:07:30,,
6428,27.0,5,1,cancelado,2026-03-28 23:34:46,,
6429,34.0,4,2,resolvido,2026-02-19 16:17:20,2026-02-26 16:17:20,7.0
6430,40.0,6,2,em_andamento,2025-11-16 09:10:35,,
6431,19.0,3,4,resolvido,2025-09-18 19:54:15,2025-09-24 19:54:15,6.0
6432,13.0,8,2,em_andamento,2025-09-10 08:54:37,,
6433,9.0,2,1,resolvido,2025-09-06 07:15:03,2025-09-13 07:15:03,7.0
6434,1.0,8,1,resolvido,2025-11-08 08:51:23,2025-11-20 08:51:23,12.0
6435,45.0,5,4,em_andamento,2026-04-29 20:04:15,,
6436,27.0,1,1,resolvido,2025-12-10 02:43:31,2025-12-11 02:43:31,1.0
6437,8.0,2,3,aberto,2026-05-15 16:23:46,,
6438,48.0,2,1,aberto,2026-05-13 18:33:55,,
6439,26.0,3,4,aberto,2025-12-17 08:16:36,,
6440,2.0,9,1,em_andamento,2025-08-29 15:07:30,,
6441,26.0,6,2,resolvido,2026-06-17 23:48:50,2026-06-24 23:48:50,7.0
6442,30.0,6,4,em_andamento,2026-01-05 18:24:11,,
6443,15.0,6,3,em_andamento,2025-12-20 08:00:53,,
6444,23.0,8,1,em_andamento,2025-10-14 19:44:30,,
6445,7.0,5,4,cancelado,2025-09-04 06:09:48,,
6446,37.0,2,3,cancelado,2025-10-10 09:06:36,,
6447,16.0,9,4,cancelado,2025-09-23 18:41:27,,
6448,19.0,4,2,aberto,2025-10-30 21:52:42,,
6449,14.0,2,4,em_andamento,2026-02-12 14:17:24,,
6450,43.0,7,4,resolvido,2026-06-30 13:05:45,2026-07-09 13:05:45,9.0
6451,20.0,7,3,Em Andamento,2025-12-27 12:17:02,2026-01-06 12:17:02,10.0
6452,38.0,3,4,em_andamento,2025-11-29 14:51:50,,
6453,19.0,1,1,aberto,2025-09-26 23:08:36,,
6454,45.0,3,1,cancelado,2025-08-31 07:15:42,,
6455,43.0,1,1,resolvido,2026-04-23 23:25:35,2026-04-28 23:25:35,5.0
6456,2.0,6,1,aberto,2025-10-14 07:10:12,,
6457,36.0,6,3,em_andamento,2026-02-08 15:30:13,,
6458,10.0,8,1,cancelado,2025-12-31 01:13:43,,
6459,42.0,4,1,em_andamento,2026-02-22 11:38:57,,
6460,16.0,6,4,em_andamento,2025-11-14 11:13:16,,
6461,25.0,10,2,aberto,2026-06-02 07:49:08,,
6462,6.0,1,1,aberto,2026-02-02 14:38:31,,
6463,38.0,1,2,aberto,2026-06-05 02:06:40,,
6464,36.0,8,1,aberto,2026-02-14 14:20:39,,
6465,20.0,9,1,em_andamento,2026-03-20 16:42:07,,
6466,34.0,4,3,resolvido,2026-06-11 17:52:56,2026-06-14 17:52:56,3.0
6467,5.0,6,2,aberto,2026-04-08 06:19:05,,
6468,40.0,4,1,resolvido,2026-02-06 00:28:50,2026-02-11 00:28:50,5.0
6469,27.0,7,1,em_andamento,2025-09-14 16:35:48,,
6470,50.0,7,4,em_andamento,2026-01-23 13:38:27,,
6471,35.0,1,1,em_andamento,2025-08-18 00:06:11,,
6472,9.0,7,1,resolvido,2026-01-29 05:29:41,2026-01-30 05:29:41,1.0
6473,49.0,10,3,cancelado,2025-11-03 02:37:19,,
6474,45.0,5,4,aberto,2025-08-02 09:38:52,,
6475,23.0,4,1,aberto,2026-02-10 20:05:30,,
6476,3.0,6,2,em_andamento,2025-11-06 02:48:07,,
6477,1.0,10,4,cancelado,2026-04-02 18:29:49,,
6478,13.0,10,4,resolvido,2025-09-02 21:33:10,2025-09-10 21:33:10,8.0
6479,38.0,2,3,em_andamento,2025-09-25 00:17:55,,
6480,43.0,7,2,cancelado,2026-01-11 18:44:13,,
6481,27.0,6,1,aberto,2026-04-01 13:57:40,,
6482,26.0,8,4,cancelado,2025-11-05 04:12:10,,
6483,45.0,2,4,cancelado,2025-11-18 12:57:45,,
6484,26.0,3,2,cancelado,2026-06-11 09:12:27,,
6485,16.0,7,3,aberto,2026-03-08 10:45:05,,
6486,6.0,7,2,cancelado,2025-12-04 21:11:34,,
6487,26.0,3,2,em_andamento,2025-10-19 06:45:32,,
6488,28.0,7,4,cancelado,2026-03-17 23:57:24,,
6489,33.0,9,1,em_andamento,2026-02-24 07:33:19,,
6490,29.0,7,1,cancelado,2025-08-16 16:59:16,,
6491,21.0,3,2,aberto,2025-09-19 05:55:33,,
6492,30.0,5,2,resolvido,2025-11-28 00:03:16,2025-12-04 00:03:16,6.0
6493,37.0,9,1,em_andamento,2026-06-09 21:26:52,,
6494,21.0,6,4,cancelado,2025-08-03 03:52:10,,
6495,30.0,3,4,resolvido,2026-06-17 16:00:18,2026-07-01 16:00:18,14.0
6496,25.0,5,1,em_andamento,2025-10-09 01:14:42,,
6497,36.0,6,1,resolvido,2026-01-09 09:24:11,2026-01-14 09:24:11,5.0
6498,2.0,2,3,aberto,2025-10-31 02:24:12,,
6499,50.0,8,1,cancelado,2025-10-02 17:50:14,,
6500,22.0,8,2,aberto,2026-04-04 09:50:41,,
6501,9.0,10,3,cancelado,2026-06-21 19:35:07,,
6502,23.0,2,4,aberto,2026-04-13 02:56:10,,
6503,42.0,2,3,cancelado,2026-05-11 13:18:37,,
6504,3.0,1,3,aberto,2026-04-05 12:26:17,,
6505,1.0,10,2,resolvido,2026-07-09 01:19:54,2026-07-15 01:19:54,6.0
6506,12.0,9,4,cancelado,2025-08-09 20:49:18,,
6507,23.0,8,1,em_andamento,2026-03-13 15:12:23,,
6508,42.0,1,2,em_andamento,2026-05-19 04:20:48,,
6509,2.0,2,1,em_andamento,2026-05-17 06:38:13,,
6510,22.0,1,1,cancelado,2026-04-11 08:55:19,,
6511,41.0,1,4,resolvido,2026-05-16 12:50:30,2026-05-29 12:50:30,13.0
6512,11.0,10,1,cancelado,2026-02-07 05:57:43,,
6513,43.0,10,3,em_andamento,2025-10-30 10:59:32,,
6514,12.0,3,2,em_andamento,2025-08-06 10:28:29,,
6515,27.0,10,2,aberto,2025-08-15 12:53:25,,
6516,41.0,9,1,cancelado,2026-05-06 04:49:17,,
6517,11.0,1,1,cancelado,2025-09-25 15:29:03,,
6518,41.0,4,1,em_andamento,2026-04-13 03:18:11,,
6519,17.0,3,4,cancelado,2026-04-27 21:13:32,,
6520,9.0,5,4,resolvido,2026-07-12 22:44:48,2026-07-19 22:44:48,7.0
6521,48.0,5,1,resolvido,2025-08-20 18:34:44,2025-09-05 18:34:44,16.0
6522,32.0,2,3,resolvido,2026-01-19 17:36:24,2026-01-21 17:36:24,2.0
6523,39.0,6,4,cancelado,2025-11-19 21:59:17,,
6524,17.0,1,4,cancelado,2025-08-23 08:20:08,,
6525,14.0,6,3,resolvido,2025-08-03 01:24:27,2025-08-13 01:24:27,10.0
6526,24.0,4,3,resolvido,2025-11-14 22:06:24,2025-11-20 22:06:24,6.0
6527,42.0,7,4,resolvido,2026-03-09 23:53:54,2026-03-12 23:53:54,3.0
6528,33.0,4,3,em_andamento,2026-04-18 09:11:06,,
6529,19.0,9,2,resolvido,2026-04-27 10:46:43,2026-04-28 10:46:43,1.0
6530,41.0,3,4,cancelado,2025-09-27 10:50:57,,
6531,14.0,7,4,resolvido,2026-01-20 05:46:15,2026-01-21 05:46:15,1.0
6532,34.0,6,2,em_andamento,2025-11-11 07:06:24,,
6533,2.0,8,4,resolvido,2026-04-07 17:52:58,2026-04-13 17:52:58,6.0
6534,33.0,10,3,em_andamento,2026-03-31 16:56:56,,
6535,11.0,7,2,resolvido,2025-11-14 23:42:39,2025-11-20 23:42:39,6.0
6536,20.0,4,4,resolvido,2026-04-06 20:28:44,2026-04-13 20:28:44,7.0
6537,2.0,5,3,aberto,2026-02-15 04:42:17,,
6538,24.0,1,2,resolvido,2026-04-04 04:33:34,2026-04-10 04:33:34,6.0
6539,26.0,8,2,aberto,2026-01-28 17:49:21,,
6540,4.0,8,2,resolvido,2025-09-13 10:23:02,2025-09-25 10:23:02,12.0
6541,39.0,4,1,cancelado,2025-12-13 10:41:48,,
6542,29.0,4,4,em_andamento,2025-11-30 07:09:00,,
6543,38.0,6,3,resolvido,2026-04-01 08:27:30,2026-04-18 08:27:30,17.0
6544,43.0,1,2,aberto,2026-03-16 05:47:05,,
6545,5.0,7,2,resolvido,2026-04-16 14:19:45,2026-04-19 14:19:45,3.0
6546,23.0,1,2,aberto,2026-04-01 12:30:42,,
6547,20.0,6,1,em_andamento,2026-07-10 13:35:59,,
6548,36.0,2,3,em_andamento,2025-11-14 04:43:44,,
6549,22.0,4,1,em_andamento,2025-10-14 05:46:31,,
6550,30.0,10,3,em_andamento,2026-06-25 10:30:06,,
6551,15.0,8,3,em_andamento,2025-09-17 04:02:43,,
6552,6.0,2,1,em_andamento,2026-01-14 09:51:04,,
6553,16.0,6,1,resolvido,2025-08-18 03:11:07,2025-08-23 03:11:07,5.0
6554,11.0,7,3,em_andamento,2025-11-22 21:49:03,,
6555,30.0,5,2,cancelado,2025-12-16 03:52:23,,
6556,44.0,7,2,resolvido,2026-04-29 11:19:34,2026-04-27 11:19:34,7.0
6557,24.0,8,2,em_andamento,2026-05-04 17:02:40,,
6558,36.0,6,3,resolvido,2026-06-10 18:07:56,2026-06-17 18:07:56,7.0
6559,22.0,2,3,cancelado,2025-08-13 21:33:57,,
6560,3.0,10,1,em_andamento,2026-04-26 19:57:21,,
6561,21.0,2,1,cancelado,2025-11-17 05:03:53,,
6562,43.0,5,3,resolvido,2025-11-13 06:27:11,2025-11-17 06:27:11,4.0
6563,45.0,8,1,cancelado,2026-02-16 13:55:40,,
6564,9.0,8,2,aberto,2026-01-16 08:46:08,,
6565,27.0,8,2,em_andamento,2026-03-12 01:56:09,,
6566,29.0,5,4,aberto,2025-11-28 23:43:05,,
6567,9.0,2,3,cancelado,2026-04-17 19:05:29,,
6568,24.0,7,2,cancelado,2025-12-11 08:14:30,,
6569,17.0,2,2,cancelado,2026-03-27 13:32:42,,
6570,2.0,9,3,aberto,2026-04-29 06:30:39,,
6571,33.0,8,4,em_andamento,2025-12-28 07:10:27,,
6572,1.0,10,1,cancelado,2026-07-12 14:05:10,,
6573,37.0,4,1,cancelado,2025-09-26 01:29:06,,
6574,16.0,1,2,resolvido,2026-07-22 12:33:54,2026-08-03 12:33:54,12.0
6575,5.0,7,4,aberto,2025-12-30 12:34:01,,
6576,20.0,6,1,resolvido,2025-11-03 22:26:42,2025-11-08 22:26:42,5.0
6577,35.0,3,2,cancelado,2025-09-04 12:19:43,,
6578,29.0,4,1,em_andamento,2026-01-27 13:05:18,,
6579,49.0,4,3,em_andamento,2026-06-20 08:59:45,,
6580,50.0,9,1,resolvido,2026-04-22 23:14:43,2026-04-23 23:14:43,1.0
6581,33.0,6,1,resolvido,2026-05-15 11:47:02,2026-05-21 11:47:02,6.0
6582,24.0,10,2,cancelado,2026-04-25 01:16:26,,
6583,20.0,6,1,em_andamento,2026-06-02 00:07:58,,
6584,36.0,3,2,aberto,2025-10-25 00:23:21,,
6585,16.0,5,2,cancelado,2025-09-07 12:28:02,,
6586,24.0,6,4,cancelado,2025-09-13 12:44:15,,
6587,30.0,3,1,aberto,2026-06-20 03:24:22,,
6588,46.0,6,3,aberto,2026-01-11 11:15:37,,
6589,48.0,5,3,em_andamento,2026-02-01 10:33:03,,
6590,6.0,9,2,resolvido,2026-05-19 17:24:58,2026-05-24 17:24:58,5.0
6591,16.0,7,3,em_andamento,2025-08-29 10:17:15,,
6592,6.0,1,2,cancelado,2026-07-19 20:26:54,,
6593,31.0,2,1,resolvido,2026-02-11 20:04:48,2026-02-20 20:04:48,9.0
6594,38.0,2,4,em_andamento,2026-06-27 15:55:03,,
6595,25.0,6,1,cancelado,2026-04-30 20:42:26,,
6596,14.0,3,1,cancelado,2025-08-03 12:58:43,,
6597,10.0,10,1,aberto,2026-06-22 13:56:32,,
6598,47.0,9,4,em_andamento,2025-08-03 17:06:29,,
6599,40.0,3,2,aberto,2025-11-06 16:28:18,,
6600,38.0,9,2,cancelado,2026-05-08 07:21:08,,
6601,,2,3,cancelado,2026-03-30 20:14:56,,
6602,14.0,8,4,cancelado,2026-03-11 15:40:06,,
6603,8.0,1,3,em_andamento,2025-08-16 21:46:33,,
6604,37.0,9,4,cancelado,2026-06-25 18:40:48,,
6605,1.0,8,3,resolvido,2026-02-12 05:41:32,2026-02-19 05:41:32,7.0
6606,39.0,10,1,resolvido,2026-06-15 03:38:28,2026-06-22 03:38:28,7.0
6607,18.0,6,1,aberto,2025-09-18 05:14:49,,
6608,12.0,1,2,cancelado,2025-12-17 06:01:39,,
6609,48.0,9,2,cancelado,2026-03-09 02:40:01,,
6610,36.0,10,1,em_andamento,2025-09-13 16:59:09,,
6611,48.0,5,3,aberto,2025-10-24 21:32:52,,
6612,11.0,10,3,cancelado,2026-01-27 11:12:13,,
6613,29.0,7,1,em_andamento,2025-12-24 23:51:36,,
6614,42.0,1,3,aberto,2025-11-07 04:50:41,,
6615,39.0,4,3,cancelado,2026-04-29 23:16:27,,
6616,44.0,8,3,resolvido,2026-03-01 15:24:44,2026-03-06 15:24:44,5.0
6617,41.0,2,2,em_andamento,2026-05-03 04:59:40,,
6618,28.0,9,1,aberto,2026-02-05 01:03:58,,
6619,5.0,4,2,cancelado,2025-08-10 03:07:13,,
6620,12.0,2,1,resolvido,2026-05-22 02:53:20,2026-05-31 02:53:20,9.0
6621,25.0,1,1,resolvido,2026-01-04 17:41:19,2026-01-12 17:41:19,8.0
6622,11.0,3,1,aberto,2025-11-26 11:29:53,,
6623,16.0,9,2,resolvido,2025-09-15 06:26:55,2025-09-22 06:26:55,7.0
6624,50.0,9,2,aberto,2026-05-13 23:50:49,,
6625,49.0,7,1,cancelado,2025-12-30 01:28:51,,
6626,15.0,7,1,em_andamento,2026-01-30 16:05:45,,
6627,35.0,10,1,cancelado,2026-06-13 10:12:34,,
6628,16.0,7,1,cancelado,2026-02-10 09:07:33,,
6629,48.0,9,3,cancelado,2025-08-14 01:53:25,,
6630,28.0,8,2,aberto,2025-11-27 22:20:44,,
6631,3.0,1,3,em_andamento,2025-11-14 03:48:22,,
6632,6.0,5,1,aberto,2026-01-08 11:56:53,,
6633,31.0,1,4,aberto,2026-02-03 03:32:21,,
6634,28.0,4,3,resolvido,2025-12-22 23:45:06,2025-12-26 23:45:06,4.0
6635,2.0,9,3,aberto,2026-03-08 14:29:51,,
6636,12.0,4,4,aberto,2025-08-27 17:15:29,,
6637,34.0,6,1,aberto,2025-09-10 03:14:11,,
6638,50.0,10,1,resolvido,2025-12-12 04:35:57,2025-12-20 04:35:57,8.0
6639,17.0,6,4,cancelado,2026-03-21 05:57:36,,
6640,10.0,10,4,resolvido,2025-08-07 15:31:18,2025-08-10 15:31:18,3.0
6641,22.0,7,1,em_andamento,2026-01-14 23:17:45,,
6642,30.0,7,4,aberto,2026-07-16 21:42:40,,
6643,16.0,8,4,aberto,2026-04-14 15:00:06,,
6644,45.0,9,4,em_andamento,2025-11-23 18:53:20,,
6645,28.0,4,3,cancelado,2026-07-09 14:36:06,,
6646,7.0,3,4,cancelado,2025-12-24 07:45:14,,
6647,50.0,8,2,aberto,2025-12-07 21:32:47,,
6648,24.0,6,4,em_andamento,2025-11-28 09:06:01,,
6649,30.0,2,2,cancelado,2025-10-29 15:27:13,,
6650,48.0,5,1,em_andamento,2025-12-26 00:19:18,,
6651,47.0,3,2,resolvido,2025-11-01 06:00:38,2025-11-02 06:00:38,1.0
6652,20.0,5,4,cancelado,2025-09-02 09:55:32,,
6653,12.0,8,4,em_andamento,2026-04-05 04:33:19,,
6654,47.0,4,1,resolvido,2026-03-19 07:11:53,2026-03-20 07:11:53,1.0
6655,44.0,2,1,cancelado,2025-12-10 22:51:29,,
6656,27.0,2,3,em_andamento,2026-04-11 08:34:14,,
6657,41.0,2,3,em_andamento,2026-03-02 16:07:53,,
6658,19.0,9,2,aberto,2026-06-13 21:15:45,,
6659,39.0,7,4,em_andamento,2026-05-27 06:48:59,,
6660,27.0,5,4,aberto,2025-09-22 17:31:47,,
6661,17.0,7,3,cancelado,2026-06-28 11:54:46,,
6662,35.0,10,4,cancelado,2026-06-23 15:47:03,,
6663,2.0,4,4,em_andamento,2025-12-14 17:40:36,,
6664,1.0,1,3,em_andamento,2026-04-17 13:07:38,,
6665,32.0,10,2,cancelado,2026-02-08 19:30:54,,
6666,47.0,4,1,resolvido,2025-11-10 15:10:41,2025-11-14 15:10:41,4.0
6667,10.0,10,1,em_andamento,2026-03-06 04:21:51,,
6668,31.0,1,4,resolvido,2025-12-30 11:21:45,2026-01-04 11:21:45,5.0
6669,39.0,4,3,aberto,2026-02-20 23:34:44,,
6670,3.0,5,1,cancelado,2026-06-16 09:28:50,,
6671,48.0,3,1,aberto,2025-09-28 09:18:33,,
6672,35.0,8,2,em_andamento,2026-03-31 08:58:28,,
6673,33.0,3,3,cancelado,2026-06-14 22:15:21,,
6674,8.0,9,2,aberto,2026-07-01 08:50:07,,
6675,6.0,9,1,cancelado,2026-02-03 23:58:44,,
6676,45.0,10,4,aberto,2026-05-04 21:52:49,,
6677,31.0,6,4,resolvido,2026-02-28 19:59:36,2026-03-09 19:59:36,9.0
6678,19.0,10,4,aberto,2025-09-24 14:12:59,,
6679,21.0,3,2,aberto,2025-09-08 14:06:15,,
6680,32.0,2,1,resolvido,2025-10-14 16:12:38,2025-10-17 16:12:38,3.0
6681,35.0,7,3,cancelado,2025-11-10 17:48:22,,
6682,23.0,9,1,aberto,2026-01-04 23:40:25,,
6683,1.0,7,1,cancelado,2025-12-22 11:44:53,,
6684,14.0,6,4,em_andamento,2025-09-05 05:42:45,,
6685,7.0,7,2,aberto,2025-11-02 02:56:24,,
6686,11.0,10,4,resolvido,2025-12-19 07:21:15,2025-12-28 07:21:15,9.0
6687,12.0,7,1,cancelado,2026-07-22 23:38:48,,
6688,39.0,5,4,em_andamento,2026-01-23 01:15:02,,
6689,32.0,9,1,aberto,2025-09-26 20:26:27,,
6690,37.0,4,1,cancelado,2025-12-20 01:55:55,,
6691,34.0,3,1,aberto,2026-05-10 09:25:51,,
6692,49.0,4,1,cancelado,2025-11-04 03:53:13,,
6693,5.0,7,4,resolvido,2026-06-10 13:55:01,2026-06-13 13:55:01,3.0
6694,13.0,3,1,cancelado,2026-05-14 01:32:44,,
6695,15.0,4,4,aberto,2025-09-11 04:45:06,,
6696,16.0,2,4,resolvido,2025-08-17 10:34:31,2025-08-23 10:34:31,6.0
6697,3.0,5,1,em_andamento,2026-05-29 07:29:07,,
6698,31.0,3,3,resolvido,2025-10-14 08:35:50,2025-10-22 08:35:50,8.0
6699,24.0,9,3,em_andamento,2025-11-07 05:29:43,,
6700,22.0,7,2,aberto,2025-09-13 03:38:39,,
6701,10.0,8,3,em_andamento,2026-07-23 08:56:59,,
6702,39.0,3,2,resolvido,2025-10-04 03:26:41,2025-10-12 03:26:41,8.0
6703,7.0,8,3,aberto,2026-07-18 18:43:17,,
6704,39.0,3,3,aberto,2025-12-24 09:10:40,,
6705,41.0,5,4,cancelado,2025-10-30 04:49:46,,
6706,12.0,2,2,em_andamento,2026-06-04 06:03:54,,
6707,26.0,1,1,cancelado,2026-01-25 05:18:10,,
6708,15.0,10,3,resolvido,2025-11-03 17:17:41,2025-11-04 17:17:41,1.0
6709,17.0,2,2,resolvido,2025-11-21 06:20:29,2025-11-27 06:20:29,6.0
6710,25.0,4,1,em_andamento,2026-05-03 16:04:44,,
6711,1.0,8,4,resolvido,2026-02-27 10:21:23,2026-03-07 10:21:23,8.0
6712,50.0,10,1,cancelado,2026-01-15 05:53:38,,
6713,45.0,5,3,cancelado,2026-07-10 14:47:32,,
6714,9.0,5,1,em_andamento,2026-07-22 11:40:46,,
6715,45.0,2,4,cancelado,2026-04-14 23:34:02,,
6716,41.0,4,3,aberto,2025-11-12 05:51:47,,
6717,27.0,7,1,aberto,2025-08-02 02:39:46,,
6718,14.0,4,4,em_andamento,2026-04-21 23:16:28,,
6719,28.0,8,1,cancelado,2026-02-23 21:42:30,,
6720,45.0,3,1,cancelado,2025-08-29 09:24:46,,
6721,43.0,4,3,aberto,2026-06-09 18:19:00,,
6722,46.0,3,3,em_andamento,2026-04-08 12:52:46,,
6723,42.0,3,2,resolvido,2026-07-12 09:59:27,2026-07-23 09:59:27,11.0
6724,47.0,4,1,cancelado,2025-08-01 16:59:03,,
6725,44.0,4,2,em_andamento,2026-04-06 08:15:47,,
6726,28.0,6,3,aberto,2026-07-19 21:10:52,,
6727,7.0,9,1,resolvido,2026-05-16 22:17:01,2026-05-26 22:17:01,10.0
6728,19.0,5,2,resolvido,2025-10-28 00:34:00,2025-11-04 00:34:00,7.0
6729,18.0,3,1,em_andamento,2025-10-02 19:55:06,,
6730,45.0,5,2,resolvido,2026-01-11 00:39:42,2026-01-12 00:39:42,1.0
6731,1.0,10,3,cancelado,2025-09-20 15:13:27,,
6732,27.0,6,1,aberto,2026-05-08 05:18:42,,
6733,43.0,9,4,aberto,2026-02-26 06:29:31,,
6734,22.0,7,3,aberto,2025-08-23 01:34:27,,
6735,40.0,10,3,aberto,2025-08-21 02:35:46,,
6736,20.0,8,3,em_andamento,2026-07-01 23:16:43,,
6737,40.0,9,1,em_andamento,2025-09-22 06:32:49,,
6738,30.0,1,3,resolvido,2025-10-28 08:29:56,2025-11-05 08:29:56,8.0
6739,21.0,2,1,em_andamento,2026-02-28 11:54:50,,
6740,25.0,2,1,aberto,2025-09-18 08:52:18,,
6741,42.0,4,3,cancelado,2025-12-05 14:10:04,,
6742,21.0,10,3,em_andamento,2026-03-18 14:16:50,,
6743,48.0,10,2,aberto,2025-11-03 12:23:14,,
6744,41.0,3,2,cancelado,2026-06-02 09:22:47,,
6745,25.0,7,4,cancelado,2026-07-13 15:27:10,,
6746,39.0,3,2,resolvido,2026-07-10 21:17:32,2026-07-15 21:17:32,5.0
6747,15.0,4,4,aberto,2025-09-29 17:37:26,,
6748,37.0,5,1,aberto,2025-08-08 03:07:13,,
6749,41.0,9,2,aberto,2025-12-20 20:07:22,,
6750,40.0,4,3,em_andamento,2026-03-19 10:39:04,,
6751,18.0,3,3,aberto,2026-02-05 01:28:42,,
6752,25.0,7,2,em_andamento,2025-12-18 23:33:19,,
6753,18.0,7,2,em_andamento,2025-11-25 03:53:41,,
6754,20.0,9,2,em_andamento,2025-11-02 10:18:37,,
6755,17.0,4,4,resolvido,2026-02-01 06:51:02,2026-02-16 06:51:02,15.0
6756,34.0,7,4,resolvido,2026-02-03 13:52:08,2026-02-16 13:52:08,13.0
6757,47.0,1,4,resolvido,2025-10-21 23:18:06,2025-10-28 23:18:06,7.0
6758,16.0,9,2,cancelado,2026-04-19 13:05:42,,
6759,40.0,3,3,resolvido,2026-07-23 07:01:47,2026-07-27 07:01:47,4.0
6760,2.0,8,3,em_andamento,2026-03-05 00:47:10,,
6761,22.0,1,3,em_andamento,2025-12-21 08:12:37,,
6762,49.0,9,3,resolvido,2025-09-21 19:51:57,2025-10-04 19:51:57,13.0
6763,41.0,1,2,cancelado,2026-02-20 07:30:09,,
6764,39.0,7,3,resolvido,2025-09-20 09:02:13,2025-09-21 09:02:13,1.0
6765,14.0,6,1,cancelado,2026-01-06 17:45:18,,
6766,26.0,6,1,resolvido,2025-09-09 16:44:34,2025-09-10 16:44:34,1.0
6767,34.0,4,1,aberto,2025-10-19 09:40:03,,
6768,49.0,10,3,resolvido,2026-02-09 04:10:17,2026-02-17 04:10:17,8.0
6769,9.0,9,4,em_andamento,2026-06-19 11:41:01,,
6770,18.0,5,4,cancelado,2025-11-22 07:16:51,,
6771,34.0,7,4,cancelado,2026-06-01 06:39:34,,
6772,38.0,9,3,cancelado,2025-11-02 09:56:33,,
6773,2.0,7,1,cancelado,2025-08-16 19:27:32,,
6774,45.0,1,4,aberto,2025-10-21 19:42:02,,
6775,6.0,5,4,aberto,2026-03-25 10:22:23,,
6776,6.0,1,2,resolvido,2025-08-29 21:38:28,2025-09-07 21:38:28,9.0
6777,29.0,2,3,cancelado,2026-07-31 22:54:02,,
6778,31.0,6,4,cancelado,2026-06-04 11:26:56,,
6779,47.0,6,1,resolvido,2026-04-25 13:53:17,2026-04-26 13:53:17,1.0
6780,5.0,9,4,aberto,2026-02-28 19:00:28,,
6781,44.0,2,4,cancelado,2026-05-07 03:55:28,,
6782,43.0,5,3,em_andamento,2025-12-21 17:01:59,,
6783,14.0,5,2,resolvido,2026-04-03 20:48:59,2026-04-05 20:48:59,2.0
6784,28.0,10,3,aberto,2026-05-22 01:56:04,,
6785,18.0,6,1,resolvido,2025-08-14 12:47:58,2025-08-17 12:47:58,3.0
6786,27.0,7,2,cancelado,2025-11-02 22:04:47,,
6787,22.0,5,1,em_andamento,2026-05-09 02:32:13,,
6788,46.0,5,2,cancelado,2026-04-05 21:50:16,,
6789,5.0,8,2,resolvido,2025-11-27 12:25:52,2025-12-04 12:25:52,7.0
6790,3.0,3,3,aberto,2026-01-30 02:27:48,,
6791,44.0,4,3,cancelado,2026-04-08 07:09:11,,
6792,28.0,3,4,resolvido,2025-10-30 01:37:10,2025-11-04 01:37:10,5.0
6793,33.0,2,4,em_andamento,2026-07-30 17:21:33,,
6794,34.0,5,2,cancelado,2026-06-03 10:34:16,,
6795,36.0,1,4,em_andamento,2025-11-10 06:23:39,,
6796,21.0,9,3,em_andamento,2026-01-31 14:59:15,,
6797,2.0,2,1,aberto,2026-05-25 19:04:57,,
6798,49.0,3,4,cancelado,2025-09-22 08:48:22,,
6799,39.0,6,1,em_andamento,2025-09-22 14:14:25,,
6800,1.0,5,3,em_andamento,2026-05-29 23:02:29,,
6801,46.0,8,4,resolvido,2026-05-12 12:57:05,2026-05-13 12:57:05,1.0
6802,4.0,4,4,resolvido,2025-10-01 16:58:32,2025-10-06 16:58:32,5.0
6803,27.0,3,1,em_andamento,2025-12-24 19:42:15,,
6804,48.0,7,2,resolvido,2026-07-02 11:42:04,2026-07-07 11:42:04,5.0
6805,41.0,10,3,cancelado,2026-04-22 06:15:26,,
6806,33.0,10,4,em_andamento,2026-04-13 09:49:49,,
6807,15.0,2,1,em_andamento,2026-01-27 16:27:16,,
6808,13.0,4,3,cancelado,2025-12-09 02:58:05,,
6809,44.0,7,1,cancelado,2026-04-25 20:15:17,,
6810,46.0,1,4,em_andamento,2025-09-27 18:51:23,,
6811,8.0,8,3,resolvido,2025-09-19 23:09:29,2025-09-29 23:09:29,10.0
6812,23.0,8,4,RESOLVIDO,2025-09-06 20:42:10,,
6813,12.0,7,2,cancelado,2025-12-27 11:54:58,,
6814,16.0,7,4,resolvido,2025-10-09 16:24:49,2025-10-14 16:24:49,5.0
6815,36.0,10,4,cancelado,2026-01-20 19:04:34,,
6816,17.0,8,3,resolvido,2025-11-19 15:26:01,2025-11-21 15:26:01,2.0
6817,44.0,5,2,resolvido,2025-11-28 17:48:55,2025-12-08 17:48:55,10.0
6818,9.0,10,3,em_andamento,2025-09-18 16:03:33,,
6819,29.0,8,3,aberto,2026-05-11 23:21:08,,
6820,49.0,4,4,cancelado,2026-02-20 04:07:43,,
6821,30.0,7,4,resolvido,2025-09-23 12:18:48,2025-09-24 12:18:48,1.0
6822,2.0,5,2,aberto,2026-06-14 14:57:42,,
6823,31.0,7,4,resolvido,2026-04-03 07:53:10,2026-04-14 07:53:10,11.0
6824,23.0,4,3,aberto,2026-01-16 00:20:22,,
6825,5.0,6,4,em_andamento,2025-12-21 23:20:03,,
6826,42.0,4,1,aberto,2026-05-25 13:54:06,,
6827,3.0,1,3,aberto,2026-01-20 08:45:04,,
6828,27.0,6,4,resolvido,2026-03-04 11:02:06,2026-03-13 11:02:06,9.0
6829,47.0,9,2,em_andamento,2026-06-19 20:38:58,,
6830,48.0,5,3,resolvido,2026-07-16 17:29:37,2026-07-23 17:29:37,7.0
6831,22.0,7,3,em_andamento,2026-03-26 20:10:52,,
6832,22.0,3,2,em_andamento,2026-04-23 20:24:44,,
6833,27.0,7,1,aberto,2025-08-09 02:05:26,,
6834,3.0,5,4,aberto,2026-07-17 19:48:55,,
6835,37.0,2,1,aberto,2026-01-03 16:38:06,,
6836,48.0,4,3,resolvido,2025-10-19 21:02:40,2025-11-06 21:02:40,18.0
6837,27.0,2,1,cancelado,2026-05-04 21:13:29,,
6838,21.0,2,1,aberto,2025-12-09 22:23:21,,
6839,44.0,6,2,cancelado,2026-04-30 00:31:25,,
6840,18.0,7,4,aberto,2026-03-25 17:59:16,,
6841,20.0,5,4,cancelado,2026-02-04 10:51:44,,
6842,28.0,2,4,cancelado,2026-06-22 16:19:07,,
6843,43.0,1,3,cancelado,2026-01-31 02:47:04,,
6844,47.0,10,4,cancelado,2025-08-21 05:46:02,,
6845,43.0,7,2,aberto,2025-11-27 22:08:14,,
6846,48.0,6,2,resolvido,2026-04-27 23:01:34,2026-04-28 23:01:34,1.0
6847,38.0,6,1,aberto,2026-05-20 08:08:13,,
6848,18.0,3,2,em_andamento,2026-04-20 04:52:10,,
6849,1.0,3,2,cancelado,2025-09-28 21:44:12,,
6850,28.0,5,1,resolvido,2026-05-26 08:39:38,2026-06-08 08:39:38,13.0
6851,18.0,8,2,cancelado,2026-06-07 18:44:03,,
6852,12.0,3,1,resolvido,2025-08-11 00:44:18,2025-08-19 00:44:18,8.0
6853,,9,4,cancelado,2026-04-18 20:07:43,,
6854,3.0,5,4,resolvido,2026-04-06 01:08:15,2026-04-13 01:08:15,7.0
6855,29.0,4,2,aberto,2026-04-18 11:13:33,,
6856,17.0,8,3,em_andamento,2025-09-16 02:31:18,,
6857,17.0,8,3,resolvido,2025-09-09 23:22:48,2025-09-16 23:22:48,7.0
6858,21.0,10,3,resolvido,2026-07-12 08:11:42,2026-07-18 08:11:42,6.0
6859,7.0,1,2,em_andamento,2026-03-16 12:57:11,,
6860,33.0,8,2,resolvido,2026-05-20 21:35:06,2026-05-31 21:35:06,11.0
6861,48.0,7,4,resolvido,2025-11-22 23:53:16,2025-11-28 23:53:16,6.0
6862,32.0,8,3,aberto,2026-04-05 17:14:49,,
6863,14.0,2,2,resolvido,2026-05-27 18:15:26,2026-06-08 18:15:26,12.0
6864,1.0,3,3,resolvido,2025-11-07 02:54:24,2025-11-16 02:54:24,9.0
6865,13.0,5,4,resolvido,2026-05-06 05:25:40,2026-05-11 05:25:40,5.0
6866,14.0,10,3,em_andamento,2026-02-26 06:34:15,,
6867,45.0,2,4,resolvido,2025-08-02 02:21:18,2025-08-08 02:21:18,6.0
6868,22.0,10,1,resolvido,2025-12-22 16:34:28,2025-12-27 16:34:28,5.0
6869,5.0,3,4,resolvido,2026-06-08 05:42:25,2026-06-09 05:42:25,1.0
6870,24.0,9,1,cancelado,2026-02-02 02:21:28,,
6871,30.0,6,2,em_andamento,2025-08-20 07:57:55,,
6872,35.0,4,1,em_andamento,2026-05-02 13:00:27,,
6873,20.0,9,1,aberto,2026-05-26 22:43:08,,
6874,47.0,1,2,aberto,2026-04-29 15:07:04,,
6875,17.0,7,2,resolvido,2026-01-31 15:33:12,2026-02-10 15:33:12,10.0
6876,12.0,5,2,aberto,2025-11-11 09:52:09,,
6877,45.0,10,3,cancelado,2025-08-21 23:21:40,,
6878,48.0,4,1,aberto,2026-05-05 21:22:06,,
6879,12.0,2,3,em_andamento,2026-07-28 04:11:46,,
6880,31.0,4,3,aberto,2026-06-20 14:54:31,,
6881,6.0,5,4,Em Andamento,2026-07-03 05:39:38,,
6882,13.0,4,1,resolvido,2026-03-29 04:26:15,2026-04-08 04:26:15,10.0
6883,42.0,6,3,em_andamento,2025-11-07 18:36:50,,
6884,4.0,2,3,em_andamento,2026-07-16 19:34:25,,
6885,3.0,4,1,resolvido,2026-01-03 02:32:25,2026-01-08 02:32:25,5.0
6886,35.0,2,1,aberto,2026-07-13 04:18:26,,
6887,40.0,7,3,resolvido,2025-08-07 01:24:32,2025-08-18 01:24:32,11.0
6888,43.0,6,3,cancelado,2025-09-16 13:59:31,,
6889,27.0,7,2,resolvido,2026-04-27 08:37:25,2026-04-30 08:37:25,3.0
6890,8.0,9,2,aberto,2026-05-14 14:45:39,,
6891,10.0,7,3,resolvido,2025-10-12 12:17:10,2025-10-26 12:17:10,14.0
6892,10.0,1,4,resolvido,2025-11-02 15:52:32,2025-11-05 15:52:32,3.0
6893,47.0,2,1,cancelado,2025-10-30 07:17:43,,
6894,7.0,7,4,aberto,2025-12-17 13:51:00,,
6895,2.0,1,2,em_andamento,2025-10-02 01:21:21,,
6896,43.0,5,2,aberto,2026-06-15 13:42:39,,
6897,26.0,9,2,cancelado,2026-02-22 08:10:22,,
6898,33.0,3,2,aberto,2025-08-30 00:23:31,,
6899,41.0,8,3,cancelado,2025-11-14 02:24:11,,
6900,11.0,7,4,em_andamento,2025-12-17 06:15:32,,
6901,2.0,9,2,resolvido,2025-12-31 19:37:25,2026-01-01 19:37:25,1.0
6902,32.0,10,1,aberto,2026-01-20 11:58:38,,
6903,1.0,6,2,em_andamento,2026-05-23 03:08:02,,
6904,43.0,6,4,em_andamento,2026-01-15 11:46:15,,
6905,49.0,3,4,aberto,2026-05-24 08:40:02,,
6906,46.0,4,2,em_andamento,2025-10-15 22:41:15,,
6907,2.0,1,4,resolvido,2026-02-01 23:09:31,2026-02-02 23:09:31,1.0
6908,48.0,3,3,em_andamento,2026-01-19 22:59:33,,
6909,36.0,8,1,em_andamento,2025-12-29 19:53:31,,
6910,40.0,6,1,resolvido,2026-04-23 00:38:35,2026-04-28 00:38:35,5.0
6911,22.0,3,1,resolvido,2025-10-28 07:55:43,2025-11-01 07:55:43,4.0
6912,42.0,1,2,cancelado,2026-07-20 16:46:16,,
6913,2.0,7,1,resolvido,2026-02-03 01:36:58,2026-02-05 01:36:58,2.0
6914,36.0,1,2,em_andamento,2025-12-02 18:40:57,,
6915,17.0,1,4,resolvido,2025-11-19 21:24:18,2025-11-30 21:24:18,11.0
6916,17.0,8,4,resolvido,2025-10-16 20:09:11,2025-10-17 20:09:11,1.0
6917,3.0,10,1,resolvido,2026-03-23 00:33:20,2026-04-02 00:33:20,10.0
6918,47.0,10,3,cancelado,2026-06-13 21:05:51,,
6919,26.0,5,2,aberto,2026-03-06 05:36:42,,
6920,7.0,7,3,resolvido,2026-02-20 21:05:27,2026-02-22 21:05:27,2.0
6921,28.0,3,2,cancelado,2026-07-04 07:49:51,,
6922,34.0,9,4,cancelado,2025-08-20 20:13:05,,
6923,23.0,7,2,aberto,2025-09-29 05:25:56,,
6924,14.0,7,1,cancelado,2026-02-28 17:15:23,,
6925,42.0,3,2,aberto,2025-08-07 17:28:38,,
6926,6.0,2,2,cancelado,2026-03-26 04:54:56,,
6927,1.0,5,4,resolvido,2026-03-29 16:52:09,2026-04-02 16:52:09,4.0
6928,6.0,10,1,em_andamento,2025-12-15 07:13:20,,
6929,33.0,1,2,resolvido,2026-03-25 06:17:51,2026-03-28 06:17:51,3.0
6930,8.0,5,3,em_andamento,2026-01-17 03:58:45,,
6931,36.0,3,3,resolvido,2025-10-14 15:03:57,2025-10-26 15:03:57,12.0
6932,8.0,5,4,aberto,2026-03-30 15:16:09,,
6933,24.0,4,3,cancelado,2026-02-23 22:22:57,,
6934,9.0,9,2,resolvido,2025-12-21 07:37:20,2025-12-30 07:37:20,9.0
6935,6.0,7,4,em_andamento,2026-03-03 14:11:53,,
6936,41.0,1,3,em_andamento,2026-02-18 10:15:14,,
6937,9.0,7,4,aberto,2025-09-29 20:15:38,,
6938,36.0,5,4,cancelado,2026-06-03 14:07:15,,
6939,22.0,7,2,em_andamento,2026-05-18 00:23:15,,
6940,24.0,9,2,em_andamento,2026-05-10 18:10:03,,
6941,34.0,3,1,aberto,2025-11-01 10:54:07,,
6942,34.0,4,2,em_andamento,2025-11-13 10:17:05,,
6943,24.0,4,1,cancelado,2025-09-02 17:02:08,,
6944,33.0,9,3,cancelado,2026-01-10 04:24:42,,
6945,35.0,5,4,cancelado,2026-05-19 13:27:47,,
6946,27.0,8,1,cancelado,2025-10-26 16:38:04,,
6947,18.0,6,2,cancelado,2026-02-17 03:14:18,,
6948,18.0,5,3,cancelado,2026-06-09 06:45:43,,
6949,22.0,3,1,em_andamento,2025-12-24 21:58:48,,
6950,23.0,4,1,cancelado,2025-08-29 16:59:28,,
6951,21.0,6,3,em_andamento,2026-03-10 21:14:10,,
6952,33.0,10,4,resolvido,2025-09-30 03:55:26,2025-10-02 03:55:26,2.0
6953,18.0,2,1,resolvido,2026-04-15 15:49:56,2026-04-20 15:49:56,5.0
6954,34.0,7,2,cancelado,2026-07-09 18:08:12,,
6955,29.0,6,1,aberto,2026-02-04 08:19:39,,
6956,40.0,10,4,cancelado,2026-04-08 09:25:37,,
6957,17.0,6,2,resolvido,2026-07-13 12:29:37,2026-07-17 12:29:37,4.0
6958,21.0,2,3,cancelado,2026-04-17 18:46:13,,
6959,20.0,2,4,cancelado,2025-09-27 23:55:08,,
6960,34.0,10,4,em_andamento,2025-08-08 05:43:07,,
6961,47.0,1,1,em_andamento,2026-04-16 06:52:48,,
6962,23.0,9,2,aberto,2026-06-18 08:43:21,,
6963,8.0,7,2,aberto,2026-04-25 09:36:20,,
6964,6.0,6,4,em_andamento,2026-06-05 10:49:20,,
6965,12.0,5,2,em_andamento,2025-11-14 16:13:48,,
6966,34.0,5,2,resolvido,2025-11-02 23:17:02,2025-11-06 23:17:02,4.0
6967,50.0,10,2,cancelado,2026-04-29 10:15:03,,
6968,25.0,7,1,resolvido,2026-03-11 15:07:51,2026-03-12 15:07:51,1.0
6969,6.0,9,1,resolvido,2026-07-12 06:18:44,2026-07-21 06:18:44,9.0
6970,1.0,4,2,resolvido,2026-05-11 20:54:06,2026-05-16 20:54:06,5.0
6971,22.0,4,4,em_andamento,2025-08-28 00:39:14,,
6972,24.0,9,4,cancelado,2025-09-07 14:18:49,,
6973,48.0,8,1,resolvido,2025-09-10 00:14:14,2025-09-16 00:14:14,6.0
6974,21.0,5,3,cancelado,2026-03-25 07:35:43,,
6975,2.0,6,2,em_andamento,2026-04-09 12:38:56,,
6976,26.0,1,4,cancelado,2025-10-06 02:43:24,,
6977,18.0,7,2,cancelado,2025-11-20 00:49:37,,
6978,9.0,1,3,em_andamento,2026-01-28 19:33:10,,
6979,26.0,5,1,RESOLVIDO,2026-01-07 14:25:25,,
6980,39.0,3,3,cancelado,2025-11-22 17:34:12,,
6981,29.0,3,3,aberto,2025-12-26 18:45:40,,
6982,11.0,2,3,resolvido,2026-07-14 16:07:53,2026-07-19 16:07:53,5.0
6983,42.0,4,2,aberto,2026-05-28 17:51:47,,
6984,44.0,8,4,resolvido,2026-07-23 20:59:59,2026-07-24 20:59:59,1.0
6985,21.0,9,2,aberto,2026-06-25 16:01:54,,
6986,11.0,7,2,cancelado,2026-01-17 01:43:19,,
6987,17.0,4,3,cancelado,2025-09-18 09:44:16,,
6988,31.0,9,3,resolvido,2026-03-06 16:24:48,2026-03-12 16:24:48,6.0
6989,36.0,10,1,cancelado,2025-10-27 17:03:37,,
6990,22.0,2,1,aberto,2026-05-30 13:13:46,,
6991,30.0,8,3,resolvido,2025-08-28 04:38:40,2025-09-03 04:38:40,6.0
6992,5.0,3,3,resolvido,2026-07-27 17:38:59,2026-08-05 17:38:59,9.0
6993,50.0,3,3,em_andamento,2025-10-31 18:54:27,,
6994,44.0,2,4,resolvido,2026-05-11 16:44:45,2026-05-19 16:44:45,8.0
6995,40.0,9,2,em_andamento,2025-11-04 14:58:55,,
6996,34.0,6,4,resolvido,2026-01-31 14:33:34,2026-02-03 14:33:34,3.0
6997,25.0,6,1,cancelado,2025-10-28 01:30:25,,
6998,2.0,6,3,resolvido,2025-12-08 14:08:50,2025-12-16 14:08:50,8.0
6999,47.0,10,3,em_andamento,2025-12-12 23:02:36,,
7000,41.0,5,2,cancelado,2026-07-31 00:33:55,,
7001,35.0,8,4,aberto,2026-01-20 16:31:47,,
7002,22.0,7,2,em_andamento,2026-05-12 09:53:35,,
7003,47.0,1,3,aberto,2026-01-18 13:16:49,,
7004,32.0,7,2,resolvido,2026-06-05 08:53:49,2026-06-14 08:53:49,9.0
7005,24.0,10,4,cancelado,2026-04-17 20:01:55,,
7006,8.0,1,1,aberto,2025-08-22 04:12:49,,
7007,8.0,6,3,cancelado,2025-12-23 02:46:43,,
7008,30.0,4,3,resolvido,2026-01-02 19:33:54,2026-01-06 19:33:54,4.0
7009,16.0,2,3,cancelado,2025-09-07 21:44:16,,
7010,9.0,3,3,resolvido,2026-06-30 04:57:26,2026-07-02 04:57:26,2.0
7011,26.0,5,1,em_andamento,2026-02-03 20:18:54,,
7012,22.0,5,4,resolvido,2026-07-30 11:55:02,2026-08-06 11:55:02,7.0
7013,7.0,7,3,resolvido,2026-03-11 13:53:56,2026-03-12 13:53:56,1.0
7014,21.0,3,2,em_andamento,2026-05-06 08:26:42,,
7015,35.0,6,3,resolvido,2025-08-15 00:18:02,2025-08-23 00:18:02,8.0
7016,36.0,1,3,cancelado,2026-03-25 07:56:29,,
7017,48.0,10,3,cancelado,2026-02-20 01:18:28,,
7018,24.0,9,1,cancelado,2026-06-25 02:30:06,,
7019,26.0,1,2,resolvido,2025-10-05 05:57:08,2025-10-10 05:57:08,5.0
7020,13.0,7,2,em_andamento,2026-05-15 06:38:44,,
7021,14.0,5,4,aberto,2026-06-09 03:25:05,,
7022,20.0,1,4,aberto,2026-02-13 09:56:51,,
7023,17.0,7,4,aberto,2026-07-06 00:49:23,,
7024,17.0,8,4,em_andamento,2025-11-22 20:13:53,,
7025,19.0,2,3,resolvido,2026-02-03 13:52:19,2026-02-08 13:52:19,5.0
7026,37.0,6,1,em_andamento,2025-08-13 02:17:04,,
7027,32.0,5,3,cancelado,2026-03-05 16:23:31,,
7028,3.0,2,4,aberto,2026-01-06 13:41:36,,
7029,13.0,10,4,aberto,2026-05-23 18:03:46,,
7030,2.0,2,4,resolvido,2026-01-22 06:27:38,2026-01-28 06:27:38,6.0
7031,3.0,2,4,aberto,2025-12-08 14:55:09,,
7032,25.0,8,3,aberto,2026-07-07 19:26:07,,
7033,32.0,9,4,em_andamento,2025-10-25 06:02:18,,
7034,34.0,6,3,aberto,2025-09-25 08:27:25,,
7035,26.0,3,1,resolvido,2025-09-25 19:02:21,2025-10-01 19:02:21,6.0
7036,38.0,4,4,cancelado,2026-02-07 08:42:03,,
7037,26.0,4,3,em_andamento,2026-03-28 06:22:17,,
7038,28.0,8,2,resolvido,2026-02-01 09:17:12,2026-02-13 09:17:12,12.0
7039,46.0,9,4,aberto,2026-04-01 18:16:58,,
7040,32.0,1,4,RESOLVIDO,2026-04-08 06:41:16,,
7041,9.0,9,2,resolvido,2025-08-01 19:06:38,2025-08-03 19:06:38,2.0
7042,50.0,2,2,em_andamento,2026-02-04 17:14:48,,
7043,23.0,2,2,aberto,2026-02-25 15:48:31,,
7044,5.0,5,2,aberto,2026-04-09 08:22:56,,
7045,39.0,8,3,em_andamento,2025-08-11 15:28:01,,
7046,32.0,5,2,cancelado,2025-10-03 17:30:47,,
7047,26.0,4,3,cancelado,2025-08-22 20:39:15,,
7048,46.0,10,4,cancelado,2025-10-22 12:42:17,,
7049,50.0,2,3,aberto,2025-08-19 07:04:20,,
7050,13.0,1,1,cancelado,2025-11-12 01:31:33,,
7051,44.0,4,3,cancelado,2025-11-24 14:24:41,,
7052,24.0,9,2,cancelado,2026-05-06 21:58:10,,
7053,2.0,9,2,resolvido,2026-07-29 04:44:35,2026-08-10 04:44:35,12.0
7054,27.0,4,4,resolvido,2026-03-10 13:55:44,2026-03-28 13:55:44,18.0
7055,46.0,2,2,cancelado,2026-06-16 15:05:12,,
7056,28.0,10,1,aberto,2025-12-22 02:08:15,,
7057,9.0,3,2,em_andamento,2025-11-24 13:44:33,,
7058,5.0,5,2,resolvido,2025-11-01 13:58:54,2025-11-12 13:58:54,11.0
7059,6.0,2,4,em_andamento,2026-04-23 14:36:35,,
7060,22.0,10,3,cancelado,2026-02-17 05:47:16,,
7061,49.0,6,4,resolvido,2026-03-05 15:24:40,2026-03-06 15:24:40,1.0
7062,41.0,5,4,resolvido,2026-05-13 05:53:03,2026-05-19 05:53:03,6.0
7063,44.0,6,3,resolvido,2026-06-25 00:37:35,2026-06-29 00:37:35,4.0
7064,5.0,2,1,resolvido,2025-10-12 20:10:27,2025-10-22 20:10:27,10.0
7065,29.0,4,1,resolvido,2026-06-07 14:57:51,2026-06-16 14:57:51,9.0
7066,10.0,1,2,aberto,2026-03-29 18:30:03,,
7067,45.0,10,2,cancelado,2026-01-30 17:10:59,,
7068,47.0,7,3,aberto,2025-12-02 10:27:49,,
7069,35.0,5,4,aberto,2026-06-13 15:19:51,,
7070,17.0,7,2,em_andamento,2025-08-05 10:02:48,,
7071,2.0,2,3,em_andamento,2026-02-05 01:33:37,,
7072,13.0,4,3,resolvido,2025-09-18 19:39:51,2025-10-03 19:39:51,15.0
7073,8.0,3,4,em_andamento,2026-05-19 08:20:54,,
7074,35.0,4,4,aberto,2026-01-13 22:12:56,,
7075,13.0,1,4,cancelado,2026-06-13 06:16:08,,
7076,19.0,8,4,aberto,2026-05-14 09:57:15,,
7077,47.0,10,1,cancelado,2025-08-11 06:56:25,,
7078,43.0,8,4,aberto,2026-04-23 13:06:09,,
7079,35.0,4,4,cancelado,2026-03-19 05:09:25,,
7080,10.0,10,3,aberto,2026-01-27 08:34:02,,
7081,31.0,7,4,aberto,2026-04-15 05:18:08,,
7082,41.0,7,2,aberto,2025-09-19 01:59:43,,
7083,32.0,3,1,resolvido,2026-03-18 14:20:40,2026-03-23 14:20:40,5.0
7084,35.0,9,4,aberto,2026-05-13 16:29:41,,
7085,43.0,5,1,cancelado,2026-06-04 20:09:49,,
7086,37.0,4,1,em_andamento,2026-01-19 12:16:47,,
7087,43.0,3,4,resolvido,2026-02-08 15:51:37,2026-02-10 15:51:37,2.0
7088,17.0,10,4,cancelado,2025-09-06 16:03:41,,
7089,20.0,2,1,cancelado,2025-09-22 07:32:11,,
7090,3.0,6,2,aberto,2025-12-24 08:09:01,,
7091,25.0,5,1,cancelado,2025-09-27 04:42:29,,
7092,42.0,1,2,resolvido,2026-04-04 19:54:35,2026-04-05 19:54:35,1.0
7093,9.0,6,1,cancelado,2026-07-24 23:32:20,,
7094,44.0,1,1,aberto,2025-09-11 19:43:09,,
7095,48.0,6,1,em_andamento,2026-03-05 14:21:56,,
7096,26.0,9,2,cancelado,2026-02-07 21:58:18,,
7097,30.0,1,4,resolvido,2026-03-02 14:01:51,2026-03-13 14:01:51,11.0
7098,16.0,2,2,cancelado,2026-06-21 07:01:46,,
7099,47.0,3,3,em_andamento,2025-11-16 18:04:29,,
7100,26.0,1,2,em_andamento,2026-05-19 05:16:03,,
7101,8.0,7,1,cancelado,2025-11-27 23:21:15,,
7102,24.0,5,1,em_andamento,2026-03-12 03:46:10,,
7103,39.0,4,2,resolvido,2026-01-08 14:43:30,2026-01-24 14:43:30,16.0
7104,35.0,4,3,em_andamento,2026-05-12 00:38:15,,
7105,44.0,10,1,aberto,2026-02-19 05:13:10,,
7106,27.0,6,4,em_andamento,2026-05-16 01:00:44,,
7107,21.0,2,4,resolvido,2025-09-30 16:49:05,2025-10-05 16:49:05,5.0
7108,37.0,4,3,aberto,2025-11-06 10:32:59,,
7109,2.0,3,1,resolvido,2026-06-23 04:38:49,2026-07-02 04:38:49,9.0
7110,4.0,2,2,em_andamento,2026-07-24 19:17:54,,
7111,13.0,2,3,resolvido,2026-07-03 04:58:36,2026-07-04 04:58:36,1.0
7112,46.0,8,1,em_andamento,2025-10-17 11:40:42,,
7113,22.0,10,4,aberto,2026-01-30 22:24:12,,
7114,32.0,8,1,cancelado,2026-04-24 06:49:15,,
7115,45.0,1,2,aberto,2025-10-15 10:34:25,,
7116,23.0,7,4,aberto,2026-06-04 11:28:27,,
7117,37.0,5,1,em_andamento,2025-11-07 18:49:33,,
7118,17.0,7,1,resolvido,2025-08-28 13:12:56,2025-09-03 13:12:56,6.0
7119,6.0,7,3,em_andamento,2026-05-25 21:12:06,,
7120,49.0,9,3,em_andamento,2025-09-19 20:55:32,,
7121,16.0,8,4,resolvido,2026-06-04 14:40:09,2026-06-14 14:40:09,10.0
7122,49.0,7,4,cancelado,2025-09-27 19:27:44,,
7123,43.0,7,1,aberto,2026-03-12 12:14:06,,
7124,25.0,5,2,resolvido,2026-03-17 23:10:11,2026-03-27 23:10:11,10.0
7125,21.0,10,4,em_andamento,2025-09-18 11:47:15,,
7126,6.0,8,2,aberto,2025-11-04 23:56:59,,
7127,15.0,4,2,resolvido,2025-08-02 00:18:03,2025-08-05 00:18:03,3.0
7128,47.0,8,3,cancelado,2026-02-16 06:46:34,,
7129,17.0,6,1,aberto,2025-08-25 02:48:58,,
7130,20.0,9,3,aberto,2025-09-21 15:22:36,,
7131,38.0,5,4,em_andamento,2025-08-08 20:26:22,,
7132,8.0,9,1,resolvido,2025-10-25 21:10:29,2025-10-29 21:10:29,4.0
7133,25.0,1,3,resolvido,2025-11-08 03:06:36,2025-11-15 03:06:36,7.0
7134,39.0,10,3,resolvido,2026-02-21 19:24:46,2026-03-01 19:24:46,8.0
7135,31.0,7,1,aberto,2025-08-15 14:44:47,,
7136,7.0,1,4,cancelado,2026-07-14 10:09:28,,
7137,26.0,5,4,resolvido,2025-08-05 20:25:46,2025-08-10 20:25:46,5.0
7138,27.0,6,4,em_andamento,2025-12-03 17:21:30,,
7139,33.0,10,4,em_andamento,2025-11-26 02:58:31,,
7140,11.0,7,2,resolvido,2025-11-02 21:55:09,2025-11-15 21:55:09,13.0
7141,33.0,6,3,aberto,2026-06-29 19:03:18,,
7142,49.0,4,1,resolvido,2025-08-17 02:52:15,2025-08-27 02:52:15,10.0
7143,23.0,7,1,cancelado,2025-09-15 19:23:53,,
7144,25.0,10,2,cancelado,2025-08-13 12:56:46,,
7145,5.0,4,2,cancelado,2026-04-18 13:28:45,,
7146,36.0,8,1,cancelado,2025-10-16 06:39:04,,
7147,29.0,8,4,resolvido,2026-04-20 05:40:20,2026-04-25 05:40:20,5.0
7148,30.0,1,2,cancelado,2025-11-16 04:36:25,,
7149,10.0,7,2,cancelado,2026-04-22 10:57:46,,
7150,30.0,10,2,cancelado,2025-09-13 02:37:26,,
7151,5.0,2,1,cancelado,2026-06-26 21:58:16,,
7152,49.0,4,3,aberto,2026-06-13 23:18:01,,
7153,9.0,9,4,em_andamento,2026-07-01 17:02:44,,
7154,12.0,1,4,em_andamento,2026-07-23 08:23:13,,
7155,19.0,4,2,em_andamento,2025-10-03 20:40:29,,
7156,13.0,4,1,em_andamento,2026-02-09 11:56:05,,
7157,14.0,10,2,resolvido,2026-06-25 06:44:45,2026-07-01 06:44:45,6.0
7158,26.0,1,4,resolvido,2026-02-24 21:38:57,2026-03-03 21:38:57,7.0
7159,46.0,4,1,cancelado,2026-04-04 04:21:52,,
7160,40.0,6,2,em_andamento,2025-12-06 06:01:25,,
7161,22.0,8,4,resolvido,2026-02-24 05:28:57,2026-03-03 05:28:57,7.0
7162,6.0,3,3,em_andamento,2026-03-11 13:31:26,,
7163,31.0,1,1,cancelado,2025-11-14 10:48:11,,
7164,17.0,5,3,resolvido,2025-09-01 19:03:18,2025-09-02 19:03:18,1.0
7165,35.0,8,3,em_andamento,2026-01-19 08:56:14,,
7166,7.0,2,1,resolvido,2026-07-09 05:23:15,2026-07-17 05:23:15,8.0
7167,20.0,3,1,resolvido,2025-09-22 00:52:58,2025-10-02 00:52:58,10.0
7168,16.0,8,4,resolvido,2025-09-28 02:25:38,2025-10-08 02:25:38,10.0
7169,2.0,8,4,cancelado,2026-06-29 01:13:27,,
7170,35.0,7,1,em_andamento,2026-01-20 01:33:04,,
7171,3.0,4,2,em_andamento,2026-03-26 12:32:12,,
7172,8.0,4,1,cancelado,2026-06-24 17:24:05,,
7173,3.0,2,3,cancelado,2026-03-21 22:26:49,,
7174,27.0,4,2,cancelado,2026-01-15 18:13:09,,
7175,37.0,9,4,em_andamento,2026-05-16 20:02:44,,
7176,34.0,8,2,aberto,2026-05-22 16:36:56,,
7177,17.0,3,3,resolvido,2026-01-11 15:47:58,2026-01-17 15:47:58,6.0
7178,27.0,3,1,cancelado,2026-05-04 23:15:20,,
7179,43.0,10,4,resolvido,2025-12-28 01:36:03,2026-01-02 01:36:03,5.0
7180,16.0,4,2,aberto,2026-02-11 19:35:37,,
7181,31.0,1,1,resolvido,2025-09-12 08:37:06,2025-09-23 08:37:06,11.0
7182,6.0,1,2,cancelado,2025-09-28 02:59:56,,
7183,20.0,6,1,em_andamento,2026-02-24 11:53:07,,
7184,2.0,3,2,aberto,2025-12-18 17:45:42,,
7185,6.0,8,3,resolvido,2026-06-25 11:42:24,2026-06-29 11:42:24,4.0
7186,26.0,5,4,em_andamento,2025-09-16 05:03:13,,
7187,43.0,2,1,resolvido,2025-12-24 05:08:50,2026-01-02 05:08:50,9.0
7188,26.0,7,2,cancelado,2026-04-06 04:39:30,,
7189,21.0,1,1,resolvido,2025-10-20 21:41:10,2025-10-29 21:41:10,9.0
7190,37.0,8,3,resolvido,2025-10-29 13:19:29,2025-11-10 13:19:29,12.0
7191,11.0,1,2,cancelado,2026-05-12 21:52:39,,
7192,4.0,8,3,resolvido,2026-02-18 18:45:32,2026-02-24 18:45:32,6.0
7193,13.0,4,1,resolvido,2025-09-21 07:43:47,2025-09-22 07:43:47,1.0
7194,33.0,8,2,em_andamento,2025-08-30 19:04:35,,
7195,45.0,9,2,cancelado,2025-11-16 04:42:50,,
7196,35.0,1,4,aberto,2026-05-15 01:27:52,,
7197,6.0,5,3,cancelado,2026-06-16 21:00:56,,
7198,39.0,3,2,em_andamento,2026-01-16 02:40:31,,
7199,26.0,8,1,resolvido,2025-09-17 21:06:47,2025-09-23 21:06:47,6.0
7200,33.0,2,4,aberto,2025-11-20 14:54:56,,
7201,7.0,6,1,aberto,2025-12-18 01:33:58,,
7202,37.0,7,4,cancelado,2025-12-31 18:18:39,,
7203,43.0,3,1,em_andamento,2026-07-18 01:04:28,,
7204,23.0,2,2,aberto,2025-09-23 05:49:40,,
7205,8.0,9,2,resolvido,2026-07-31 07:11:32,2026-08-02 07:11:32,2.0
7206,9.0,4,2,em_andamento,2026-04-12 02:11:43,,
7207,37.0,8,1,resolvido,2026-06-24 23:19:09,2026-06-25 23:19:09,1.0
7208,49.0,8,3,em_andamento,2026-06-19 18:31:26,,
7209,38.0,2,3,resolvido,2026-04-16 15:08:51,2026-04-19 15:08:51,3.0
7210,21.0,2,1,cancelado,2025-08-18 10:26:20,,
7211,14.0,10,4,aberto,2026-06-20 00:44:06,,
7212,19.0,10,2,aberto,2025-10-11 13:45:41,,
7213,30.0,6,4,resolvido,2026-02-01 13:10:02,2026-02-07 13:10:02,6.0
7214,20.0,3,3,cancelado,2026-02-22 06:01:11,,
7215,16.0,10,4,em_andamento,2026-01-19 22:02:05,,
7216,25.0,3,3,aberto,2025-10-25 09:20:17,,
7217,34.0,9,2,aberto,2025-10-14 04:51:34,,
7218,12.0,5,4,cancelado,2025-08-12 15:13:52,,
7219,16.0,7,4,cancelado,2026-04-27 03:02:58,,
7220,11.0,5,3,em_andamento,2026-03-27 02:00:10,,
7221,41.0,5,2,resolvido,2026-01-26 08:24:52,2026-01-31 08:24:52,5.0
7222,20.0,10,4,cancelado,2026-02-18 10:02:36,,
7223,11.0,10,4,resolvido,2026-02-23 14:35:43,2026-02-26 14:35:43,3.0
7224,26.0,5,2,aberto,2026-05-21 09:27:37,,
7225,11.0,10,1,em_andamento,2026-05-27 04:44:49,,
7226,18.0,9,1,resolvido,2025-08-18 13:43:34,2025-08-25 13:43:34,7.0
7227,9.0,5,4,cancelado,2026-05-14 23:53:43,,
7228,4.0,1,1,resolvido,2026-05-26 18:32:53,2026-06-03 18:32:53,8.0
7229,45.0,6,4,em_andamento,2026-04-25 07:16:17,,
7230,31.0,7,2,resolvido,2026-04-08 00:39:44,2026-04-15 00:39:44,7.0
7231,11.0,7,4,em_andamento,2025-11-16 17:23:01,,
7232,9.0,6,3,em_andamento,2026-07-14 02:25:05,,
7233,3.0,4,4,em_andamento,2025-09-14 10:42:24,,
7234,4.0,10,1,resolvido,2026-04-11 12:25:16,2026-04-22 12:25:16,11.0
7235,4.0,2,3,em_andamento,2025-10-23 12:35:12,,
7236,30.0,4,1,aberto,2025-09-08 06:32:45,,
7237,49.0,8,2,em_andamento,2025-09-21 00:52:45,,
7238,26.0,5,1,resolvido,2026-07-10 09:20:59,2026-07-14 09:20:59,4.0
7239,32.0,6,4,aberto,2025-08-15 23:33:21,,
7240,1.0,2,3,em_andamento,2025-11-20 20:16:53,,
7241,40.0,4,2,resolvido,2025-11-04 22:58:14,2025-11-05 22:58:14,1.0
7242,18.0,8,3,em_andamento,2026-06-29 09:35:56,,
7243,11.0,10,2,resolvido,2026-01-15 13:15:36,2026-01-16 13:15:36,1.0
7244,40.0,7,4,cancelado,2025-10-15 17:56:51,,
7245,31.0,2,3,em_andamento,2025-11-01 08:43:40,,
7246,39.0,1,2,em_andamento,2025-10-24 04:48:10,,
7247,28.0,3,3,cancelado,2025-12-17 02:25:59,,
7248,47.0,4,4,resolvido,2026-02-26 22:38:20,2026-03-11 22:38:20,13.0
7249,10.0,10,1,aberto,2025-11-24 15:25:25,,
7250,46.0,1,4,resolvido,2025-10-12 21:09:40,2025-10-19 21:09:40,7.0
7251,30.0,7,1,resolvido,2026-04-03 20:41:42,2026-04-08 20:41:42,5.0
7252,32.0,4,3,resolvido,2025-08-05 18:52:24,2025-08-16 18:52:24,11.0
7253,17.0,1,3,em_andamento,2025-08-25 22:09:20,,
7254,42.0,4,1,cancelado,2026-02-25 03:55:33,,
7255,40.0,8,2,aberto,2025-12-04 02:34:01,,
7256,48.0,7,4,resolvido,2025-10-20 00:55:04,2025-10-28 00:55:04,8.0
7257,37.0,4,2,resolvido,2026-04-20 04:48:12,2026-04-24 04:48:12,4.0
7258,15.0,10,4,aberto,2026-06-11 09:09:43,,
7259,18.0,6,2,em_andamento,2026-05-25 02:05:38,,
7260,45.0,6,2,cancelado,2026-06-29 03:47:52,,
7261,36.0,4,3,cancelado,2026-01-12 06:41:52,,
7262,13.0,4,1,em_andamento,2025-12-17 03:56:51,,
7263,16.0,1,4,em_andamento,2026-06-18 14:49:51,,
7264,18.0,6,2,em_andamento,2026-05-28 17:29:17,,
7265,4.0,3,2,cancelado,2026-03-18 14:52:40,,
7266,20.0,2,2,em_andamento,2025-09-30 16:15:24,,
7267,19.0,8,3,aberto,2025-12-19 12:19:32,,
7268,41.0,10,3,em_andamento,2026-03-31 15:52:22,,
7269,46.0,8,2,aberto,2026-06-02 02:25:59,,
7270,16.0,4,3,aberto,2026-03-03 19:50:10,,-5.0
7271,21.0,2,4,aberto,2026-05-28 23:44:15,,
7272,9.0,4,2,resolvido,2025-12-08 09:32:36,2025-12-15 09:32:36,7.0
7273,46.0,2,3,resolvido,2026-06-02 05:29:52,2026-06-09 05:29:52,7.0
7274,21.0,9,4,aberto,2025-10-13 00:19:27,,
7275,38.0,5,1,resolvido,2025-09-28 16:07:08,2025-10-09 16:07:08,11.0
7276,44.0,5,3,cancelado,2025-08-21 16:47:19,,
7277,20.0,2,1,em_andamento,2026-01-03 14:16:24,,
7278,24.0,6,1,em_andamento,2026-01-03 11:30:50,,
7279,21.0,4,1,cancelado,2026-01-28 18:15:27,,
7280,50.0,9,1,aberto,2026-06-16 15:12:25,,
7281,16.0,6,1,resolvido,2026-04-17 15:46:56,2026-04-30 15:46:56,13.0
7282,46.0,4,3,resolvido,2026-07-11 00:46:17,2026-07-27 00:46:17,16.0
7283,40.0,8,1,resolvido,2026-05-20 06:49:02,2026-05-22 06:49:02,2.0
7284,45.0,8,3,resolvido,2026-05-10 02:28:27,2026-05-14 02:28:27,4.0
7285,26.0,7,2,em_andamento,2025-11-28 07:25:48,,
7286,33.0,3,3,cancelado,2026-01-30 14:29:41,,
7287,16.0,1,4,aberto,2025-12-13 04:47:38,,
7288,48.0,7,2,aberto,2026-06-06 18:27:01,,
7289,43.0,9,3,cancelado,2025-08-28 16:51:57,,
7290,16.0,6,2,aberto,2025-11-15 03:53:35,,
7291,50.0,1,4,cancelado,2025-12-15 17:21:20,,
7292,5.0,6,1,resolvido,2026-06-13 05:09:20,2026-06-20 05:09:20,7.0
7293,10.0,1,3,cancelado,2025-09-02 02:06:36,,
7294,33.0,6,4,cancelado,2026-05-19 11:25:54,,
7295,30.0,2,3,em_andamento,2026-02-08 23:17:54,,
7296,44.0,4,4,aberto,2025-08-24 20:55:39,,
7297,33.0,1,1,aberto,2025-09-17 11:31:38,,
7298,3.0,2,3,cancelado,2025-09-16 13:24:38,,
7299,47.0,2,1,em_andamento,2025-10-17 21:11:57,,
7300,39.0,3,4,aberto,2025-09-29 12:00:13,,
7301,35.0,10,2,aberto,2025-12-06 06:44:13,,
7302,18.0,7,1,cancelado,2026-02-02 02:17:52,,
7303,16.0,9,1,cancelado,2025-12-07 10:40:06,,
7304,33.0,8,3,aberto,2025-09-29 06:30:19,,
7305,34.0,6,4,aberto,2026-03-22 11:34:54,,
7306,23.0,1,4,resolvido,2026-03-09 22:29:16,2026-03-22 22:29:16,13.0
7307,35.0,3,4,cancelado,2026-06-01 00:13:29,,
7308,12.0,9,1,aberto,2025-10-10 07:22:10,,
7309,31.0,3,4,em_andamento,2025-09-06 05:11:23,,
7310,1.0,9,1,resolvido,2025-08-15 22:20:07,2025-08-21 22:20:07,6.0
7311,29.0,3,2,cancelado,2026-07-24 02:55:40,,
7312,14.0,6,4,resolvido,2025-12-14 09:51:16,2025-12-25 09:51:16,11.0
7313,47.0,1,2,aberto,2026-03-02 15:20:14,,
7314,50.0,7,4,resolvido,2026-06-25 11:19:59,2026-07-02 11:19:59,7.0
7315,7.0,5,3,resolvido,2025-10-26 02:16:59,2025-10-30 02:16:59,4.0
7316,30.0,2,3,cancelado,2025-08-22 18:30:33,,
7317,31.0,5,1,cancelado,2026-07-04 15:14:36,,
7318,25.0,9,4,cancelado,2025-10-22 19:20:48,,
7319,24.0,2,3,cancelado,2025-11-24 04:27:13,,
7320,7.0,2,4,resolvido,2026-07-09 05:18:58,2026-07-14 05:18:58,5.0
7321,23.0,7,1,resolvido,2026-04-19 13:56:42,2026-04-22 13:56:42,3.0
7322,26.0,4,3,em_andamento,2025-11-30 14:08:47,,
7323,49.0,2,1,cancelado,2025-11-08 19:57:00,,
7324,14.0,10,2,aberto,2026-06-08 09:42:36,,
7325,47.0,1,2,resolvido,2025-10-28 19:10:39,2025-10-29 19:10:39,1.0
7326,34.0,6,4,resolvido,2025-11-15 16:27:33,2025-11-22 16:27:33,7.0
7327,50.0,8,4,cancelado,2026-07-20 06:58:41,,
7328,16.0,1,2,aberto,2026-02-22 09:50:37,,
7329,25.0,8,4,aberto,2026-02-13 22:26:37,,
7330,38.0,3,4,aberto,2026-06-10 20:44:40,,
7331,24.0,5,4,em_andamento,2026-02-19 20:01:13,,
7332,1.0,2,2,resolvido,2026-01-16 22:11:31,2026-01-20 22:11:31,4.0
7333,43.0,1,2,resolvido,2026-06-04 13:43:26,2026-06-14 13:43:26,10.0
7334,21.0,1,1,resolvido,2026-02-18 23:12:21,2026-02-24 23:12:21,6.0
7335,19.0,10,1,aberto,2026-06-25 05:19:48,,
7336,43.0,10,2,cancelado,2026-03-12 01:26:48,,
7337,26.0,8,2,cancelado,2026-03-22 11:26:59,,
7338,9.0,5,4,aberto,2025-09-05 00:20:18,,
7339,26.0,4,1,em_andamento,2025-08-01 03:44:23,,
7340,50.0,5,2,em_andamento,2026-04-30 05:06:10,,
7341,50.0,1,1,aberto,2026-05-21 11:29:37,,
7342,38.0,2,3,em_andamento,2026-06-04 23:30:47,,
7343,21.0,3,3,em_andamento,2026-04-14 06:40:01,,
7344,2.0,8,3,aberto,2025-11-18 03:00:41,,
7345,29.0,10,4,resolvido,2025-08-03 08:37:14,2025-08-14 08:37:14,11.0
7346,25.0,3,4,em_andamento,2025-11-20 15:19:31,,
7347,23.0,2,4,em_andamento,2025-11-08 08:20:58,,
7348,10.0,6,2,cancelado,2025-09-10 14:08:00,,
7349,50.0,6,4,aberto,2025-08-12 03:28:43,,
7350,1.0,3,2,em_andamento,2026-03-18 14:03:16,,
7351,3.0,3,2,resolvido,2026-01-16 06:38:24,2026-01-22 06:38:24,6.0
7352,3.0,6,4,cancelado,2025-11-04 19:12:56,,
7353,29.0,2,2,resolvido,2026-05-06 23:38:17,2026-05-16 23:38:17,10.0
7354,37.0,1,3,aberto,2026-06-26 01:58:21,,
7355,34.0,3,1,resolvido,2025-10-22 05:16:33,2025-10-30 05:16:33,8.0
7356,5.0,7,4,cancelado,2025-12-23 11:51:09,,
7357,3.0,9,1,em_andamento,2025-12-11 04:35:51,,
7358,14.0,10,2,cancelado,2025-12-15 20:21:13,,
7359,34.0,9,3,resolvido,2026-07-21 20:45:11,2026-07-22 20:45:11,1.0
7360,38.0,9,4,em_andamento,2026-05-14 02:00:13,,
7361,27.0,2,3,em_andamento,2025-09-26 03:03:17,,
7362,31.0,7,3,resolvido,2025-09-29 18:08:51,2025-10-06 18:08:51,7.0
7363,20.0,5,2,aberto,2026-06-20 02:57:25,,
7364,10.0,3,3,em_andamento,2026-07-05 14:29:47,,
7365,17.0,9,4,em_andamento,2026-06-26 15:51:32,,
7366,47.0,2,2,cancelado,2026-01-10 04:30:43,,
7367,16.0,8,1,resolvido,2026-01-04 23:05:24,2026-01-09 23:05:24,5.0
7368,5.0,2,1,em_andamento,2026-03-21 07:55:10,,
7369,25.0,7,1,resolvido,2025-09-22 14:59:36,2025-10-01 14:59:36,9.0
7370,8.0,10,2,cancelado,2026-01-31 11:33:22,,
7371,1.0,7,1,aberto,2026-01-04 19:36:41,,
7372,17.0,8,1,aberto,2025-10-10 09:43:45,,
7373,7.0,10,2,resolvido,2026-06-25 17:34:50,2026-07-04 17:34:50,9.0
7374,43.0,10,2,resolvido,2026-04-07 18:21:02,2026-04-10 18:21:02,3.0
7375,47.0,8,4,em_andamento,2026-07-03 00:07:40,,
7376,19.0,2,1,em_andamento,2026-07-16 09:05:18,,
7377,17.0,2,3,aberto,2026-03-26 09:36:27,,
7378,13.0,2,1,aberto,2026-05-13 07:31:27,,
7379,36.0,2,3,aberto,2026-07-25 07:11:08,,
7380,22.0,2,2,em_andamento,2025-11-27 08:41:06,,
7381,21.0,2,4,aberto,2026-01-19 08:18:14,,
7382,20.0,5,4,aberto,2025-10-27 04:22:48,,
7383,33.0,6,4,aberto,2026-01-03 16:04:19,,
7384,37.0,5,1,cancelado,2026-05-24 10:15:30,,
7385,30.0,2,3,cancelado,2026-06-15 08:23:53,,
7386,34.0,4,1,aberto,2026-05-09 20:49:44,,
7387,13.0,2,3,resolvido,2026-03-01 13:13:54,2026-03-08 13:13:54,7.0
7388,21.0,8,2,em_andamento,2026-02-17 23:46:31,,
7389,30.0,6,4,resolvido,2026-06-12 17:55:44,2026-06-15 17:55:44,3.0
7390,4.0,8,3,aberto,2026-05-30 08:49:21,,
7391,15.0,4,4,resolvido,2026-03-07 12:15:00,2026-03-13 12:15:00,6.0
7392,40.0,9,4,aberto,2026-03-20 04:01:15,,
7393,39.0,4,2,aberto,2025-08-13 10:39:22,,
7394,46.0,4,4,resolvido,2026-01-18 00:33:39,2026-01-30 00:33:39,12.0
7395,6.0,3,4,resolvido,2026-01-18 11:59:24,2026-01-31 11:59:24,13.0
7396,2.0,4,2,cancelado,2026-07-23 08:00:14,,
7397,49.0,8,3,em_andamento,2025-09-04 13:16:18,,
7398,5.0,9,1,resolvido,2026-07-15 03:54:27,2026-07-25 03:54:27,10.0
7399,32.0,7,2,aberto,2025-09-01 14:53:01,,
7400,44.0,1,1,aberto,2026-06-22 22:14:08,,
7401,35.0,10,4,resolvido,2026-04-06 00:11:44,2026-04-11 00:11:44,5.0
7402,11.0,6,2,cancelado,2026-07-16 06:57:33,,
7403,3.0,7,3,aberto,2025-11-24 17:03:52,,
7404,4.0,5,4,resolvido,2026-07-20 13:26:17,2026-08-02 13:26:17,13.0
7405,34.0,7,4,resolvido,2026-06-23 20:04:40,2026-07-02 20:04:40,9.0
7406,41.0,10,3,resolvido,2026-01-11 22:29:46,2026-01-15 22:29:46,4.0
7407,34.0,2,4,aberto,2025-10-07 16:06:59,,
7408,42.0,4,4,aberto,2026-03-13 18:19:06,,
7409,2.0,1,4,cancelado,2026-05-31 17:47:44,,
7410,1.0,2,4,cancelado,2026-07-21 06:18:03,,
7411,49.0,4,4,resolvido,2025-11-27 09:01:26,2025-11-30 09:01:26,3.0
7412,13.0,4,1,cancelado,2025-08-16 19:48:25,,
7413,34.0,2,1,aberto,2025-12-30 02:46:05,,
7414,29.0,2,4,aberto,2025-11-18 23:18:04,,
7415,3.0,5,1,em_andamento,2026-01-01 05:16:22,,
7416,6.0,5,3,resolvido,2025-10-05 01:45:40,2025-10-10 01:45:40,5.0
7417,6.0,6,3,cancelado,2025-10-04 03:32:34,,
7418,29.0,5,2,em_andamento,2026-07-06 20:25:17,,
7419,15.0,9,3,cancelado,2026-05-19 00:59:17,,
7420,45.0,6,3,em_andamento,2026-02-11 10:13:43,,
7421,15.0,10,1,cancelado,2026-06-08 21:40:20,,
7422,50.0,1,2,em_andamento,2025-09-27 19:09:00,,
7423,24.0,4,1,aberto,2026-06-06 14:04:22,,
7424,20.0,10,2,cancelado,2026-02-15 18:54:01,,
7425,41.0,7,3,em_andamento,2025-11-02 06:47:17,,
7426,47.0,7,1,cancelado,2026-07-04 12:32:15,,
7427,42.0,8,2,aberto,2025-08-10 11:29:19,,
7428,30.0,4,3,cancelado,2026-02-17 16:39:55,,
7429,45.0,3,3,cancelado,2026-04-02 15:51:28,,
7430,46.0,3,2,resolvido,2026-02-05 14:26:10,2026-02-14 14:26:10,9.0
7431,22.0,4,2,cancelado,2025-12-01 06:01:56,,
7432,43.0,7,4,aberto,2026-03-14 12:22:05,,
7433,17.0,2,2,resolvido,2026-06-21 20:46:12,2026-06-24 20:46:12,3.0
7434,37.0,4,1,cancelado,2026-04-30 11:53:24,,
7435,39.0,7,4,aberto,2026-07-05 00:12:50,,
7436,28.0,1,3,resolvido,2025-08-06 06:31:12,2025-08-11 06:31:12,5.0
7437,15.0,6,4,em_andamento,2025-10-18 00:27:10,,
7438,8.0,2,4,em_andamento,2026-04-21 04:06:49,,
7439,22.0,1,4,em_andamento,2025-10-28 17:18:10,,
7440,24.0,5,4,resolvido,2026-01-07 00:52:05,2026-01-13 00:52:05,6.0
7441,26.0,4,4,aberto,2025-09-26 18:37:39,,
7442,7.0,5,3,resolvido,2025-09-06 05:51:54,2025-09-07 05:51:54,1.0
7443,15.0,10,2,resolvido,2026-04-11 19:15:17,2026-04-18 19:15:17,7.0
7444,43.0,3,4,aberto,2026-02-07 21:24:52,,
7445,47.0,9,4,cancelado,2026-01-19 06:43:29,,
7446,48.0,10,2,resolvido,2026-05-17 12:38:46,2026-05-21 12:38:46,4.0
7447,42.0,1,3,aberto,2026-07-01 02:48:52,,
7448,40.0,3,4,aberto,2026-03-12 07:06:41,,
7449,1.0,1,1,aberto,2025-11-08 21:16:19,,
7450,43.0,1,1,resolvido,2026-02-01 03:51:17,2026-02-12 03:51:17,11.0
7451,28.0,2,4,aberto,2026-02-15 11:32:45,,
7452,38.0,8,2,resolvido,2026-07-11 06:58:13,2026-07-20 06:58:13,9.0
7453,48.0,10,1,em_andamento,2026-03-04 23:27:40,,
7454,6.0,4,1,aberto,2026-06-14 17:57:55,,
7455,44.0,9,2,em_andamento,2025-09-26 04:08:47,,
7456,34.0,5,4,aberto,2025-08-15 21:09:51,,
7457,49.0,9,4,cancelado,2025-08-29 05:49:09,,
7458,9.0,4,2,aberto,2026-02-18 01:15:15,,
7459,4.0,5,3,aberto,2025-08-22 06:41:33,,
7460,32.0,8,2,cancelado,2026-01-31 07:56:59,,
7461,24.0,6,4,aberto,2025-09-03 23:36:59,,
7462,39.0,3,2,aberto,2025-11-28 15:53:58,,
7463,50.0,9,2,em_andamento,2026-05-15 06:37:34,,
7464,2.0,7,2,aberto,2025-08-10 02:11:30,,
7465,34.0,7,3,aberto,2026-04-26 11:09:08,,
7466,31.0,7,1,em_andamento,2025-08-29 06:43:36,,
7467,2.0,3,2,cancelado,2026-03-20 19:36:14,,
7468,17.0,2,4,em_andamento,2026-06-27 13:50:42,,
7469,28.0,9,2,resolvido,2026-04-07 04:44:57,2026-04-08 04:44:57,1.0
7470,41.0,10,1,cancelado,2026-04-14 17:37:55,,
7471,30.0,7,3,aberto,2025-08-23 00:29:19,,
7472,16.0,3,2,aberto,2026-02-27 02:01:44,,
7473,46.0,10,2,em_andamento,2025-11-18 08:30:20,,
7474,22.0,3,2,cancelado,2026-03-12 17:49:04,,
7475,30.0,2,2,cancelado,2025-08-16 07:34:43,,
7476,39.0,4,4,resolvido,2025-08-12 18:59:56,2025-08-14 18:59:56,2.0
7477,21.0,3,2,resolvido,2026-04-21 10:36:10,2026-04-24 10:36:10,3.0
7478,12.0,10,4,resolvido,2025-12-12 07:19:22,2025-12-18 07:19:22,6.0
7479,18.0,4,4,cancelado,2026-06-07 20:14:10,,
7480,33.0,2,1,aberto,2026-02-26 00:29:59,,
7481,20.0,4,2,aberto,2026-07-10 14:26:28,,
7482,28.0,5,1,aberto,2026-06-26 20:37:42,,
7483,21.0,9,4,cancelado,2025-08-15 19:54:31,,
7484,6.0,6,3,resolvido,2025-09-30 01:57:21,2025-10-13 01:57:21,13.0
7485,39.0,1,4,em_andamento,2025-10-15 01:07:30,,
7486,50.0,8,4,aberto,2026-01-27 05:09:47,,
7487,11.0,6,1,em_andamento,2025-10-02 01:35:54,,
7488,2.0,5,4,em_andamento,2026-02-26 05:00:18,,
7489,30.0,3,1,cancelado,2025-08-13 14:28:36,,
7490,12.0,7,4,aberto,2026-02-23 04:34:33,,
7491,14.0,3,2,resolvido,2025-10-13 14:38:54,2025-10-18 14:38:54,5.0
7492,1.0,3,3,resolvido,2026-06-06 05:54:29,2026-06-12 05:54:29,6.0
7493,43.0,10,4,cancelado,2026-07-10 14:45:42,,
7494,50.0,4,4,em_andamento,2026-01-20 09:10:15,,
7495,39.0,6,4,resolvido,2026-04-18 16:57:59,2026-04-25 16:57:59,7.0
7496,42.0,3,3,cancelado,2025-08-16 01:28:44,,
7497,18.0,2,1,aberto,2026-01-30 22:48:36,,
7498,31.0,4,4,cancelado,2026-05-25 13:16:30,,
7499,1.0,4,4,em_andamento,2026-04-28 06:41:21,,
7500,23.0,7,4,cancelado,2025-12-20 21:05:44,,
7501,7.0,2,2,resolvido,2025-11-06 13:00:08,2025-11-11 13:00:08,5.0
7502,36.0,5,2,em_andamento,2025-09-04 23:30:42,,
7503,14.0,1,1,aberto,2026-01-18 13:11:02,,
7504,24.0,7,2,aberto,2025-08-22 23:05:14,,
7505,48.0,9,2,em_andamento,2026-01-01 00:22:55,,
7506,41.0,5,2,cancelado,2026-04-20 06:06:16,,
7507,15.0,3,1,aberto,2026-01-07 21:39:37,,
7508,31.0,9,2,aberto,2025-08-13 18:28:18,,
7509,11.0,8,2,cancelado,2026-01-22 00:21:02,,
7510,23.0,5,3,em_andamento,2026-05-11 02:43:30,,
7511,12.0,1,4,em_andamento,2026-06-07 01:34:08,,
7512,1.0,2,4,aberto,2026-05-16 14:51:47,,
7513,36.0,5,2,cancelado,2025-12-16 19:10:52,,
7514,17.0,2,4,em_andamento,2026-03-25 12:15:28,,
7515,32.0,10,4,em_andamento,2026-05-08 23:17:34,,
7516,41.0,7,3,aberto,2026-02-01 18:57:26,,
7517,11.0,10,3,resolvido,2026-07-23 21:48:09,2026-07-27 21:48:09,4.0
7518,2.0,1,3,aberto,2026-07-13 08:50:15,,
7519,3.0,9,1,resolvido,2026-06-04 04:21:10,2026-06-16 04:21:10,12.0
7520,45.0,9,3,em_andamento,2026-07-08 18:23:27,,
7521,9.0,7,2,em_andamento,2026-05-07 22:35:59,,
7522,45.0,1,1,em_andamento,2025-11-07 00:02:28,,
7523,27.0,1,4,em_andamento,2026-01-29 13:02:43,,
7524,9.0,4,3,aberto,2026-07-30 18:05:29,,
7525,10.0,9,2,aberto,2025-10-13 10:37:39,,
7526,46.0,4,3,em_andamento,2026-03-12 15:21:47,,
7527,41.0,5,2,cancelado,2025-12-21 05:22:03,,
7528,22.0,4,1,cancelado,2025-10-13 13:19:06,,
7529,50.0,10,2,aberto,2026-02-20 05:55:42,,
7530,39.0,2,4,cancelado,2025-08-17 17:16:23,,
7531,15.0,2,4,cancelado,2025-12-20 16:39:15,,
7532,40.0,7,4,resolvido,2026-02-03 16:07:15,2026-02-12 16:07:15,9.0
7533,1.0,5,3,resolvido,2026-02-28 12:31:57,2026-03-07 12:31:57,7.0
7534,17.0,2,1,cancelado,2025-12-19 23:34:26,,
7535,7.0,7,4,resolvido,2025-12-12 21:10:17,2025-12-18 21:10:17,6.0
7536,44.0,9,3,resolvido,2026-07-18 17:43:33,2026-07-24 17:43:33,6.0
7537,48.0,6,1,aberto,2026-05-14 19:55:24,,
7538,22.0,2,4,cancelado,2026-07-26 14:01:31,,
7539,20.0,3,4,em_andamento,2026-04-09 04:47:28,,
7540,34.0,1,2,resolvido,2026-04-19 14:57:09,2026-04-29 14:57:09,10.0
7541,21.0,1,4,cancelado,2025-10-04 00:03:06,,
7542,7.0,4,1,resolvido,2026-05-13 20:05:09,2026-05-11 20:05:09,9.0
7543,11.0,6,3,em_andamento,2026-04-09 21:44:05,,
7544,45.0,4,2,em_andamento,2026-02-17 19:58:35,,
7545,43.0,9,1,resolvido,2026-01-08 08:41:53,2026-01-09 08:41:53,1.0
7546,30.0,8,3,em_andamento,2026-06-18 17:11:42,,
7547,23.0,5,1,resolvido,2026-04-14 08:18:31,2026-04-20 08:18:31,6.0
7548,32.0,7,2,resolvido,2025-12-14 17:24:46,2025-12-20 17:24:46,6.0
7549,39.0,6,1,aberto,2026-02-06 09:51:57,,
7550,6.0,2,3,em_andamento,2025-08-13 19:09:35,,
7551,21.0,6,4,em_andamento,2025-10-19 09:39:20,,
7552,30.0,8,2,cancelado,2025-12-09 07:56:24,,
7553,3.0,4,1,cancelado,2026-04-16 16:28:06,,
7554,18.0,9,1,em_andamento,2025-11-05 11:50:41,,
7555,2.0,5,3,aberto,2025-09-15 03:46:41,,
7556,46.0,10,4,aberto,2026-04-29 15:42:38,,
7557,35.0,7,1,resolvido,2025-09-13 13:07:04,2025-09-14 13:07:04,1.0
7558,9.0,3,2,resolvido,2025-09-25 18:00:41,2025-10-05 18:00:41,10.0
7559,45.0,5,3,em_andamento,2025-09-05 16:00:42,,
7560,3.0,6,3,cancelado,2026-01-02 17:25:39,,
7561,29.0,6,4,cancelado,2025-08-14 03:01:59,,
7562,39.0,10,1,aberto,2026-04-17 18:17:34,,
7563,44.0,4,4,em_andamento,2025-08-16 21:22:08,,
7564,2.0,5,3,cancelado,2025-10-05 23:19:43,,
7565,27.0,3,4,resolvido,2025-11-21 19:33:06,2025-11-27 19:33:06,6.0
7566,21.0,2,1,cancelado,2025-10-22 18:50:24,,
7567,1.0,9,3,cancelado,2025-12-07 14:42:55,,
7568,3.0,2,3,em_andamento,2025-09-01 08:11:28,,
7569,12.0,2,2,em_andamento,2025-12-04 12:03:28,,
7570,25.0,9,4,aberto,2026-02-28 16:51:07,,
7571,1.0,9,2,resolvido,2025-08-27 18:04:27,2025-08-28 18:04:27,1.0
7572,5.0,3,2,aberto,2026-06-03 21:07:18,,
7573,44.0,8,3,cancelado,2026-04-15 20:28:41,,
7574,7.0,2,2,cancelado,2026-04-16 01:25:11,,
7575,37.0,10,2,cancelado,2026-05-14 11:50:06,,
7576,7.0,6,4,aberto,2026-06-23 01:08:55,,
7577,15.0,4,4,resolvido,2026-05-21 00:07:41,2026-05-29 00:07:41,8.0
7578,10.0,9,3,cancelado,2025-11-27 06:52:26,,
7579,33.0,2,3,em_andamento,2026-06-04 10:14:26,,
7580,37.0,8,4,em_andamento,2025-09-01 17:33:15,,
7581,4.0,10,1,aberto,2026-07-24 12:38:32,,
7582,31.0,4,4,resolvido,2025-08-31 10:54:23,2025-09-01 10:54:23,1.0
7583,47.0,5,3,resolvido,2025-08-30 15:36:02,2025-08-31 15:36:02,1.0
7584,30.0,5,3,resolvido,2025-12-22 09:04:50,2026-01-05 09:04:50,14.0
7585,29.0,7,2,cancelado,2025-08-24 12:23:10,,
7586,9.0,7,3,resolvido,2026-01-07 16:16:23,2026-01-20 16:16:23,13.0
7587,42.0,4,3,cancelado,2026-03-16 19:12:17,,
7588,23.0,10,1,cancelado,2025-08-10 06:04:51,,
7589,2.0,5,2,resolvido,2026-02-20 04:52:22,2026-02-21 04:52:22,1.0
7590,14.0,10,3,aberto,2026-03-12 07:28:14,,
7591,30.0,10,4,resolvido,2026-07-12 16:20:27,2026-07-14 16:20:27,2.0
7592,33.0,6,4,em_andamento,2025-11-15 06:16:50,,
7593,44.0,8,3,cancelado,2025-09-02 14:59:02,,
7594,43.0,9,1,cancelado,2026-04-12 13:03:09,,
7595,31.0,9,3,em_andamento,2026-06-21 10:00:51,,
7596,20.0,1,4,em_andamento,2026-02-19 22:56:22,,
7597,4.0,8,1,cancelado,2025-10-04 03:25:59,,
7598,30.0,7,1,em_andamento,2026-04-18 10:37:36,,
7599,21.0,1,1,cancelado,2026-03-24 05:46:18,,
7600,33.0,9,2,cancelado,2026-05-29 23:07:48,,
7601,38.0,3,2,em_andamento,2025-08-05 21:39:18,,
7602,13.0,9,3,resolvido,2026-05-27 01:27:07,2026-06-11 01:27:07,15.0
7603,27.0,10,3,em_andamento,2025-08-28 04:12:54,,
7604,36.0,6,1,em_andamento,2025-09-04 23:56:47,,
7605,15.0,2,2,cancelado,2026-03-07 20:50:51,,
7606,21.0,4,2,cancelado,2025-09-21 00:41:11,,
7607,16.0,6,3,aberto,2026-01-13 10:03:26,,
7608,19.0,10,4,em_andamento,2025-10-07 20:41:32,,
7609,17.0,10,1,em_andamento,2025-09-22 05:49:36,,
7610,9.0,3,2,resolvido,2026-03-14 19:43:33,2026-03-21 19:43:33,7.0
7611,31.0,8,1,resolvido,2026-07-01 11:13:51,2026-07-03 11:13:51,2.0
7612,3.0,10,2,resolvido,2025-09-11 19:55:52,2025-09-20 19:55:52,9.0
7613,21.0,6,3,cancelado,2025-09-09 17:50:19,,
7614,3.0,3,1,aberto,2026-02-13 13:35:51,,
7615,27.0,2,4,resolvido,2026-04-12 23:05:34,2026-04-22 23:05:34,10.0
7616,20.0,5,3,resolvido,2025-12-27 14:28:38,2026-01-04 14:28:38,8.0
7617,31.0,7,1,em_andamento,2026-01-24 11:30:55,,
7618,7.0,9,2,aberto,2025-10-07 14:54:02,,
7619,41.0,3,4,aberto,2025-08-06 16:04:15,,
7620,27.0,6,1,cancelado,2025-10-20 20:31:12,,
7621,48.0,7,1,em_andamento,2025-12-16 02:18:47,,
7622,11.0,3,2,aberto,2026-05-29 18:04:17,,
7623,24.0,7,3,resolvido,2025-08-12 09:39:02,2025-08-13 09:39:02,1.0
7624,16.0,1,3,resolvido,2026-07-04 08:04:09,2026-07-13 08:04:09,9.0
7625,24.0,6,3,resolvido,2025-11-08 04:21:14,2025-11-25 04:21:14,17.0
7626,14.0,6,4,aberto,2025-09-22 13:35:43,,
7627,32.0,8,4,resolvido,2026-02-06 16:14:09,2026-02-16 16:14:09,10.0
7628,14.0,4,2,cancelado,2026-04-07 18:13:47,,
7629,27.0,4,1,resolvido,2026-07-17 00:08:53,2026-07-22 00:08:53,5.0
7630,2.0,9,2,em_andamento,2026-02-19 15:17:26,,
7631,26.0,10,4,em_andamento,2025-10-26 06:28:39,,
7632,28.0,10,1,em_andamento,2026-05-11 07:58:13,,
7633,44.0,3,2,aberto,2026-03-11 12:14:58,,
7634,37.0,8,3,resolvido,2026-07-23 05:42:43,2026-07-26 05:42:43,3.0
7635,44.0,1,4,aberto,2026-04-27 04:14:23,,
7636,30.0,10,1,cancelado,2026-02-26 21:55:33,,
7637,42.0,8,1,aberto,2026-01-25 23:07:20,,
7638,22.0,2,2,aberto,2026-01-26 16:29:18,,
7639,4.0,4,2,resolvido,2026-06-23 21:15:50,2026-06-29 21:15:50,6.0
7640,28.0,10,4,em_andamento,2026-03-21 16:25:47,,
7641,8.0,7,2,aberto,2025-09-21 04:17:19,,
7642,36.0,4,2,em_andamento,2026-07-14 14:33:33,,
7643,,2,2,cancelado,2026-05-09 10:42:34,,
7644,42.0,10,2,aberto,2026-03-22 18:29:12,,
7645,1.0,6,2,aberto,2026-06-22 14:34:33,,
7646,31.0,2,2,em_andamento,2025-09-09 11:20:24,,
7647,27.0,1,1,em_andamento,2025-10-26 06:44:26,,
7648,10.0,9,2,cancelado,2026-07-25 00:03:33,,
7649,29.0,5,2,cancelado,2026-02-27 23:54:07,,
7650,50.0,1,3,resolvido,2026-03-03 01:48:34,2026-03-10 01:48:34,7.0
7651,40.0,9,3,cancelado,2025-11-29 05:26:34,,
7652,48.0,9,4,em_andamento,2025-10-13 16:02:38,,
7653,36.0,3,1,cancelado,2025-09-14 12:19:06,,
7654,13.0,3,2,aberto,2025-09-07 18:50:58,,
7655,6.0,3,4,aberto,2026-05-23 06:41:52,,
7656,19.0,5,4,cancelado,2026-04-02 08:58:25,,
7657,24.0,9,3,em_andamento,2025-12-28 03:25:44,,
7658,48.0,5,4,cancelado,2026-07-25 13:11:54,,
7659,1.0,10,4,aberto,2025-10-19 18:52:41,,
7660,42.0,7,3,cancelado,2026-03-02 05:14:32,,
7661,10.0,5,3,em_andamento,2026-07-13 12:25:23,,
7662,24.0,8,2,cancelado,2025-12-31 11:33:11,,
7663,36.0,8,3,cancelado,2026-01-22 10:12:12,,
7664,32.0,9,3,aberto,2026-04-01 01:34:47,,
7665,29.0,1,3,cancelado,2025-08-11 03:29:56,,
7666,21.0,8,4,cancelado,2025-08-12 23:35:17,,
7667,50.0,1,4,aberto,2025-08-19 06:01:45,,
7668,10.0,10,4,em_andamento,2025-11-23 20:15:51,,
7669,35.0,5,2,cancelado,2025-09-04 16:46:51,,
7670,34.0,1,2,em_andamento,2026-05-12 10:16:17,,
7671,26.0,2,4,resolvido,2026-06-09 17:37:20,2026-06-16 17:37:20,7.0
7672,22.0,4,4,aberto,2025-10-14 19:03:55,,
7673,42.0,9,4,aberto,2025-11-18 12:18:34,,
7674,22.0,7,4,Em Andamento,2025-11-22 04:51:41,,
7675,13.0,2,4,cancelado,2026-07-07 02:35:56,,
7676,20.0,8,3,aberto,2026-06-27 18:15:14,,
7677,10.0,8,2,aberto,2026-07-30 08:28:50,,
7678,12.0,5,2,resolvido,2025-12-29 22:54:44,2026-01-05 22:54:44,7.0
7679,16.0,6,3,aberto,2025-11-24 16:37:52,,
7680,26.0,1,1,aberto,2026-03-04 03:57:57,,
7681,40.0,9,3,aberto,2026-06-21 09:38:02,,
7682,34.0,8,1,aberto,2026-04-17 00:26:41,,
7683,31.0,1,4,cancelado,2025-12-07 04:01:43,,
7684,7.0,6,2,aberto,2025-10-27 11:46:06,,
7685,31.0,8,1,aberto,2026-06-30 21:12:01,,
7686,31.0,5,1,resolvido,2025-12-01 18:23:49,2025-12-08 18:23:49,7.0
7687,36.0,10,3,cancelado,2025-08-01 04:20:13,,
7688,39.0,7,4,em_andamento,2026-07-02 11:44:01,,
7689,42.0,5,4,aberto,2025-08-05 10:22:03,,
7690,43.0,1,3,aberto,2026-02-18 20:38:03,,
7691,6.0,1,1,aberto,2026-02-09 10:13:17,,
7692,44.0,8,1,aberto,2025-09-28 10:19:30,,
7693,32.0,9,3,aberto,2025-11-28 10:22:57,,
7694,47.0,3,1,resolvido,2026-05-19 10:04:21,2026-05-30 10:04:21,11.0
7695,4.0,3,3,resolvido,2026-07-12 10:05:53,2026-07-16 10:05:53,4.0
7696,49.0,4,2,aberto,2025-12-09 14:24:58,,
7697,6.0,1,2,cancelado,2025-12-11 08:56:55,,
7698,24.0,10,4,resolvido,2026-01-13 10:40:37,2026-01-19 10:40:37,6.0
7699,42.0,8,3,em_andamento,2025-09-17 21:17:50,,
7700,39.0,7,3,cancelado,2025-09-15 07:05:52,,
7701,48.0,5,3,em_andamento,2025-08-25 23:36:45,,
7702,23.0,3,4,resolvido,2025-11-09 13:27:56,2025-11-14 13:27:56,5.0
7703,19.0,2,4,resolvido,2026-05-22 07:26:11,2026-05-26 07:26:11,4.0
7704,8.0,6,2,cancelado,2025-12-05 10:33:12,,
7705,19.0,1,3,aberto,2025-11-23 19:18:33,,
7706,13.0,4,4,em_andamento,2025-10-18 08:28:45,,
7707,29.0,7,4,cancelado,2026-06-16 13:27:22,,
7708,25.0,9,1,cancelado,2025-11-20 22:06:02,,
7709,50.0,1,3,resolvido,2026-05-24 01:57:38,2026-05-29 01:57:38,5.0
7710,30.0,5,1,resolvido,2026-06-29 05:08:59,2026-07-06 05:08:59,7.0
7711,34.0,5,4,aberto,2026-01-21 04:11:56,,
7712,18.0,5,1,aberto,2025-10-30 09:53:57,,
7713,14.0,6,4,em_andamento,2025-08-29 18:47:14,,
7714,19.0,1,3,cancelado,2026-04-23 18:47:56,,
7715,17.0,5,3,aberto,2026-01-21 00:37:04,,
7716,37.0,10,4,em_andamento,2025-10-20 16:55:22,,
7717,12.0,5,3,em_andamento,2026-03-09 20:44:20,,
7718,21.0,3,4,aberto,2026-06-18 01:00:52,,
7719,7.0,2,1,aberto,2026-06-24 22:59:14,,
7720,45.0,9,3,aberto,2026-03-11 05:31:02,,
7721,35.0,5,4,cancelado,2026-03-03 01:39:20,,
7722,33.0,10,3,em_andamento,2026-05-16 21:57:45,,
7723,11.0,2,2,resolvido,2025-08-13 03:46:19,2025-08-21 03:46:19,8.0
7724,33.0,4,1,cancelado,2026-07-06 05:08:19,,
7725,47.0,4,3,aberto,2026-01-11 09:26:10,,
7726,49.0,1,2,em_andamento,2025-09-06 14:29:30,,
7727,43.0,7,3,em_andamento,2026-05-06 10:29:01,,
7728,23.0,10,4,em_andamento,2026-02-17 06:10:56,,
7729,1.0,6,3,resolvido,2026-04-05 08:32:22,2026-04-08 08:32:22,3.0
7730,35.0,3,4,aberto,2026-03-01 05:54:40,,
7731,46.0,10,2,aberto,2025-11-04 17:59:42,,
7732,49.0,5,4,resolvido,2026-05-29 01:23:39,2026-06-01 01:23:39,3.0
7733,29.0,5,4,aberto,2026-04-26 03:32:22,,
7734,19.0,3,2,cancelado,2025-10-25 19:42:54,,
7735,7.0,8,3,cancelado,2026-05-30 04:28:02,,
7736,12.0,2,3,cancelado,2026-02-26 02:05:44,,
7737,6.0,8,2,cancelado,2025-12-01 13:17:31,,
7738,22.0,9,1,resolvido,2025-11-06 08:01:14,2025-11-09 08:01:14,3.0
7739,23.0,3,2,cancelado,2026-07-09 16:15:14,,
7740,29.0,7,4,cancelado,2026-02-06 08:31:21,,
7741,31.0,6,3,resolvido,2026-01-27 14:47:16,2026-02-01 14:47:16,5.0
7742,29.0,5,1,em_andamento,2026-05-26 14:03:53,,
7743,18.0,1,1,em_andamento,2025-09-03 08:27:59,,
7744,47.0,10,2,cancelado,2026-02-05 02:30:19,,
7745,1.0,6,4,em_andamento,2026-01-05 06:06:13,,
7746,45.0,8,3,aberto,2026-03-13 13:31:14,,
7747,45.0,10,2,resolvido,2026-03-06 06:45:35,2026-03-15 06:45:35,9.0
7748,25.0,4,1,aberto,2026-02-17 01:29:58,,
7749,10.0,5,3,resolvido,2026-01-09 19:09:34,2026-01-13 19:09:34,4.0
7750,47.0,6,4,aberto,2025-10-18 06:07:37,,
7751,5.0,6,4,cancelado,2025-12-24 08:40:46,,
7752,9.0,3,2,aberto,2025-10-17 08:28:03,,
7753,30.0,1,4,resolvido,2026-04-18 09:48:32,2026-04-25 09:48:32,7.0
7754,40.0,5,1,resolvido,2025-11-03 19:05:17,2025-11-11 19:05:17,8.0
7755,3.0,3,2,cancelado,2025-12-10 14:26:15,,
7756,41.0,5,2,em_andamento,2025-09-26 10:28:37,,
7757,4.0,4,4,em_andamento,2025-09-09 19:45:42,,
7758,42.0,8,1,cancelado,2026-06-02 17:08:21,,
7759,41.0,3,3,resolvido,2025-12-03 19:14:47,2025-12-09 19:14:47,6.0
7760,30.0,6,4,em_andamento,2026-02-15 17:23:59,,
7761,5.0,2,2,aberto,2026-05-15 13:57:19,,
7762,14.0,9,1,cancelado,2026-02-12 14:32:02,,
7763,35.0,3,4,aberto,2025-10-07 00:35:04,,
7764,26.0,7,1,resolvido,2026-04-23 05:59:27,2026-04-28 05:59:27,5.0
7765,40.0,9,3,cancelado,2026-03-13 19:08:35,,
7766,25.0,4,3,cancelado,2026-06-20 13:41:43,,
7767,21.0,5,1,aberto,2025-11-06 21:33:34,,
7768,11.0,9,2,resolvido,2025-12-25 07:44:09,2025-12-28 07:44:09,3.0
7769,9.0,2,2,cancelado,2026-07-25 20:23:23,,
7770,28.0,10,1,resolvido,2026-07-09 10:16:45,2026-07-18 10:16:45,9.0
7771,25.0,10,3,em_andamento,2026-06-09 08:35:27,,
7772,35.0,9,2,resolvido,2025-08-14 20:28:10,2025-08-16 20:28:10,2.0
7773,29.0,1,3,em_andamento,2026-05-29 10:37:40,,
7774,3.0,4,1,em_andamento,2026-02-06 12:48:06,,
7775,44.0,3,4,aberto,2025-12-21 09:41:42,,
7776,47.0,3,2,RESOLVIDO,2026-01-23 02:50:24,,
7777,2.0,4,4,cancelado,2026-03-01 19:13:00,,
7778,34.0,7,3,em_andamento,2026-03-23 10:30:59,,
7779,29.0,8,4,em_andamento,2025-09-28 20:42:49,,
7780,28.0,9,3,em_andamento,2025-12-19 02:04:39,,
7781,31.0,3,4,cancelado,2026-02-13 12:23:33,,
7782,2.0,4,2,RESOLVIDO,2026-05-20 23:39:16,,
7783,33.0,8,4,em_andamento,2025-10-09 06:01:05,,
7784,18.0,8,1,aberto,2025-12-27 03:40:51,,
7785,27.0,3,2,em_andamento,2026-02-11 07:46:55,,
7786,18.0,6,3,cancelado,2026-04-04 08:04:59,,
7787,16.0,6,4,em_andamento,2025-10-17 11:26:23,,
7788,13.0,3,4,cancelado,2025-08-30 02:58:07,,
7789,42.0,1,1,resolvido,2026-07-13 07:15:40,2026-07-18 07:15:40,5.0
7790,23.0,10,4,em_andamento,2026-02-02 07:57:11,,
7791,4.0,3,4,em_andamento,2025-11-26 11:33:26,,
7792,48.0,3,2,resolvido,2025-09-26 17:43:22,2025-10-06 17:43:22,10.0
7793,29.0,1,3,em_andamento,2026-05-17 08:23:19,,
7794,17.0,1,2,resolvido,2025-10-21 21:01:01,2025-10-26 21:01:01,5.0
7795,27.0,9,2,cancelado,2025-12-27 02:51:00,,
7796,30.0,1,3,aberto,2025-10-04 05:08:16,,
7797,7.0,7,4,aberto,2026-06-23 15:15:03,,
7798,24.0,10,4,resolvido,2025-08-15 10:42:12,2025-08-24 10:42:12,9.0
7799,26.0,8,2,cancelado,2025-10-02 20:10:32,,
7800,22.0,7,1,resolvido,2025-10-24 06:00:19,2025-11-03 06:00:19,10.0
7801,43.0,5,4,cancelado,2026-06-19 20:27:12,,
7802,48.0,4,2,em_andamento,2025-11-12 05:37:29,,
7803,46.0,3,1,em_andamento,2025-12-26 19:53:08,,
7804,19.0,9,3,resolvido,2025-12-16 17:11:47,2025-12-22 17:11:47,6.0
7805,35.0,8,4,aberto,2026-02-10 19:32:43,,
7806,1.0,7,2,em_andamento,2026-04-25 05:53:39,,
7807,44.0,10,3,resolvido,2025-09-02 14:20:54,2025-09-04 14:20:54,2.0
7808,18.0,3,4,resolvido,2025-10-07 04:41:20,2025-10-11 04:41:20,4.0
7809,3.0,8,4,aberto,2025-09-08 12:27:17,,
7810,41.0,9,3,em_andamento,2026-04-02 22:43:32,,
7811,4.0,2,2,aberto,2026-06-19 15:28:47,,
7812,15.0,4,1,aberto,2026-02-19 11:39:56,,
7813,16.0,9,4,aberto,2026-07-17 22:38:02,,
7814,49.0,7,2,em_andamento,2026-06-21 03:52:16,,
7815,16.0,6,4,aberto,2025-08-02 06:15:39,,
7816,21.0,9,1,aberto,2025-11-22 12:44:51,,
7817,35.0,1,1,resolvido,2025-10-18 18:24:47,2025-10-26 18:24:47,8.0
7818,18.0,4,3,cancelado,2026-05-20 14:16:26,,
7819,30.0,1,2,cancelado,2025-11-25 12:26:26,,
7820,32.0,3,4,aberto,2025-12-23 23:03:53,,
7821,21.0,7,3,cancelado,2026-05-23 18:03:41,,
7822,43.0,10,3,cancelado,2026-05-09 01:37:51,,
7823,45.0,10,3,resolvido,2025-11-01 03:59:27,2025-11-05 03:59:27,4.0
7824,32.0,6,3,resolvido,2026-06-02 00:42:18,2026-06-09 00:42:18,7.0
7825,22.0,6,2,cancelado,2026-06-25 03:22:02,,
7826,9.0,10,1,cancelado,2025-12-12 14:27:07,,
7827,8.0,5,3,resolvido,2025-08-31 05:52:25,2025-09-06 05:52:25,6.0
7828,5.0,9,2,resolvido,2026-06-26 07:29:58,2026-07-08 07:29:58,12.0
7829,9.0,6,2,aberto,2025-08-30 08:39:44,,
7830,30.0,9,2,aberto,2026-03-10 08:45:26,,
7831,26.0,6,1,aberto,2025-12-05 10:34:17,,
7832,40.0,3,1,resolvido,2026-05-28 01:40:50,2026-06-01 01:40:50,4.0
7833,24.0,8,3,resolvido,2026-05-18 15:37:38,2026-05-24 15:37:38,6.0
7834,14.0,1,2,cancelado,2025-10-01 16:59:11,,
7835,41.0,7,3,cancelado,2026-01-08 12:48:25,,
7836,13.0,1,2,resolvido,2025-08-13 03:03:29,2025-08-21 03:03:29,8.0
7837,4.0,4,3,em_andamento,2025-10-04 06:06:55,,
7838,12.0,2,2,resolvido,2026-04-12 13:07:29,2026-04-21 13:07:29,9.0
7839,48.0,3,2,cancelado,2026-07-09 15:42:50,,
7840,15.0,5,1,resolvido,2026-04-22 13:03:16,2026-04-26 13:03:16,4.0
7841,6.0,3,1,aberto,2025-11-24 22:45:20,,
7842,24.0,3,3,cancelado,2026-02-28 16:31:59,,
7843,37.0,6,1,aberto,2025-09-17 03:26:49,,
7844,19.0,8,3,aberto,2025-12-14 01:31:19,,
7845,9.0,4,2,resolvido,2025-11-18 03:42:21,2025-11-24 03:42:21,6.0
7846,36.0,10,1,aberto,2025-09-13 16:26:48,,
7847,14.0,5,2,resolvido,2026-02-25 12:40:32,2026-03-04 12:40:32,7.0
7848,33.0,6,4,aberto,2026-04-28 04:52:27,,
7849,13.0,4,4,em_andamento,2026-03-22 13:03:12,,
7850,30.0,7,4,aberto,2026-03-28 10:37:36,,
7851,12.0,8,2,resolvido,2026-04-27 22:58:51,2026-05-04 22:58:51,7.0
7852,8.0,3,1,em_andamento,2025-12-17 16:10:20,,
7853,40.0,2,2,aberto,2026-05-31 23:14:40,,
7854,15.0,1,1,resolvido,2026-02-26 06:15:33,2026-03-03 06:15:33,5.0
7855,38.0,5,1,em_andamento,2025-10-11 21:56:43,,
7856,40.0,9,1,aberto,2026-04-14 03:10:52,,
7857,38.0,7,4,resolvido,2025-09-05 04:25:51,2025-09-12 04:25:51,7.0
7858,8.0,10,1,aberto,2026-05-04 03:20:30,,
7859,33.0,3,1,em_andamento,2025-10-03 02:07:38,,
7860,13.0,6,4,em_andamento,2025-08-26 02:49:55,,
7861,7.0,8,2,em_andamento,2026-04-26 11:40:28,,
7862,49.0,7,4,cancelado,2025-08-30 20:05:37,,
7863,4.0,5,1,cancelado,2025-12-27 02:28:22,,
7864,6.0,1,2,aberto,2025-11-15 13:23:53,,
7865,40.0,2,4,resolvido,2026-05-25 21:41:44,2026-05-29 21:41:44,4.0
7866,3.0,6,1,RESOLVIDO,2025-10-22 16:57:49,,
7867,16.0,4,2,aberto,2026-01-19 23:28:35,,
7868,49.0,4,3,resolvido,2025-12-15 15:08:52,2025-12-18 15:08:52,3.0
7869,32.0,2,3,cancelado,2026-04-12 09:13:50,,
7870,50.0,7,3,aberto,2026-03-12 08:34:02,,
7871,46.0,8,4,resolvido,2026-01-06 00:51:29,2026-01-10 00:51:29,4.0
7872,49.0,3,3,cancelado,2025-11-14 07:12:22,,
7873,10.0,4,1,cancelado,2026-07-26 06:28:36,,
7874,49.0,4,1,cancelado,2026-06-11 08:08:29,,
7875,2.0,4,4,aberto,2025-12-03 08:48:34,,
7876,6.0,1,3,cancelado,2026-07-05 11:08:17,,
7877,2.0,4,4,em_andamento,2025-10-08 04:43:21,,
7878,4.0,7,4,Em Andamento,2026-01-21 03:50:03,,
7879,2.0,1,3,resolvido,2025-12-05 15:23:02,2025-12-07 15:23:02,-5.0
7880,26.0,7,2,em_andamento,2026-01-22 21:16:48,,
7881,50.0,4,2,cancelado,2025-10-28 12:37:04,,
7882,4.0,1,4,aberto,2025-10-13 11:29:11,,
7883,48.0,6,1,aberto,2025-12-11 14:27:51,,
7884,38.0,8,1,resolvido,2025-11-03 01:08:07,2025-11-13 01:08:07,10.0
7885,42.0,1,4,em_andamento,2026-07-22 15:02:31,,
7886,16.0,3,2,resolvido,2025-10-19 13:34:45,2025-10-26 13:34:45,7.0
7887,49.0,7,3,cancelado,2025-09-11 18:04:44,,
7888,19.0,5,2,em_andamento,2025-11-19 12:11:59,,
7889,16.0,8,3,aberto,2025-11-27 17:16:41,,
7890,37.0,8,2,em_andamento,2025-08-25 13:26:42,,
7891,34.0,6,2,resolvido,2026-01-24 06:20:48,2026-01-31 06:20:48,7.0
7892,36.0,6,3,resolvido,2025-08-27 14:11:21,2025-08-30 14:11:21,3.0
7893,14.0,10,1,cancelado,2026-05-24 16:55:21,,
7894,2.0,4,3,em_andamento,2026-05-03 21:18:52,,
7895,50.0,4,4,cancelado,2025-10-18 22:49:55,,
7896,35.0,9,2,cancelado,2025-09-06 08:33:16,,
7897,13.0,7,2,em_andamento,2026-05-14 14:58:54,,
7898,16.0,9,1,aberto,2026-03-14 23:33:00,,
7899,17.0,4,4,resolvido,2026-05-07 20:59:43,2026-05-21 20:59:43,14.0
7900,29.0,6,3,cancelado,2025-12-29 19:06:36,,
7901,27.0,5,4,cancelado,2026-03-16 11:39:55,,
7902,46.0,5,1,cancelado,2026-04-12 19:29:24,,
7903,15.0,8,1,em_andamento,2025-10-03 23:42:36,,
7904,3.0,7,2,aberto,2025-12-02 23:07:44,,
7905,30.0,6,3,em_andamento,2025-11-10 11:15:30,,
7906,37.0,8,4,cancelado,2026-06-17 08:28:40,,
7907,3.0,2,3,resolvido,2025-12-31 07:21:05,2026-01-06 07:21:05,6.0
7908,7.0,2,3,resolvido,2025-12-31 20:53:43,2026-01-06 20:53:43,6.0
7909,6.0,6,4,em_andamento,2026-05-08 15:09:28,,
7910,35.0,2,3,em_andamento,2026-02-01 09:14:25,,
7911,45.0,7,1,aberto,2026-05-04 03:27:07,,
7912,27.0,9,4,aberto,2026-06-09 08:13:18,,
7913,7.0,5,4,aberto,2026-06-16 13:20:12,,
7914,13.0,7,1,aberto,2026-05-31 07:22:14,,
7915,34.0,10,2,cancelado,2026-02-23 09:17:38,,
7916,48.0,1,3,resolvido,2026-06-16 18:58:28,2026-06-19 18:58:28,3.0
7917,25.0,6,3,em_andamento,2026-01-15 20:34:55,,
7918,48.0,7,2,cancelado,2025-12-13 03:28:57,,
7919,33.0,5,2,cancelado,2026-07-06 10:59:35,,
7920,29.0,2,3,aberto,2025-08-13 22:06:29,,
7921,13.0,5,3,resolvido,2026-02-07 05:35:13,2026-02-18 05:35:13,11.0
7922,18.0,6,3,cancelado,2026-03-14 23:22:18,,
7923,28.0,1,1,em_andamento,2025-09-09 19:28:28,,
7924,1.0,2,1,cancelado,2025-12-24 09:46:38,,
7925,42.0,3,2,cancelado,2025-08-14 07:51:14,,
7926,50.0,3,2,cancelado,2025-11-21 12:42:16,,
7927,38.0,8,3,em_andamento,2026-07-26 03:13:36,,
7928,45.0,2,4,em_andamento,2025-09-07 14:24:29,,
7929,25.0,9,2,resolvido,2025-09-08 15:04:16,2025-09-10 15:04:16,2.0
7930,38.0,6,4,aberto,2026-03-29 12:05:12,,
7931,38.0,4,3,aberto,2025-10-27 11:34:18,,
7932,50.0,10,1,cancelado,2025-09-06 21:21:18,,
7933,44.0,6,1,aberto,2026-05-19 15:25:11,,
7934,5.0,4,4,resolvido,2026-04-27 01:31:47,2026-04-28 01:31:47,1.0
7935,49.0,1,2,resolvido,2026-07-12 10:01:34,2026-07-21 10:01:34,9.0
7936,36.0,5,2,cancelado,2026-04-28 23:03:18,,
7937,30.0,1,1,cancelado,2025-11-05 17:32:56,,
7938,12.0,8,3,resolvido,2026-01-31 01:03:39,2026-02-01 01:03:39,1.0
7939,46.0,2,3,em_andamento,2025-08-01 09:40:17,,
7940,39.0,6,3,resolvido,2026-07-24 09:08:03,2026-07-27 09:08:03,3.0
7941,37.0,6,3,em_andamento,2025-08-05 06:37:10,,
7942,6.0,8,3,cancelado,2026-03-15 03:36:31,,
7943,9.0,8,3,em_andamento,2026-01-02 10:41:21,,
7944,33.0,1,1,aberto,2026-02-18 18:22:32,,
7945,27.0,2,4,em_andamento,2025-11-30 21:56:03,,
7946,18.0,5,4,resolvido,2026-07-10 20:34:03,2026-07-14 20:34:03,4.0
7947,45.0,6,2,em_andamento,2026-05-07 03:51:38,,
7948,21.0,2,4,em_andamento,2026-07-08 05:01:59,,
7949,36.0,4,2,cancelado,2026-05-25 17:54:07,,
7950,18.0,9,4,aberto,2026-06-18 11:11:06,,
7951,44.0,1,1,aberto,2026-01-26 00:21:34,,
7952,29.0,1,4,aberto,2025-10-02 13:34:44,,
7953,9.0,10,3,resolvido,2026-06-12 02:50:45,2026-06-13 02:50:45,1.0
7954,48.0,4,1,resolvido,2026-04-11 23:02:04,2026-04-21 23:02:04,10.0
7955,50.0,10,3,resolvido,2025-10-14 00:02:27,2025-10-28 00:02:27,14.0
7956,19.0,3,2,resolvido,2025-08-02 20:02:25,2025-08-13 20:02:25,11.0
7957,46.0,6,2,em_andamento,2025-10-14 15:23:19,,
7958,41.0,4,4,em_andamento,2026-03-15 00:24:41,,
7959,44.0,9,4,resolvido,2025-09-13 20:10:23,2025-09-23 20:10:23,10.0
7960,37.0,9,1,em_andamento,2025-10-11 23:33:35,,
7961,4.0,3,4,resolvido,2026-06-04 10:28:26,2026-06-06 10:28:26,2.0
7962,25.0,5,4,cancelado,2025-11-06 12:04:59,,
7963,7.0,2,3,em_andamento,2026-05-18 00:57:26,,
7964,47.0,2,4,aberto,2025-09-09 03:31:03,,
7965,44.0,9,3,aberto,2025-09-14 04:57:41,,
7966,47.0,1,4,aberto,2026-01-04 06:04:42,,
7967,8.0,7,1,aberto,2025-09-23 15:31:28,,
7968,20.0,7,3,resolvido,2026-01-25 05:51:03,2026-01-27 05:51:03,2.0
7969,7.0,10,2,aberto,2025-12-30 07:10:44,,
7970,49.0,10,4,resolvido,2025-12-14 06:02:10,2025-12-24 06:02:10,10.0
7971,20.0,3,3,cancelado,2026-07-30 20:07:23,,
7972,14.0,9,3,em_andamento,2025-08-08 21:35:45,,
7973,16.0,8,4,resolvido,2026-03-20 15:27:22,2026-03-21 15:27:22,1.0
7974,47.0,8,4,aberto,2026-01-23 23:37:46,,
7975,4.0,8,1,em_andamento,2026-07-17 20:33:34,,
7976,22.0,4,2,resolvido,2026-06-30 22:00:27,2026-07-04 22:00:27,4.0
7977,7.0,3,1,aberto,2025-10-01 16:05:35,,
7978,36.0,3,2,cancelado,2025-11-02 13:28:02,,
7979,31.0,10,1,cancelado,2025-10-07 20:50:05,,
7980,43.0,7,4,aberto,2025-10-25 20:19:15,,
7981,10.0,9,4,resolvido,2026-02-12 12:48:58,2026-02-25 12:48:58,13.0
7982,36.0,4,3,cancelado,2026-01-16 09:43:31,,
7983,5.0,7,3,cancelado,2025-12-17 09:15:07,,
7984,49.0,9,2,aberto,2026-04-06 04:23:50,,
7985,50.0,1,1,em_andamento,2025-08-23 16:19:37,,
7986,44.0,8,1,aberto,2026-04-03 19:29:50,,
7987,29.0,1,2,cancelado,2026-05-13 09:27:19,,
7988,34.0,1,4,cancelado,2026-03-01 18:56:56,,
7989,49.0,10,2,em_andamento,2025-09-07 10:58:04,,
7990,3.0,8,1,em_andamento,2026-01-08 20:59:52,,
7991,18.0,9,3,em_andamento,2026-03-31 16:50:47,,
7992,44.0,7,4,resolvido,2025-09-03 01:25:42,2025-09-05 01:25:42,2.0
7993,35.0,8,4,em_andamento,2026-04-21 17:13:00,,
7994,40.0,7,3,aberto,2026-07-28 12:52:24,,
7995,31.0,5,3,resolvido,2026-04-17 19:38:25,2026-04-20 19:38:25,3.0
7996,28.0,8,4,resolvido,2025-12-10 11:36:24,2025-12-19 11:36:24,9.0
7997,44.0,5,1,em_andamento,2026-01-17 18:08:51,,
7998,33.0,2,4,resolvido,2026-06-02 19:40:30,2026-06-03 19:40:30,1.0
7999,1.0,1,2,resolvido,2026-06-10 14:29:52,2026-06-17 14:29:52,7.0
8000,22.0,3,2,aberto,2026-01-17 04:46:49,,
8001,12.0,7,2,cancelado,2026-07-29 21:21:29,,
8002,40.0,4,1,em_andamento,2026-02-15 15:09:20,,
8003,9.0,7,3,resolvido,2026-02-12 11:14:17,2026-02-23 11:14:17,11.0
8004,29.0,4,2,aberto,2026-02-16 09:00:36,,
8005,40.0,1,4,resolvido,2026-01-09 01:55:50,2026-01-24 01:55:50,15.0
8006,50.0,1,4,em_andamento,2026-03-28 20:31:12,,
8007,22.0,2,4,resolvido,2026-02-18 09:06:30,2026-02-26 09:06:30,8.0
8008,30.0,7,4,resolvido,2026-05-24 12:40:22,2026-06-01 12:40:22,8.0
8009,8.0,3,3,em_andamento,2026-05-05 11:54:58,,
8010,31.0,10,1,aberto,2025-12-23 11:04:46,,
8011,47.0,6,2,cancelado,2025-12-30 01:32:14,,
8012,47.0,7,2,em_andamento,2026-06-28 17:02:16,,
8013,9.0,8,4,em_andamento,2025-11-29 09:30:09,,
8014,14.0,5,2,em_andamento,2025-10-14 15:26:32,,
8015,35.0,6,4,em_andamento,2026-05-20 01:56:16,,
8016,50.0,9,2,cancelado,2025-11-06 07:05:21,,
8017,9.0,4,4,em_andamento,2026-03-18 14:05:10,,
8018,12.0,6,2,aberto,2026-02-28 11:01:12,,
8019,3.0,4,2,cancelado,2026-02-05 02:28:16,,
8020,50.0,1,1,resolvido,2025-09-26 02:25:32,2025-10-04 02:25:32,8.0
8021,3.0,4,4,aberto,2026-03-20 19:13:35,,
8022,18.0,4,2,em_andamento,2026-03-14 10:08:35,,
8023,49.0,4,1,em_andamento,2026-04-08 13:35:46,,
8024,35.0,5,3,cancelado,2025-11-01 06:24:18,,
8025,41.0,2,2,resolvido,2026-02-17 10:43:54,2026-02-26 10:43:54,9.0
8026,42.0,8,1,resolvido,2025-11-15 19:22:57,2025-11-17 19:22:57,2.0
8027,38.0,9,3,aberto,2026-06-25 04:42:00,,
8028,31.0,7,4,aberto,2026-03-31 12:36:00,,
8029,42.0,7,3,resolvido,2026-04-26 18:04:05,2026-05-03 18:04:05,7.0
8030,46.0,6,3,resolvido,2026-07-16 04:38:56,2026-07-22 04:38:56,6.0
8031,7.0,6,4,em_andamento,2026-04-01 02:41:07,,
8032,30.0,10,2,cancelado,2025-10-22 11:48:26,,
8033,19.0,1,3,em_andamento,2026-05-19 21:23:42,,
8034,46.0,3,4,em_andamento,2026-05-25 19:38:15,,
8035,42.0,10,4,resolvido,2025-12-23 19:21:34,2025-12-24 19:21:34,1.0
8036,40.0,4,3,em_andamento,2025-10-16 05:52:01,,
8037,34.0,9,2,aberto,2025-11-22 21:55:13,,
8038,15.0,10,4,cancelado,2025-08-28 22:36:15,,
8039,44.0,9,2,em_andamento,2026-04-22 12:26:43,,
8040,6.0,6,1,em_andamento,2025-12-07 00:21:13,,
8041,11.0,2,3,cancelado,2026-01-19 04:43:24,,
8042,23.0,6,1,aberto,2025-10-09 05:11:51,,
8043,9.0,6,1,cancelado,2025-10-16 07:30:59,,
8044,28.0,7,4,aberto,2026-06-11 23:18:11,,
8045,26.0,8,2,resolvido,2026-01-15 05:45:04,2026-01-17 05:45:04,2.0
8046,20.0,10,4,em_andamento,2026-03-22 20:13:17,,
8047,10.0,9,3,aberto,2026-04-28 08:29:22,,
8048,47.0,1,2,resolvido,2026-06-01 15:44:20,2026-06-08 15:44:20,7.0
8049,12.0,5,2,cancelado,2025-12-10 19:38:54,,
8050,25.0,3,2,aberto,2026-01-16 20:48:03,,
8051,21.0,6,4,em_andamento,2026-07-15 07:11:56,,
8052,44.0,8,3,em_andamento,2026-05-11 12:21:13,,
8053,37.0,7,2,resolvido,2026-05-26 10:11:51,2026-05-27 10:11:51,1.0
8054,19.0,1,2,resolvido,2025-08-30 20:26:28,2025-08-31 20:26:28,1.0
8055,21.0,5,4,resolvido,2026-02-14 18:05:23,2026-02-15 18:05:23,1.0
8056,24.0,4,1,cancelado,2026-06-01 22:37:03,,
8057,4.0,9,4,em_andamento,2025-08-05 10:28:39,,
8058,3.0,1,2,aberto,2026-04-24 08:02:23,,
8059,2.0,3,4,em_andamento,2026-06-08 19:58:22,,
8060,25.0,7,2,em_andamento,2025-09-03 07:07:06,,
8061,23.0,7,4,em_andamento,2026-06-26 14:00:56,,
8062,47.0,3,2,em_andamento,2026-04-17 20:31:05,,
8063,19.0,9,4,resolvido,2026-03-13 23:24:20,2026-03-22 23:24:20,9.0
8064,37.0,4,1,cancelado,2025-08-26 12:22:10,,
8065,43.0,7,1,aberto,2025-09-01 11:12:08,,
8066,38.0,2,1,aberto,2026-07-24 08:13:04,,
8067,20.0,9,4,cancelado,2026-04-04 07:42:50,,
8068,47.0,1,4,em_andamento,2026-05-10 23:36:16,,
8069,48.0,3,4,resolvido,2026-05-25 12:50:55,2026-05-29 12:50:55,4.0
8070,50.0,9,2,cancelado,2026-03-28 00:33:34,,
8071,33.0,6,3,resolvido,2026-04-20 07:39:03,2026-05-03 07:39:03,13.0
8072,6.0,8,4,aberto,2026-04-02 05:39:56,,
8073,40.0,1,2,cancelado,2026-04-12 21:38:51,,
8074,7.0,7,3,resolvido,2025-12-31 02:36:48,2026-01-03 02:36:48,3.0
8075,1.0,5,3,cancelado,2025-08-17 22:58:48,,
8076,16.0,5,4,cancelado,2026-07-04 19:33:26,,
8077,37.0,5,3,cancelado,2025-09-20 13:24:18,,
8078,14.0,4,4,aberto,2026-01-06 23:17:41,,
8079,48.0,6,2,aberto,2026-07-10 09:27:35,,
8080,43.0,6,4,cancelado,2026-07-20 12:27:15,,
8081,23.0,2,2,cancelado,2026-03-29 22:28:17,,
8082,35.0,5,4,cancelado,2026-01-03 08:42:52,,
8083,6.0,10,2,cancelado,2026-04-03 11:34:18,,
8084,18.0,4,3,resolvido,2025-09-13 06:41:43,2025-09-16 06:41:43,3.0
8085,3.0,10,4,resolvido,2026-07-30 23:16:43,2026-08-02 23:16:43,3.0
8086,26.0,3,3,aberto,2025-09-06 05:09:14,,
8087,10.0,4,1,cancelado,2026-01-31 19:41:41,,
8088,18.0,7,2,resolvido,2025-08-20 10:33:31,2025-08-23 10:33:31,3.0
8089,15.0,5,2,resolvido,2025-10-31 21:54:16,2025-11-06 21:54:16,6.0
8090,22.0,3,1,em_andamento,2026-07-13 19:26:29,,
8091,7.0,6,4,aberto,2026-05-06 19:14:45,,
8092,16.0,9,4,aberto,2026-05-01 05:48:38,,
8093,1.0,9,1,em_andamento,2025-10-26 17:23:23,,
8094,22.0,5,4,resolvido,2026-06-29 22:38:13,2026-07-10 22:38:13,11.0
8095,25.0,7,1,resolvido,2025-08-09 11:23:36,2025-08-14 11:23:36,5.0
8096,31.0,7,3,cancelado,2026-03-18 02:14:12,,
8097,18.0,8,4,aberto,2025-10-09 06:25:18,,
8098,43.0,2,4,aberto,2025-08-28 08:54:56,,
8099,12.0,3,1,resolvido,2026-01-25 21:21:18,2026-01-31 21:21:18,6.0
8100,3.0,4,4,resolvido,2026-07-02 12:09:51,2026-07-14 12:09:51,12.0
8101,27.0,9,1,aberto,2026-07-20 19:02:31,,
8102,3.0,5,1,resolvido,2025-09-07 15:23:59,2025-09-13 15:23:59,6.0
8103,34.0,10,2,em_andamento,2025-08-11 07:28:48,,
8104,14.0,6,2,cancelado,2026-02-04 11:25:32,,
8105,46.0,7,1,aberto,2025-11-23 05:03:46,,
8106,15.0,9,3,resolvido,2026-04-07 09:07:43,2026-04-13 09:07:43,6.0
8107,2.0,3,3,cancelado,2026-07-28 01:45:59,,
8108,13.0,9,1,aberto,2025-09-11 17:04:04,,
8109,2.0,2,2,resolvido,2025-09-26 00:24:10,2025-09-27 00:24:10,1.0
8110,23.0,8,1,aberto,2026-05-26 19:44:20,,
8111,24.0,9,1,cancelado,2026-04-01 18:52:57,,
8112,48.0,2,3,aberto,2026-06-10 20:06:15,,
8113,13.0,7,3,aberto,2026-03-16 19:53:04,,
8114,23.0,6,1,aberto,2026-07-27 10:24:15,,
8115,43.0,10,2,cancelado,2026-02-17 16:13:42,,
8116,35.0,8,1,cancelado,2026-04-05 08:53:45,,
8117,43.0,8,1,cancelado,2026-01-18 03:13:09,,
8118,1.0,9,1,resolvido,2025-11-19 03:46:02,2025-11-24 03:46:02,5.0
8119,14.0,3,3,aberto,2026-03-01 08:54:05,,
8120,32.0,2,4,aberto,2025-12-15 22:12:39,,
8121,10.0,10,2,em_andamento,2026-01-28 12:13:58,,
8122,9.0,2,2,resolvido,2025-08-13 03:23:43,2025-08-18 03:23:43,5.0
8123,37.0,6,2,em_andamento,2026-03-13 08:12:17,,
8124,3.0,10,3,aberto,2026-03-18 12:12:26,,
8125,43.0,1,2,cancelado,2026-01-31 09:28:27,,
8126,44.0,2,4,cancelado,2025-09-16 08:53:26,,
8127,24.0,9,3,cancelado,2025-09-06 08:48:03,,
8128,10.0,8,3,aberto,2026-07-05 17:42:13,,
8129,25.0,7,1,aberto,2025-08-03 14:22:53,,
8130,45.0,3,4,em_andamento,2026-04-12 01:33:25,,
8131,47.0,1,2,aberto,2026-01-07 19:00:51,,
8132,25.0,10,3,aberto,2026-02-23 03:54:27,,
8133,28.0,6,4,aberto,2025-11-05 09:38:44,,
8134,11.0,2,1,cancelado,2026-07-10 09:29:26,,
8135,4.0,2,1,aberto,2025-09-23 01:21:13,,
8136,43.0,3,2,em_andamento,2025-08-28 20:47:33,,
8137,13.0,1,2,resolvido,2026-06-04 09:52:53,2026-06-05 09:52:53,1.0
8138,33.0,8,2,aberto,2026-07-12 23:31:05,,
8139,28.0,3,2,aberto,2025-10-06 04:24:04,,
8140,19.0,6,4,aberto,2026-03-27 10:30:49,,
8141,2.0,10,4,aberto,2026-04-11 10:31:36,,
8142,37.0,7,1,resolvido,2026-04-28 20:06:55,2026-05-11 20:06:55,13.0
8143,23.0,1,3,em_andamento,2026-02-24 11:34:08,,
8144,6.0,2,2,aberto,2025-11-15 01:42:33,,
8145,14.0,7,1,aberto,2026-03-12 04:13:51,,
8146,26.0,5,1,aberto,2026-06-21 07:57:16,,
8147,17.0,5,4,aberto,2026-01-20 10:18:36,,
8148,35.0,2,4,aberto,2026-03-19 18:30:31,,
8149,17.0,1,2,resolvido,2026-05-25 14:33:51,2026-05-28 14:33:51,3.0
8150,18.0,10,3,aberto,2026-07-16 13:50:37,,
8151,26.0,1,3,aberto,2025-09-14 23:58:32,,
8152,27.0,3,4,resolvido,2026-04-18 00:06:49,2026-04-26 00:06:49,8.0
8153,22.0,7,4,em_andamento,2026-06-10 17:07:04,,
8154,44.0,10,3,aberto,2026-03-22 10:40:04,,
8155,32.0,5,2,resolvido,2026-07-26 03:36:18,2026-08-03 03:36:18,8.0
8156,40.0,1,3,resolvido,2026-02-20 08:29:44,2026-02-28 08:29:44,8.0
8157,30.0,8,4,em_andamento,2026-07-28 05:47:02,,
8158,21.0,4,3,cancelado,2026-01-24 00:58:32,,
8159,26.0,7,1,resolvido,2026-05-18 12:48:07,2026-05-25 12:48:07,7.0
8160,19.0,8,2,cancelado,2025-10-11 12:01:35,,
8161,8.0,8,3,cancelado,2025-10-16 16:07:39,,
8162,34.0,6,1,em_andamento,2025-10-08 06:26:51,,
8163,44.0,7,2,cancelado,2025-10-13 11:05:31,,
8164,25.0,2,1,cancelado,2026-04-25 12:27:33,,
8165,25.0,3,4,cancelado,2026-02-15 08:17:30,,
8166,1.0,4,3,em_andamento,2025-12-20 10:01:03,,
8167,18.0,7,4,cancelado,2026-05-04 18:40:27,,
8168,42.0,1,1,cancelado,2026-03-01 13:45:57,,
8169,24.0,7,2,cancelado,2026-01-15 05:13:42,,
8170,48.0,8,3,aberto,2026-04-18 17:54:19,,
8171,11.0,2,3,cancelado,2025-08-06 11:30:11,,
8172,9.0,4,1,em_andamento,2025-08-20 12:45:54,,
8173,21.0,3,3,em_andamento,2025-09-05 16:31:46,,
8174,13.0,6,2,resolvido,2026-03-04 07:47:52,2026-03-12 07:47:52,8.0
8175,48.0,7,1,aberto,2025-10-13 00:33:59,,
8176,34.0,6,3,cancelado,2026-01-26 13:27:35,,
8177,5.0,8,2,aberto,2026-03-06 01:55:17,,
8178,24.0,1,3,em_andamento,2026-03-17 00:23:25,,
8179,1.0,6,2,resolvido,2026-05-04 10:26:03,2026-05-11 10:26:03,7.0
8180,47.0,2,3,resolvido,2025-11-11 21:31:29,2025-11-19 21:31:29,8.0
8181,27.0,1,3,em_andamento,2025-09-28 13:15:07,,
8182,19.0,3,2,em_andamento,2026-07-17 05:02:35,,
8183,9.0,2,1,aberto,2026-07-28 00:04:13,,
8184,10.0,10,3,resolvido,2026-06-14 22:44:16,2026-06-23 22:44:16,9.0
8185,7.0,5,1,resolvido,2026-05-20 13:09:04,2026-05-25 13:09:04,5.0
8186,2.0,9,4,em_andamento,2025-10-24 12:32:15,,
8187,17.0,4,4,cancelado,2026-07-23 04:38:38,,
8188,38.0,9,2,resolvido,2025-10-12 22:32:13,2025-10-21 22:32:13,9.0
8189,8.0,7,2,em_andamento,2026-06-29 06:56:05,,
8190,6.0,4,4,aberto,2025-12-13 10:19:35,,
8191,33.0,2,1,aberto,2025-11-29 14:06:38,,
8192,44.0,10,4,em_andamento,2025-08-13 01:08:14,,
8193,20.0,3,4,resolvido,2025-12-01 02:46:55,2025-12-08 02:46:55,7.0
8194,30.0,9,4,em_andamento,2026-07-03 17:48:57,,
8195,44.0,6,3,cancelado,2026-07-05 12:01:04,,
8196,29.0,5,3,em_andamento,2025-08-20 16:18:35,,
8197,27.0,4,3,em_andamento,2026-04-04 18:16:19,,
8198,13.0,8,2,resolvido,2026-03-30 22:44:56,2026-04-03 22:44:56,4.0
8199,9.0,6,2,resolvido,2026-02-13 09:53:46,2026-02-26 09:53:46,13.0
8200,8.0,2,4,em_andamento,2025-11-28 00:17:25,,
8201,36.0,1,3,aberto,2026-05-11 21:12:11,,
8202,16.0,5,3,resolvido,2026-02-05 08:17:45,2026-02-12 08:17:45,7.0
8203,12.0,9,4,em_andamento,2025-08-27 00:46:48,,
8204,1.0,5,4,cancelado,2026-05-22 03:28:16,,
8205,31.0,7,4,cancelado,2026-01-22 20:13:16,,
8206,46.0,1,2,cancelado,2025-12-07 22:44:41,,
8207,20.0,6,4,aberto,2026-03-23 23:31:56,,
8208,47.0,3,1,cancelado,2025-12-23 12:09:12,,
8209,21.0,4,1,em_andamento,2025-10-21 14:15:53,,
8210,46.0,7,3,em_andamento,2026-01-01 22:02:47,,
8211,7.0,6,2,cancelado,2026-03-09 20:50:52,,
8212,9.0,2,1,cancelado,2025-09-18 11:59:58,,
8213,19.0,2,3,resolvido,2026-01-19 12:52:16,2026-02-01 12:52:16,13.0
8214,15.0,1,1,aberto,2026-02-07 15:36:48,,
8215,25.0,2,3,resolvido,2025-11-04 13:47:32,2025-11-07 13:47:32,3.0
8216,39.0,7,3,resolvido,2026-07-30 14:32:31,2026-08-10 14:32:31,11.0
8217,46.0,8,3,resolvido,2025-11-23 00:04:16,2025-12-02 00:04:16,9.0
8218,39.0,10,4,aberto,2026-03-26 01:18:58,,
8219,8.0,6,2,em_andamento,2026-04-19 04:02:36,,
8220,16.0,5,4,em_andamento,2025-08-30 23:05:59,,
8221,40.0,7,4,aberto,2026-04-28 19:27:41,,
8222,6.0,1,1,em_andamento,2025-08-10 22:58:55,,
8223,41.0,5,2,resolvido,2026-06-12 13:18:48,2026-06-17 13:18:48,5.0
8224,20.0,10,4,resolvido,2025-10-11 18:11:31,2025-10-17 18:11:31,6.0
8225,23.0,9,4,aberto,2025-09-30 17:45:45,,
8226,47.0,9,1,cancelado,2025-10-24 08:29:32,,
8227,33.0,7,1,em_andamento,2025-09-02 21:25:08,,
8228,8.0,6,2,cancelado,2026-01-07 01:03:33,,
8229,39.0,5,2,cancelado,2025-11-18 21:27:29,,
8230,28.0,4,2,cancelado,2025-09-07 07:13:59,,
8231,19.0,10,1,em_andamento,2025-12-04 10:43:54,,
8232,14.0,2,2,em_andamento,2025-11-24 03:39:31,,
8233,12.0,4,3,resolvido,2025-08-17 13:57:49,2025-08-19 13:57:49,2.0
8234,36.0,1,4,aberto,2025-11-05 16:56:43,,
8235,19.0,8,2,aberto,2025-10-03 03:42:19,,
8236,20.0,9,2,cancelado,2025-08-17 08:01:13,,
8237,36.0,8,3,cancelado,2026-02-15 07:38:30,,
8238,31.0,8,3,aberto,2026-04-06 11:59:31,,
8239,30.0,1,2,cancelado,2025-10-10 08:34:26,,
8240,25.0,7,3,cancelado,2025-10-18 20:27:57,,
8241,1.0,1,4,cancelado,2026-03-22 21:28:21,,
8242,46.0,3,2,em_andamento,2025-12-16 07:19:30,,
8243,8.0,3,2,aberto,2025-10-13 02:19:48,,
8244,38.0,4,4,em_andamento,2025-12-04 12:26:31,,
8245,31.0,9,3,cancelado,2026-03-31 09:51:57,,
8246,9.0,7,3,em_andamento,2026-07-05 17:24:17,,
8247,39.0,4,2,aberto,2026-06-13 11:44:16,,
8248,20.0,6,4,em_andamento,2026-07-05 18:38:00,,
8249,43.0,1,4,cancelado,2026-01-17 15:48:09,,
8250,43.0,7,1,resolvido,2026-06-14 17:46:36,2026-06-15 17:46:36,1.0
8251,7.0,3,2,resolvido,2025-10-03 07:06:15,2025-10-06 07:06:15,3.0
8252,42.0,5,2,resolvido,2025-12-14 13:35:35,2025-12-15 13:35:35,1.0
8253,38.0,9,1,aberto,2025-11-27 06:19:04,,
8254,34.0,5,4,resolvido,2026-07-06 10:59:15,2026-07-12 10:59:15,6.0
8255,7.0,3,3,em_andamento,2025-11-04 06:30:09,,
8256,8.0,1,4,em_andamento,2026-06-24 09:37:52,,
8257,30.0,9,1,cancelado,2025-10-01 20:49:59,,
8258,49.0,1,3,em_andamento,2025-08-05 15:40:40,,
8259,25.0,5,1,aberto,2026-02-05 15:48:31,,
8260,45.0,7,3,resolvido,2025-12-01 00:03:10,2025-12-13 00:03:10,12.0
8261,36.0,6,3,em_andamento,2026-01-07 01:40:20,,
8262,5.0,10,2,cancelado,2025-12-20 10:36:37,,
8263,37.0,4,1,em_andamento,2026-03-02 04:40:28,,
8264,49.0,7,2,cancelado,2025-12-03 01:06:55,,
8265,22.0,10,4,em_andamento,2025-10-11 08:22:36,,
8266,32.0,7,4,cancelado,2025-12-01 14:58:16,,
8267,34.0,8,4,cancelado,2025-08-12 15:35:35,,
8268,24.0,10,2,resolvido,2026-06-27 06:54:08,2026-07-01 06:54:08,4.0
8269,36.0,7,1,em_andamento,2025-08-18 05:13:52,,
8270,50.0,5,1,cancelado,2025-09-17 02:55:02,,
8271,17.0,10,1,resolvido,2026-05-15 03:25:11,2026-05-23 03:25:11,8.0
8272,36.0,1,3,em_andamento,2025-11-28 18:45:36,,
8273,28.0,8,2,em_andamento,2026-03-27 23:58:50,,
8274,13.0,10,1,cancelado,2026-04-23 07:09:00,,
8275,26.0,2,3,aberto,2026-03-21 07:47:28,,
8276,3.0,2,1,aberto,2025-12-26 10:04:10,,
8277,15.0,10,1,resolvido,2026-03-20 05:42:54,2026-04-03 05:42:54,14.0
8278,20.0,9,1,resolvido,2026-03-11 15:27:22,2026-03-16 15:27:22,5.0
8279,27.0,5,4,em_andamento,2026-04-25 09:39:02,,
8280,49.0,2,3,aberto,2025-09-29 10:03:49,,
8281,6.0,1,4,aberto,2026-02-04 00:25:15,,
8282,25.0,5,4,aberto,2026-03-27 02:57:10,,
8283,20.0,10,1,resolvido,2026-04-06 19:37:49,2026-04-19 19:37:49,13.0
8284,31.0,4,1,cancelado,2025-11-28 13:13:47,,
8285,30.0,10,4,cancelado,2025-10-31 17:51:26,,
8286,43.0,4,4,cancelado,2026-05-02 02:20:10,,
8287,12.0,1,4,aberto,2026-05-13 01:17:35,,
8288,3.0,3,2,cancelado,2026-05-26 12:03:59,,
8289,12.0,7,3,em_andamento,2025-09-14 10:21:51,,
8290,44.0,3,1,resolvido,2026-06-10 11:12:46,2026-06-13 11:12:46,3.0
8291,37.0,8,2,resolvido,2025-08-12 06:27:49,2025-08-18 06:27:49,6.0
8292,24.0,10,4,aberto,2026-02-23 08:31:55,,
8293,43.0,6,3,cancelado,2026-03-05 21:12:20,,
8294,40.0,4,2,cancelado,2025-10-30 23:05:02,,
8295,30.0,1,1,aberto,2026-04-29 19:52:05,,
8296,44.0,6,3,aberto,2026-04-24 06:40:46,,
8297,30.0,8,2,em_andamento,2026-02-25 17:52:48,,
8298,47.0,7,1,cancelado,2026-06-21 06:54:54,,
8299,33.0,6,4,cancelado,2026-04-30 06:45:54,,
8300,49.0,2,1,resolvido,2026-07-16 18:18:57,2026-07-20 18:18:57,4.0
8301,23.0,9,4,cancelado,2026-05-07 18:30:30,,
8302,38.0,5,2,em_andamento,2026-01-05 03:23:58,,
8303,27.0,5,3,cancelado,2026-04-19 00:41:09,,
8304,4.0,3,4,em_andamento,2025-12-26 01:16:29,,
8305,10.0,8,4,cancelado,2025-12-31 11:28:10,,
8306,43.0,7,3,cancelado,2026-05-10 07:07:58,,
8307,17.0,6,4,cancelado,2025-11-24 23:26:28,,
8308,25.0,10,3,resolvido,2025-12-19 02:13:26,2025-12-21 02:13:26,2.0
8309,29.0,2,3,resolvido,2026-03-24 15:44:48,2026-04-03 15:44:48,10.0
8310,16.0,5,4,resolvido,2025-10-03 07:54:30,2025-10-04 07:54:30,1.0
8311,21.0,1,2,resolvido,2025-08-03 00:21:48,2025-08-13 00:21:48,10.0
8312,29.0,8,2,aberto,2026-04-28 20:43:15,,
8313,36.0,5,4,resolvido,2025-09-14 04:05:17,2025-09-21 04:05:17,7.0
8314,15.0,10,3,resolvido,2025-09-28 20:28:44,2025-10-07 20:28:44,9.0
8315,23.0,5,1,cancelado,2025-08-21 06:48:23,,
8316,34.0,1,3,em_andamento,2026-04-29 05:51:54,,
8317,35.0,4,2,resolvido,2026-04-08 17:16:25,2026-04-12 17:16:25,4.0
8318,26.0,10,2,em_andamento,2025-08-30 09:33:23,,
8319,47.0,10,1,em_andamento,2026-06-26 17:24:04,,
8320,27.0,10,4,resolvido,2026-01-28 20:53:47,2026-02-08 20:53:47,11.0
8321,45.0,5,1,cancelado,2026-01-02 18:01:27,,
8322,15.0,8,2,aberto,2026-06-19 02:07:02,,
8323,18.0,2,3,aberto,2025-12-15 06:04:49,,
8324,47.0,7,2,em_andamento,2026-04-20 17:02:24,,
8325,46.0,5,1,resolvido,2025-10-29 10:10:55,2025-11-04 10:10:55,6.0
8326,7.0,1,2,cancelado,2025-09-13 11:39:45,,
8327,24.0,9,2,cancelado,2025-09-12 12:30:26,,
8328,41.0,10,4,em_andamento,2026-07-16 00:10:26,,
8329,13.0,5,4,cancelado,2026-07-08 06:27:17,,
8330,18.0,7,3,cancelado,2026-05-08 07:00:14,,
8331,28.0,1,2,em_andamento,2026-06-26 12:47:07,,
8332,9.0,8,2,cancelado,2025-11-12 05:17:09,,
8333,17.0,2,3,em_andamento,2026-04-24 21:26:37,,
8334,4.0,10,3,aberto,2025-08-25 17:45:48,,
8335,4.0,2,1,em_andamento,2026-01-31 22:13:01,,
8336,41.0,8,4,aberto,2026-02-14 03:03:31,,
8337,31.0,9,1,resolvido,2026-04-17 02:59:07,2026-04-26 02:59:07,9.0
8338,34.0,5,4,cancelado,2025-10-06 16:39:03,,
8339,37.0,8,2,em_andamento,2026-05-19 18:39:10,,
8340,16.0,1,4,aberto,2026-02-24 09:16:23,,
8341,17.0,5,2,resolvido,2025-10-15 12:02:28,2025-10-24 12:02:28,9.0
8342,29.0,6,3,cancelado,2026-07-27 13:47:05,,
8343,34.0,10,2,resolvido,2025-10-20 17:54:08,2025-11-03 17:54:08,14.0
8344,23.0,3,4,aberto,2026-02-06 18:46:28,,
8345,12.0,8,1,cancelado,2026-05-21 04:15:36,,
8346,34.0,8,3,cancelado,2025-12-04 16:53:46,,
8347,49.0,8,1,cancelado,2026-02-28 11:57:14,,
8348,6.0,9,1,em_andamento,2025-11-17 20:46:02,,
8349,39.0,3,2,cancelado,2025-11-11 23:55:57,,
8350,7.0,4,1,em_andamento,2026-07-24 02:25:39,,
8351,13.0,8,4,resolvido,2025-08-22 03:26:02,2025-08-30 03:26:02,8.0
8352,24.0,10,3,aberto,2025-08-05 05:57:39,,
8353,45.0,4,2,cancelado,2025-10-26 14:05:21,,
8354,27.0,9,4,aberto,2026-07-14 06:04:25,,
8355,22.0,9,1,cancelado,2025-11-20 15:16:28,,
8356,38.0,2,1,cancelado,2025-09-16 07:37:58,,
8357,42.0,6,1,aberto,2026-02-16 15:06:48,,
8358,28.0,5,1,cancelado,2026-03-19 15:51:03,,
8359,3.0,8,2,resolvido,2026-04-18 10:31:50,2026-04-19 10:31:50,1.0
8360,33.0,4,1,em_andamento,2026-06-05 03:51:49,,
8361,17.0,9,3,cancelado,2026-07-30 14:17:33,,
8362,14.0,7,3,resolvido,2026-05-29 20:00:12,2026-06-07 20:00:12,9.0
8363,45.0,1,3,resolvido,2026-04-01 04:30:08,2026-04-04 04:30:08,3.0
8364,33.0,1,1,em_andamento,2026-07-15 12:03:45,,
8365,8.0,8,2,cancelado,2026-04-15 09:31:58,,
8366,17.0,4,1,cancelado,2025-11-05 00:10:33,,
8367,32.0,9,3,resolvido,2025-11-23 07:22:11,2025-11-26 07:22:11,3.0
8368,17.0,5,1,resolvido,2026-05-15 13:05:27,2026-05-27 13:05:27,12.0
8369,2.0,4,2,aberto,2026-05-29 02:27:47,,
8370,30.0,6,4,aberto,2025-10-10 02:39:17,,
8371,46.0,6,2,cancelado,2026-06-27 11:56:21,,
8372,40.0,10,1,aberto,2025-12-28 21:25:33,,
8373,48.0,6,2,em_andamento,2026-05-14 22:18:27,,
8374,42.0,1,2,cancelado,2026-03-15 00:57:26,,
8375,25.0,4,2,aberto,2026-03-15 01:52:01,,
8376,39.0,3,2,resolvido,2026-05-22 09:19:06,2026-05-28 09:19:06,6.0
8377,26.0,6,3,aberto,2026-01-16 01:00:16,,
8378,16.0,1,4,aberto,2025-09-27 00:15:07,,
8379,23.0,5,1,em_andamento,2025-10-20 17:38:37,,
8380,44.0,8,2,em_andamento,2026-01-01 11:06:12,,
8381,2.0,2,2,resolvido,2026-06-13 17:39:36,2026-06-21 17:39:36,8.0
8382,21.0,1,1,resolvido,2026-01-03 01:37:27,2026-01-14 01:37:27,11.0
8383,9.0,4,1,em_andamento,2025-09-26 16:40:41,,
8384,45.0,1,4,em_andamento,2025-10-14 05:18:08,,
8385,4.0,5,1,aberto,2025-11-07 21:28:48,,
8386,37.0,4,1,resolvido,2026-01-11 21:16:46,2026-01-17 21:16:46,6.0
8387,29.0,4,3,cancelado,2025-12-17 03:57:50,,
8388,49.0,8,4,em_andamento,2025-12-18 23:11:16,,
8389,38.0,9,2,resolvido,2026-04-01 06:14:54,2026-04-11 06:14:54,10.0
8390,46.0,6,3,em_andamento,2026-07-09 16:13:44,,
8391,34.0,2,3,aberto,2025-10-14 16:04:13,,
8392,35.0,3,4,em_andamento,2025-09-03 14:33:46,,
8393,44.0,4,2,cancelado,2025-10-15 23:53:33,,
8394,18.0,3,3,aberto,2025-11-04 20:26:55,,
8395,33.0,6,2,resolvido,2026-05-16 14:34:10,2026-05-20 14:34:10,4.0
8396,27.0,9,1,resolvido,2025-11-30 18:21:27,2025-12-10 18:21:27,10.0
8397,22.0,10,1,em_andamento,2025-09-20 16:05:47,,
8398,4.0,9,1,cancelado,2026-02-22 22:29:07,,
8399,47.0,10,3,resolvido,2025-08-14 18:50:28,2025-08-20 18:50:28,6.0
8400,25.0,2,3,aberto,2025-12-22 16:21:39,,
8401,46.0,5,3,aberto,2026-02-20 13:48:09,,
8402,46.0,6,1,em_andamento,2026-03-27 10:26:50,,
8403,42.0,5,3,cancelado,2026-06-28 15:30:24,,
8404,46.0,5,1,em_andamento,2026-02-02 15:17:06,,
8405,22.0,1,4,cancelado,2026-05-26 23:45:26,,
8406,39.0,6,3,resolvido,2026-03-10 11:02:31,2026-03-21 11:02:31,11.0
8407,39.0,4,3,resolvido,2026-03-15 10:41:21,2026-03-20 10:41:21,5.0
8408,4.0,9,2,em_andamento,2025-10-19 18:10:30,,
8409,29.0,8,3,resolvido,2026-02-22 18:03:11,2026-02-28 18:03:11,6.0
8410,29.0,8,4,cancelado,2026-07-28 14:41:39,,
8411,18.0,6,2,resolvido,2025-09-06 08:33:41,2025-09-11 08:33:41,5.0
8412,9.0,4,4,em_andamento,2025-10-03 04:05:00,,
8413,19.0,10,2,cancelado,2025-10-31 02:50:32,,
8414,39.0,8,1,aberto,2026-03-27 00:39:46,,
8415,32.0,1,3,resolvido,2026-05-30 17:02:45,2026-06-12 17:02:45,13.0
8416,24.0,10,3,resolvido,2025-09-22 14:21:04,2025-09-23 14:21:04,1.0
8417,30.0,5,1,cancelado,2026-03-16 10:56:23,,
8418,28.0,3,2,resolvido,2026-02-09 22:02:05,2026-02-13 22:02:05,4.0
8419,27.0,8,1,RESOLVIDO,2026-06-10 20:41:04,,
8420,22.0,6,2,resolvido,2026-05-31 10:20:10,2026-06-14 10:20:10,14.0
8421,50.0,8,4,cancelado,2026-01-03 22:23:53,,
8422,17.0,10,1,cancelado,2026-02-25 16:52:07,,
8423,20.0,2,2,em_andamento,2026-02-20 11:43:29,,
8424,32.0,3,4,cancelado,2026-01-16 05:01:53,,
8425,24.0,4,1,resolvido,2026-02-26 11:57:11,2026-02-27 11:57:11,1.0
8426,24.0,2,2,resolvido,2026-02-01 18:27:42,2026-02-14 18:27:42,13.0
8427,41.0,1,1,resolvido,2025-08-21 08:28:57,2025-09-02 08:28:57,12.0
8428,19.0,6,3,em_andamento,2025-09-10 16:59:38,,
8429,19.0,6,3,resolvido,2026-07-19 15:53:29,2026-07-28 15:53:29,9.0
8430,28.0,3,1,cancelado,2026-07-21 19:46:41,,
8431,36.0,4,2,resolvido,2026-04-06 10:55:42,2026-04-10 10:55:42,4.0
8432,43.0,8,4,cancelado,2026-05-23 22:52:24,,
8433,33.0,1,3,aberto,2025-12-07 20:02:04,,
8434,20.0,10,1,aberto,2026-06-26 15:26:57,,
8435,33.0,7,1,resolvido,2026-02-28 15:07:14,2026-03-08 15:07:14,8.0
8436,24.0,6,4,resolvido,2026-05-17 05:21:14,2026-05-28 05:21:14,11.0
8437,50.0,3,1,cancelado,2025-12-12 10:48:06,,
8438,38.0,4,2,cancelado,2025-08-18 18:55:56,,
8439,36.0,7,1,em_andamento,2026-02-11 14:53:11,2026-02-09 14:53:11,
8440,5.0,7,1,resolvido,2025-12-01 09:49:58,2025-12-07 09:49:58,6.0
8441,6.0,1,3,resolvido,2025-08-12 13:18:26,2025-08-18 13:18:26,6.0
8442,49.0,9,2,aberto,2026-01-01 12:01:53,,
8443,6.0,2,3,em_andamento,2025-08-07 03:14:08,,
8444,12.0,1,2,cancelado,2026-07-22 19:27:16,,
8445,19.0,1,1,em_andamento,2026-05-27 21:17:17,,
8446,44.0,4,2,cancelado,2026-03-16 09:44:02,,
8447,16.0,8,1,em_andamento,2025-08-27 00:06:46,,
8448,1.0,4,4,em_andamento,2025-12-19 09:56:40,,
8449,42.0,2,2,resolvido,2025-12-27 23:17:20,2026-01-01 23:17:20,5.0
8450,34.0,2,4,cancelado,2026-05-31 03:19:13,,
8451,28.0,7,2,resolvido,2025-08-05 22:32:52,2025-08-21 22:32:52,16.0
8452,9.0,1,2,resolvido,2026-01-09 13:48:11,2026-01-14 13:48:11,5.0
8453,19.0,3,4,cancelado,2026-01-05 16:36:44,,
8454,19.0,8,3,em_andamento,2025-08-05 23:45:12,,
8455,47.0,7,3,resolvido,2026-04-11 12:38:54,2026-04-17 12:38:54,6.0
8456,2.0,5,4,em_andamento,2026-01-26 20:43:48,,
8457,50.0,3,4,cancelado,2025-08-17 23:54:54,,
8458,27.0,4,4,resolvido,2026-03-20 07:01:25,2026-03-21 07:01:25,1.0
8459,36.0,8,4,resolvido,2025-10-27 04:35:53,2025-11-02 04:35:53,6.0
8460,18.0,10,2,resolvido,2026-05-13 13:25:20,2026-05-16 13:25:20,3.0
8461,6.0,5,3,cancelado,2026-02-17 08:08:16,,
8462,40.0,4,3,em_andamento,2025-11-18 21:38:11,,
8463,6.0,6,3,cancelado,2025-11-22 14:00:25,,
8464,26.0,5,2,em_andamento,2025-12-20 23:01:24,,
8465,40.0,5,1,em_andamento,2025-09-02 02:40:53,,
8466,41.0,7,1,cancelado,2025-10-15 17:23:34,,
8467,18.0,10,4,cancelado,2025-11-02 13:39:09,,
8468,27.0,9,1,aberto,2026-05-20 15:18:39,,
8469,43.0,9,2,em_andamento,2026-02-16 01:07:53,,
8470,37.0,3,2,em_andamento,2026-07-08 10:41:34,,
8471,18.0,7,4,em_andamento,2025-11-19 11:38:19,,
8472,12.0,1,2,cancelado,2025-12-16 05:59:18,,
8473,14.0,4,4,resolvido,2026-02-09 00:03:15,2026-02-18 00:03:15,9.0
8474,4.0,7,1,em_andamento,2025-09-17 08:22:25,,
8475,33.0,7,4,resolvido,2025-12-28 00:31:37,2025-12-31 00:31:37,3.0
8476,21.0,8,2,aberto,2025-12-26 14:46:23,,
8477,17.0,6,3,cancelado,2025-10-01 04:57:24,,
8478,44.0,6,4,cancelado,2025-11-16 22:01:27,,
8479,42.0,6,4,cancelado,2026-04-17 06:23:04,,
8480,36.0,1,1,resolvido,2026-04-24 03:09:26,2026-04-25 03:09:26,1.0
8481,22.0,2,2,cancelado,2025-11-25 02:52:55,,
8482,41.0,8,4,resolvido,2025-11-30 01:33:30,2025-12-01 01:33:30,1.0
8483,17.0,4,4,em_andamento,2026-01-22 19:24:33,,
8484,11.0,8,1,resolvido,2025-12-14 12:42:51,2025-12-15 12:42:51,1.0
8485,27.0,2,3,cancelado,2026-07-14 11:56:28,,
8486,23.0,4,3,resolvido,2026-04-20 10:09:29,2026-04-27 10:09:29,7.0
8487,10.0,2,4,cancelado,2026-07-12 02:39:03,,
8488,17.0,8,1,resolvido,2026-02-26 04:52:52,2026-03-06 04:52:52,8.0
8489,9.0,1,2,resolvido,2026-06-11 14:01:59,2026-06-22 14:01:59,11.0
8490,37.0,9,3,aberto,2025-11-17 23:53:03,,
8491,22.0,7,3,aberto,2026-02-25 07:33:42,,
8492,16.0,4,3,resolvido,2026-06-03 16:48:48,2026-06-12 16:48:48,9.0
8493,4.0,9,1,resolvido,2026-06-12 02:14:39,2026-06-27 02:14:39,15.0
8494,12.0,10,4,cancelado,2026-04-21 05:39:21,,
8495,27.0,4,2,cancelado,2026-06-27 17:07:23,,
8496,43.0,10,1,resolvido,2026-07-09 15:19:53,2026-07-15 15:19:53,6.0
8497,9.0,4,2,aberto,2025-08-05 20:58:24,,
8498,1.0,7,1,aberto,2026-04-26 18:45:01,,
8499,48.0,8,1,aberto,2026-02-11 08:18:03,,
8500,24.0,3,2,aberto,2025-12-04 14:00:48,,
8501,34.0,5,3,cancelado,2026-03-08 01:45:17,,
8502,42.0,5,4,resolvido,2025-10-25 12:17:47,2025-10-31 12:17:47,6.0
8503,9.0,8,1,em_andamento,2026-07-19 08:47:13,,
8504,23.0,10,4,aberto,2026-05-08 19:51:27,,
8505,8.0,5,2,resolvido,2025-12-02 18:57:41,2025-12-08 18:57:41,6.0
8506,33.0,4,1,resolvido,2025-10-03 11:45:34,2025-10-10 11:45:34,7.0
8507,31.0,8,3,aberto,2025-12-19 12:50:07,,
8508,15.0,1,4,aberto,2026-02-04 11:06:12,,
8509,1.0,10,2,em_andamento,2026-06-26 04:23:29,,
8510,7.0,7,4,resolvido,2026-01-25 02:54:30,2026-01-31 02:54:30,6.0
8511,22.0,4,4,aberto,2026-03-07 20:04:42,,
8512,19.0,8,2,em_andamento,2026-04-16 06:52:30,,
8513,3.0,5,2,aberto,2026-01-18 15:31:00,,
8514,40.0,3,4,resolvido,2026-07-30 00:47:58,2026-08-06 00:47:58,7.0
8515,27.0,7,4,resolvido,2025-11-10 05:52:47,2025-11-18 05:52:47,8.0
8516,26.0,1,2,em_andamento,2025-10-29 03:00:50,,
8517,13.0,7,1,cancelado,2025-12-14 08:40:27,,
8518,23.0,6,1,Resolvido,2025-10-31 01:01:01,,
8519,49.0,3,3,cancelado,2025-11-02 12:16:00,,
8520,21.0,6,3,em_andamento,2026-04-06 08:00:36,,
8521,27.0,8,2,aberto,2026-02-02 05:59:15,,
8522,44.0,4,4,cancelado,2026-01-10 16:53:10,,
8523,48.0,1,2,cancelado,2026-06-05 04:16:10,,
8524,47.0,6,1,aberto,2026-04-08 10:51:56,,
8525,1.0,6,4,cancelado,2025-08-04 16:11:11,,
8526,3.0,7,1,resolvido,2025-12-15 08:26:40,2025-12-20 08:26:40,5.0
8527,5.0,3,1,aberto,2025-08-20 00:27:34,,
8528,25.0,8,2,em_andamento,2025-09-16 08:08:45,,
8529,16.0,6,2,em_andamento,2026-02-28 07:10:52,,
8530,49.0,4,1,resolvido,2026-04-12 23:21:58,2026-04-19 23:21:58,7.0
8531,18.0,9,3,resolvido,2026-04-04 15:39:14,2026-04-18 15:39:14,14.0
8532,27.0,6,4,aberto,2026-02-27 20:19:41,,
8533,29.0,10,3,em_andamento,2026-03-02 20:17:58,,
8534,10.0,2,2,aberto,2026-07-08 17:31:05,,
8535,10.0,5,2,cancelado,2026-01-26 04:25:32,,
8536,44.0,5,4,resolvido,2026-02-25 20:35:33,2026-03-02 20:35:33,5.0
8537,41.0,6,1,aberto,2026-01-07 17:59:41,,
8538,10.0,1,3,aberto,2025-09-20 18:07:29,,
8539,50.0,2,3,resolvido,2025-08-19 13:30:57,2025-08-25 13:30:57,6.0
8540,21.0,2,1,em_andamento,2025-08-06 21:11:52,,
8541,13.0,5,4,resolvido,2025-10-20 11:57:37,2025-10-26 11:57:37,6.0
8542,47.0,4,2,cancelado,2026-02-19 06:46:29,,
8543,13.0,4,1,resolvido,2026-04-28 09:45:48,2026-04-29 09:45:48,1.0
8544,45.0,5,2,cancelado,2026-05-15 10:18:55,,
8545,45.0,1,1,resolvido,2026-02-03 05:28:57,2026-02-10 05:28:57,7.0
8546,8.0,7,3,em_andamento,2026-05-13 15:56:32,,
8547,29.0,8,1,em_andamento,2025-09-17 09:02:49,,
8548,7.0,8,1,resolvido,2025-11-11 05:33:15,2025-11-16 05:33:15,5.0
8549,12.0,6,2,em_andamento,2025-08-15 09:04:22,,
8550,14.0,10,4,aberto,2026-02-14 06:14:40,,
8551,29.0,9,3,cancelado,2026-07-27 05:33:06,,
8552,34.0,2,4,cancelado,2025-08-01 05:06:58,,
8553,39.0,8,3,aberto,2026-05-18 23:28:25,,
8554,23.0,10,1,cancelado,2026-02-16 10:07:53,,
8555,48.0,4,2,aberto,2025-09-29 02:03:25,,
8556,49.0,2,1,resolvido,2026-02-12 15:53:42,2026-02-19 15:53:42,7.0
8557,47.0,6,1,cancelado,2025-12-25 04:30:24,,
8558,39.0,9,2,em_andamento,2026-01-07 09:23:32,,
8559,46.0,2,4,em_andamento,2026-06-30 13:42:27,,
8560,25.0,5,4,aberto,2026-06-29 22:22:53,,
8561,34.0,10,3,resolvido,2025-11-10 02:08:48,2025-11-20 02:08:48,10.0
8562,46.0,5,3,em_andamento,2026-02-22 12:35:14,,
8563,48.0,6,2,resolvido,2025-09-05 11:08:55,2025-09-12 11:08:55,7.0
8564,30.0,1,4,cancelado,2026-07-18 20:39:37,,
8565,24.0,1,3,cancelado,2026-03-12 08:41:09,,
8566,12.0,1,4,resolvido,2026-05-10 20:31:19,2026-05-11 20:31:19,1.0
8567,47.0,3,4,aberto,2025-08-23 21:49:13,,
8568,38.0,3,4,aberto,2026-06-24 17:41:33,,
8569,49.0,3,4,aberto,2026-05-08 15:14:17,,
8570,8.0,9,4,aberto,2026-06-28 09:38:32,,
8571,48.0,2,1,em_andamento,2025-10-07 19:45:31,,
8572,28.0,1,1,resolvido,2026-06-14 08:02:02,2026-06-23 08:02:02,9.0
8573,37.0,1,1,cancelado,2025-11-01 13:27:17,,
8574,4.0,1,2,em_andamento,2026-06-05 04:06:26,,
8575,32.0,7,2,aberto,2025-12-11 23:12:13,,
8576,23.0,9,4,cancelado,2026-03-04 23:35:52,,
8577,32.0,8,1,aberto,2026-06-28 11:37:06,,
8578,18.0,10,4,em_andamento,2026-03-26 19:41:44,,
8579,45.0,7,2,aberto,2026-05-31 03:57:43,,
8580,7.0,10,3,cancelado,2025-11-30 14:47:34,,
8581,42.0,10,4,resolvido,2026-07-10 22:40:44,2026-07-11 22:40:44,1.0
8582,29.0,4,3,resolvido,2026-05-03 14:08:27,2026-05-14 14:08:27,11.0
8583,25.0,10,1,em_andamento,2026-06-06 20:53:01,,
8584,10.0,1,3,aberto,2026-04-19 12:01:34,,
8585,14.0,6,4,em_andamento,2026-03-01 05:54:29,,
8586,47.0,10,4,resolvido,2026-07-28 21:47:16,2026-08-03 21:47:16,6.0
8587,40.0,3,3,aberto,2025-09-23 14:10:54,,
8588,4.0,8,3,aberto,2026-05-26 01:28:16,,
8589,28.0,8,3,cancelado,2025-09-01 12:04:27,,
8590,41.0,8,2,resolvido,2025-09-05 08:01:56,2025-09-06 08:01:56,1.0
8591,35.0,2,2,aberto,2026-03-31 08:15:23,,
8592,32.0,8,3,cancelado,2026-04-25 14:18:43,,
8593,19.0,8,4,em_andamento,2025-10-29 18:25:11,,
8594,24.0,10,3,resolvido,2025-08-15 03:24:18,2025-08-22 03:24:18,7.0
8595,25.0,10,4,aberto,2026-04-02 08:24:10,,
8596,12.0,6,2,aberto,2026-06-03 23:11:01,,
8597,6.0,10,2,aberto,2026-05-01 13:10:57,,
8598,45.0,7,3,cancelado,2026-03-06 18:00:02,,
8599,41.0,10,1,em_andamento,2026-01-16 00:58:31,,
8600,25.0,8,1,aberto,2025-08-14 01:22:55,,
8601,37.0,7,2,em_andamento,2025-11-01 18:30:12,,
8602,24.0,4,1,em_andamento,2026-04-03 22:01:40,,
8603,41.0,2,2,cancelado,2026-04-27 18:56:52,,
8604,36.0,4,1,resolvido,2025-11-13 08:17:14,2025-11-22 08:17:14,9.0
8605,42.0,7,2,cancelado,2026-01-18 13:01:09,,
8606,24.0,4,2,resolvido,2025-12-24 14:56:44,2026-01-01 14:56:44,8.0
8607,45.0,3,1,em_andamento,2025-11-25 06:58:20,,
8608,39.0,5,4,resolvido,2026-05-14 13:25:38,2026-05-18 13:25:38,4.0
8609,31.0,9,1,aberto,2025-11-14 06:49:46,,
8610,12.0,9,2,cancelado,2025-08-01 01:40:29,,
8611,38.0,10,2,resolvido,2026-03-09 03:04:52,2026-03-15 03:04:52,6.0
8612,15.0,10,2,em_andamento,2025-09-03 16:56:46,,
8613,9.0,10,2,aberto,2026-02-19 17:53:46,,
8614,29.0,8,4,resolvido,2025-12-05 03:49:22,2025-12-09 03:49:22,4.0
8615,1.0,4,3,cancelado,2026-04-21 20:03:14,,
8616,24.0,1,3,resolvido,2026-01-27 02:43:24,2026-02-09 02:43:24,13.0
8617,32.0,8,1,cancelado,2025-11-25 11:06:17,,
8618,20.0,4,1,em_andamento,2026-01-27 22:30:14,,
8619,43.0,5,2,resolvido,2026-06-02 23:33:44,2026-06-07 23:33:44,5.0
8620,42.0,6,2,resolvido,2026-07-08 15:38:06,2026-07-15 15:38:06,7.0
8621,5.0,2,3,cancelado,2026-04-10 14:51:40,,
8622,23.0,1,2,cancelado,2025-09-22 21:01:47,,
8623,11.0,1,3,aberto,2026-05-16 03:22:33,,
8624,47.0,4,4,resolvido,2026-02-10 18:21:28,2026-02-26 18:21:28,16.0
8625,29.0,6,4,em_andamento,2026-01-29 00:00:50,,
8626,40.0,5,2,em_andamento,2025-09-30 11:53:13,,
8627,37.0,2,4,cancelado,2026-04-06 12:43:41,,
8628,30.0,1,3,resolvido,2025-08-24 14:00:00,2025-09-05 14:00:00,12.0
8629,18.0,4,3,resolvido,2026-01-23 02:08:21,2026-01-30 02:08:21,7.0
8630,7.0,1,1,aberto,2025-12-29 03:32:38,,
8631,20.0,3,4,cancelado,2025-11-06 17:12:53,,
8632,17.0,10,2,resolvido,2026-03-02 20:59:16,2026-03-08 20:59:16,6.0
8633,8.0,1,1,aberto,2025-12-25 12:24:23,,
8634,33.0,9,4,aberto,2025-12-04 03:30:30,,
8635,14.0,3,2,resolvido,2025-11-25 11:48:13,2025-12-07 11:48:13,12.0
8636,29.0,6,2,resolvido,2026-02-11 20:53:29,2026-02-20 20:53:29,9.0
8637,5.0,2,1,resolvido,2026-05-23 04:48:34,2026-05-24 04:48:34,1.0
8638,46.0,8,1,em_andamento,2025-10-13 08:46:14,,
8639,20.0,8,3,cancelado,2025-10-16 08:51:47,,
8640,4.0,2,4,resolvido,2025-09-07 21:44:59,2025-09-18 21:44:59,11.0
8641,11.0,7,2,resolvido,2026-07-31 06:14:35,2026-08-01 06:14:35,1.0
8642,22.0,6,3,cancelado,2026-06-19 05:38:05,,
8643,11.0,1,2,aberto,2025-09-13 19:41:15,,
8644,15.0,6,3,cancelado,2026-02-17 22:21:25,,
8645,40.0,3,2,em_andamento,2026-06-01 14:37:10,,
8646,37.0,5,1,cancelado,2026-05-09 08:40:05,,
8647,6.0,8,2,resolvido,2025-12-21 22:48:21,2025-12-28 22:48:21,7.0
8648,4.0,10,3,resolvido,2026-03-16 10:32:02,2026-03-26 10:32:02,10.0
8649,31.0,1,1,cancelado,2026-03-07 11:52:47,,
8650,4.0,4,1,aberto,2026-01-13 18:36:30,,
8651,29.0,10,3,aberto,2026-01-17 00:06:48,,
8652,26.0,4,3,em_andamento,2026-03-29 05:41:07,,
8653,5.0,5,1,em_andamento,2026-01-30 22:16:21,,
8654,1.0,3,2,resolvido,2026-03-11 18:07:06,2026-03-14 18:07:06,3.0
8655,26.0,2,4,aberto,2026-04-24 11:47:19,,
8656,39.0,6,4,resolvido,2026-05-21 20:42:46,2026-05-24 20:42:46,3.0
8657,43.0,2,3,resolvido,2026-02-09 00:57:44,2026-02-18 00:57:44,9.0
8658,13.0,7,4,resolvido,2026-07-10 03:43:05,2026-07-18 03:43:05,8.0
8659,47.0,1,2,resolvido,2025-09-16 23:27:20,2025-09-28 23:27:20,12.0
8660,5.0,6,4,resolvido,2026-06-07 17:07:22,2026-06-13 17:07:22,6.0
8661,36.0,2,4,aberto,2025-10-26 04:22:08,,
8662,43.0,6,4,em_andamento,2025-12-24 02:47:50,,
8663,37.0,1,3,em_andamento,2026-04-17 22:47:25,,
8664,48.0,5,2,em_andamento,2025-10-14 06:01:01,,
8665,6.0,10,1,aberto,2026-06-03 14:17:40,,
8666,42.0,5,2,resolvido,2026-07-25 20:37:12,2026-07-28 20:37:12,3.0
8667,19.0,1,1,em_andamento,2026-02-04 09:59:21,,
8668,33.0,6,4,em_andamento,2025-10-26 02:30:52,,
8669,38.0,2,3,em_andamento,2026-05-15 16:19:17,,
8670,27.0,6,2,aberto,2026-01-26 16:29:22,,
8671,8.0,3,1,aberto,2026-07-15 00:00:03,,
8672,29.0,5,1,em_andamento,2025-12-18 05:40:04,,
8673,4.0,10,3,resolvido,2026-03-07 04:38:54,2026-03-13 04:38:54,6.0
8674,28.0,10,4,cancelado,2025-09-22 19:31:57,,
8675,24.0,10,3,aberto,2026-02-26 06:35:00,,
8676,45.0,9,2,cancelado,2026-06-10 21:28:10,,
8677,12.0,10,1,em_andamento,2025-12-30 17:50:26,,
8678,43.0,7,4,resolvido,2025-10-30 03:47:03,2025-11-15 03:47:03,16.0
8679,27.0,5,3,aberto,2025-09-06 06:39:14,,
8680,21.0,4,2,aberto,2026-07-14 07:12:27,,
8681,36.0,1,1,aberto,2025-10-06 19:12:05,,
8682,13.0,1,3,em_andamento,2025-10-19 20:18:03,,
8683,14.0,2,3,cancelado,2025-09-14 23:51:06,,
8684,35.0,3,2,resolvido,2025-11-01 13:38:26,2025-11-04 13:38:26,3.0
8685,12.0,9,3,aberto,2026-03-30 01:52:53,,
8686,47.0,3,2,resolvido,2026-01-23 03:13:28,2026-01-24 03:13:28,1.0
8687,31.0,2,2,em_andamento,2026-07-01 13:34:09,,
8688,1.0,3,3,em_andamento,2026-01-31 06:22:28,,
8689,49.0,5,2,em_andamento,2025-12-11 23:34:05,,
8690,35.0,7,4,aberto,2026-01-20 12:35:49,,
8691,29.0,8,4,aberto,2025-12-30 03:42:50,,
8692,20.0,3,2,cancelado,2026-01-20 20:28:30,,
8693,41.0,7,4,cancelado,2026-05-12 03:24:50,,
8694,20.0,1,4,cancelado,2026-03-19 06:40:46,,
8695,9.0,2,1,cancelado,2026-02-15 21:57:22,,
8696,42.0,6,2,resolvido,2026-07-24 22:32:42,2026-08-05 22:32:42,12.0
8697,45.0,1,1,em_andamento,2026-03-25 01:56:22,,
8698,14.0,1,3,aberto,2025-10-12 02:13:45,,
8699,2.0,10,4,em_andamento,2026-06-07 19:14:01,,
8700,19.0,8,2,resolvido,2026-03-23 14:11:00,2026-03-29 14:11:00,6.0
8701,19.0,2,4,em_andamento,2026-04-03 18:03:46,,
8702,38.0,3,4,cancelado,2026-06-09 09:16:22,,
8703,49.0,4,3,em_andamento,2026-04-20 09:36:42,,
8704,15.0,9,1,em_andamento,2025-12-09 12:13:52,,
8705,33.0,10,2,cancelado,2026-04-09 18:44:46,,
8706,42.0,4,2,cancelado,2026-03-18 22:06:44,,
8707,36.0,7,1,cancelado,2025-11-03 11:50:58,,
8708,48.0,1,3,em_andamento,2026-03-26 13:24:41,,
8709,42.0,4,3,cancelado,2026-01-31 07:24:58,,
8710,50.0,4,1,resolvido,2026-03-30 12:18:57,2026-04-10 12:18:57,11.0
8711,38.0,4,1,aberto,2025-09-13 00:32:34,,
8712,47.0,7,2,aberto,2025-09-05 23:26:08,,
8713,42.0,4,3,em_andamento,2026-06-19 12:57:21,,
8714,,8,1,resolvido,2026-04-17 23:41:29,2026-04-28 23:41:29,11.0
8715,42.0,1,4,cancelado,2025-11-20 00:26:54,,
8716,24.0,1,3,resolvido,2026-03-19 17:10:56,2026-03-26 17:10:56,7.0
8717,43.0,10,4,em_andamento,2026-07-14 12:00:45,,
8718,23.0,8,4,cancelado,2026-01-06 13:20:54,,
8719,46.0,7,2,aberto,2025-09-02 03:42:30,,
8720,16.0,9,1,resolvido,2025-09-30 00:29:45,2025-10-10 00:29:45,10.0
8721,40.0,5,3,resolvido,2026-04-24 11:02:01,2026-04-29 11:02:01,5.0
8722,18.0,3,2,resolvido,2026-07-04 00:44:11,2026-07-07 00:44:11,3.0
8723,13.0,4,1,resolvido,2025-11-09 11:40:26,2025-11-14 11:40:26,5.0
8724,40.0,2,3,resolvido,2026-06-14 21:38:28,2026-06-24 21:38:28,10.0
8725,43.0,6,1,aberto,2025-12-31 22:15:58,,
8726,2.0,10,4,cancelado,2026-07-30 00:28:16,,
8727,20.0,6,1,em_andamento,2026-01-17 12:38:27,,
8728,28.0,4,4,resolvido,2025-12-25 22:44:18,2026-01-03 22:44:18,9.0
8729,47.0,10,1,resolvido,2026-02-21 06:35:07,2026-02-27 06:35:07,6.0
8730,32.0,4,4,em_andamento,2026-01-25 10:27:01,,
8731,10.0,4,3,em_andamento,2025-10-17 21:31:47,,
8732,27.0,8,4,aberto,2025-10-09 17:16:49,,
8733,46.0,4,2,em_andamento,2026-06-01 08:13:02,,
8734,41.0,9,1,em_andamento,2026-05-20 00:13:16,,
8735,34.0,2,4,aberto,2025-09-15 16:01:22,,
8736,34.0,10,2,resolvido,2026-02-10 08:53:51,2026-02-13 08:53:51,3.0
8737,20.0,8,3,em_andamento,2025-08-07 02:09:10,,
8738,8.0,2,2,cancelado,2026-07-07 18:02:39,,
8739,48.0,6,4,em_andamento,2025-10-14 06:17:46,,
8740,49.0,8,2,aberto,2026-02-18 03:38:31,,
8741,6.0,5,2,em_andamento,2025-12-07 01:08:26,,
8742,7.0,1,4,em_andamento,2026-01-26 17:21:47,,
8743,16.0,1,4,resolvido,2026-04-14 20:15:23,2026-04-22 20:15:23,8.0
8744,17.0,1,1,em_andamento,2026-04-14 04:50:17,,
8745,35.0,2,1,em_andamento,2025-12-15 07:07:17,,
8746,46.0,7,3,resolvido,2025-09-12 23:36:20,2025-09-13 23:36:20,1.0
8747,46.0,2,1,aberto,2025-10-23 03:37:52,,
8748,9.0,2,2,resolvido,2026-03-30 18:55:22,2026-04-08 18:55:22,9.0
8749,35.0,2,4,aberto,2025-08-15 03:40:18,,
8750,9.0,9,3,cancelado,2025-12-28 23:48:16,,
8751,5.0,7,4,cancelado,2025-12-28 04:21:20,,
8752,42.0,4,2,aberto,2026-07-26 11:46:33,,
8753,19.0,10,4,aberto,2026-03-03 20:58:11,,
8754,14.0,3,1,resolvido,2025-10-09 21:38:58,2025-10-17 21:38:58,8.0
8755,13.0,5,4,resolvido,2025-10-03 20:24:36,2025-10-10 20:24:36,7.0
8756,20.0,3,1,aberto,2026-03-02 18:20:20,,
8757,27.0,6,1,aberto,2026-05-03 23:59:28,,
8758,2.0,5,4,aberto,2026-06-14 01:40:12,,
8759,5.0,1,3,aberto,2026-07-25 17:01:28,,
8760,13.0,2,2,resolvido,2026-03-13 02:15:20,2026-03-22 02:15:20,9.0
8761,24.0,6,4,resolvido,2025-09-17 05:22:23,2025-09-28 05:22:23,11.0
8762,49.0,3,2,em_andamento,2026-02-25 19:24:08,,
8763,39.0,6,4,cancelado,2025-12-27 05:08:39,,
8764,9.0,2,4,cancelado,2025-08-10 14:02:02,,
8765,50.0,2,4,cancelado,2026-07-16 07:31:58,,
8766,32.0,7,4,cancelado,2026-07-04 12:35:57,,
8767,24.0,2,2,cancelado,2026-02-11 20:53:40,,
8768,30.0,2,2,em_andamento,2026-03-04 09:17:03,,
8769,39.0,9,1,em_andamento,2026-02-16 20:45:34,,
8770,40.0,8,2,aberto,2025-12-25 10:32:31,,
8771,18.0,9,4,em_andamento,2025-09-16 10:20:08,,
8772,3.0,5,3,aberto,2026-07-10 23:17:09,,
8773,38.0,5,3,resolvido,2025-12-10 20:40:18,2025-12-21 20:40:18,11.0
8774,48.0,9,4,aberto,2026-05-12 06:28:02,,
8775,42.0,8,2,resolvido,2026-01-15 07:01:38,2026-01-25 07:01:38,10.0
8776,44.0,1,4,cancelado,2026-01-08 17:07:58,,
8777,50.0,5,1,em_andamento,2026-04-25 13:41:38,,
8778,41.0,2,3,cancelado,2025-09-09 23:36:11,,
8779,21.0,9,3,em_andamento,2026-04-14 07:34:22,,
8780,37.0,2,3,em_andamento,2025-12-05 20:08:45,,
8781,43.0,7,2,aberto,2025-10-09 18:42:37,,
8782,24.0,5,3,em_andamento,2026-06-30 11:22:19,,
8783,50.0,4,2,cancelado,2026-05-15 07:58:58,,
8784,6.0,10,3,resolvido,2025-08-03 02:50:53,2025-08-13 02:50:53,10.0
8785,2.0,7,2,resolvido,2025-10-26 07:07:30,2025-11-06 07:07:30,11.0
8786,1.0,3,1,cancelado,2025-10-21 03:24:29,,
8787,41.0,2,3,em_andamento,2026-03-09 12:46:53,,
8788,30.0,9,3,em_andamento,2025-09-23 01:28:54,,
8789,4.0,6,3,resolvido,2025-08-01 12:08:44,2025-08-02 12:08:44,1.0
8790,47.0,6,2,resolvido,2025-10-02 06:49:27,2025-10-07 06:49:27,5.0
8791,3.0,8,4,cancelado,2026-01-20 15:20:06,,
8792,30.0,9,2,em_andamento,2026-02-20 12:28:06,,
8793,7.0,1,1,cancelado,2026-01-21 20:45:12,,
8794,50.0,3,1,resolvido,2026-01-31 18:57:47,2026-02-16 18:57:47,16.0
8795,2.0,10,3,cancelado,2025-10-09 21:02:16,,
8796,49.0,2,1,em_andamento,2025-11-02 22:54:09,,
8797,19.0,7,1,cancelado,2026-07-02 03:11:55,,
8798,24.0,8,1,resolvido,2026-04-02 06:14:47,2026-04-15 06:14:47,13.0
8799,45.0,5,4,cancelado,2025-08-03 21:12:16,,
8800,31.0,2,4,resolvido,2025-10-18 05:02:49,2025-10-29 05:02:49,11.0
8801,18.0,3,4,em_andamento,2025-12-31 13:50:41,,
8802,50.0,5,3,cancelado,2025-08-18 02:10:46,,
8803,4.0,5,4,cancelado,2026-03-16 04:08:21,,
8804,6.0,2,1,aberto,2026-02-08 11:20:04,,
8805,33.0,8,4,aberto,2026-06-23 10:43:00,,
8806,15.0,4,2,resolvido,2026-05-31 02:54:13,2026-06-05 02:54:13,5.0
8807,19.0,5,2,aberto,2026-02-08 03:05:48,,
8808,30.0,4,2,resolvido,2026-05-01 04:35:13,2026-05-08 04:35:13,7.0
8809,25.0,7,4,resolvido,2026-06-15 01:17:12,2026-06-16 01:17:12,1.0
8810,4.0,4,1,resolvido,2026-04-27 11:30:34,2026-04-29 11:30:34,2.0
8811,15.0,9,1,cancelado,2025-09-29 06:09:17,,
8812,29.0,10,2,resolvido,2026-02-10 02:13:23,2026-02-12 02:13:23,2.0
8813,19.0,8,1,resolvido,2026-06-23 01:16:47,2026-07-02 01:16:47,9.0
8814,34.0,2,1,em_andamento,2026-07-03 04:32:34,,
8815,4.0,2,4,resolvido,2026-05-01 12:39:40,2026-05-08 12:39:40,7.0
8816,17.0,6,4,resolvido,2026-05-27 07:17:40,2026-06-06 07:17:40,10.0
8817,7.0,9,1,em_andamento,2026-06-05 21:15:42,,
8818,30.0,6,1,cancelado,2025-10-22 09:22:18,,
8819,4.0,1,2,resolvido,2025-09-19 12:08:30,2025-09-26 12:08:30,7.0
8820,18.0,4,2,resolvido,2025-10-12 19:16:20,2025-10-25 19:16:20,13.0
8821,25.0,8,3,aberto,2025-08-26 11:29:36,,
8822,45.0,6,2,cancelado,2025-08-26 03:32:30,,
8823,9.0,6,1,em_andamento,2026-02-19 18:30:44,,
8824,14.0,2,1,resolvido,2026-01-22 19:18:58,2026-01-28 19:18:58,6.0
8825,8.0,10,1,em_andamento,2025-10-10 18:58:45,,
8826,2.0,7,1,cancelado,2025-12-11 22:58:41,,
8827,7.0,4,4,em_andamento,2025-08-12 07:57:09,,
8828,4.0,1,3,em_andamento,2025-09-27 19:21:52,,
8829,12.0,2,3,resolvido,2025-10-15 07:31:02,2025-10-27 07:31:02,12.0
8830,11.0,7,4,em_andamento,2026-01-29 00:06:54,,
8831,48.0,6,2,resolvido,2026-03-20 09:44:48,2026-03-25 09:44:48,5.0
8832,28.0,2,1,cancelado,2026-07-13 06:56:16,,
8833,7.0,6,3,resolvido,2026-03-20 08:47:28,2026-03-23 08:47:28,3.0
8834,48.0,3,4,aberto,2026-02-22 07:32:48,,
8835,35.0,5,3,resolvido,2025-09-02 18:32:10,2025-09-10 18:32:10,8.0
8836,21.0,9,2,cancelado,2026-04-28 14:47:01,,
8837,34.0,3,3,aberto,2026-07-01 02:17:36,,
8838,35.0,2,3,resolvido,2026-03-25 13:11:25,2026-04-07 13:11:25,13.0
8839,3.0,3,2,em_andamento,2026-06-30 03:02:49,,
8840,13.0,6,3,em_andamento,2025-09-02 19:58:40,,
8841,23.0,9,1,em_andamento,2025-12-01 03:35:42,,
8842,43.0,6,2,aberto,2025-10-08 08:08:15,,
8843,22.0,1,4,resolvido,2025-09-01 05:48:24,2025-09-12 05:48:24,11.0
8844,43.0,9,1,cancelado,2025-10-01 19:04:44,,
8845,14.0,6,3,resolvido,2025-08-29 02:32:53,2025-09-06 02:32:53,8.0
8846,9.0,6,2,resolvido,2025-10-10 12:42:47,2025-10-15 12:42:47,5.0
8847,32.0,8,3,resolvido,2025-11-22 17:21:31,2025-11-24 17:21:31,2.0
8848,50.0,5,4,resolvido,2025-12-21 20:59:16,2025-12-28 20:59:16,7.0
8849,20.0,7,3,aberto,2025-10-02 03:57:54,,
8850,4.0,7,1,cancelado,2026-05-30 13:25:13,,
8851,37.0,9,2,cancelado,2025-08-08 05:00:26,,
8852,20.0,9,4,em_andamento,2025-11-25 04:59:45,,
8853,48.0,8,3,resolvido,2025-08-26 06:38:54,2025-08-30 06:38:54,4.0
8854,14.0,8,4,em_andamento,2026-06-27 16:44:15,,
8855,36.0,6,3,cancelado,2026-06-07 00:53:25,,
8856,2.0,10,1,em_andamento,2026-01-13 22:41:00,,
8857,8.0,1,3,aberto,2025-09-11 12:57:48,,
8858,30.0,3,3,resolvido,2026-04-01 00:37:12,2026-04-09 00:37:12,8.0
8859,13.0,10,4,aberto,2026-02-28 16:31:52,,
8860,6.0,7,1,em_andamento,2026-06-21 21:22:33,,
8861,10.0,5,4,aberto,2026-03-30 19:37:54,,
8862,29.0,10,2,cancelado,2025-12-23 19:53:54,,
8863,9.0,6,1,cancelado,2025-10-17 03:10:11,,
8864,19.0,4,1,cancelado,2025-10-30 23:31:10,,
8865,50.0,1,2,em_andamento,2025-12-23 13:32:07,,
8866,24.0,1,2,resolvido,2026-04-07 12:24:00,2026-04-10 12:24:00,3.0
8867,16.0,10,3,resolvido,2026-06-22 23:50:10,2026-07-03 23:50:10,11.0
8868,37.0,6,2,em_andamento,2025-11-10 23:35:52,,
8869,28.0,2,4,resolvido,2025-12-29 10:11:26,2026-01-03 10:11:26,5.0
8870,37.0,7,3,resolvido,2025-09-15 17:10:24,2025-09-25 17:10:24,10.0
8871,45.0,6,3,cancelado,2025-10-30 12:45:55,,
8872,47.0,9,1,em_andamento,2025-11-10 09:15:05,,
8873,29.0,4,1,cancelado,2025-12-04 14:57:59,,
8874,46.0,5,2,cancelado,2026-03-10 19:53:16,,
8875,47.0,2,2,em_andamento,2026-04-02 09:14:15,,
8876,10.0,5,1,em_andamento,2025-08-09 15:53:02,,
8877,14.0,10,2,cancelado,2025-08-09 09:04:29,,
8878,43.0,3,4,cancelado,2026-01-31 16:01:58,,
8879,7.0,8,4,resolvido,2025-12-18 12:18:31,2025-12-23 12:18:31,5.0
8880,46.0,1,3,aberto,2026-07-13 12:37:25,,
8881,18.0,7,3,resolvido,2025-08-09 03:56:55,2025-08-17 03:56:55,8.0
8882,25.0,4,1,aberto,2025-08-30 04:50:47,,
8883,2.0,6,1,em_andamento,2026-06-16 21:30:10,,
8884,46.0,3,2,aberto,2025-08-26 08:57:09,,
8885,31.0,5,3,resolvido,2026-07-27 05:09:52,2026-08-04 05:09:52,8.0
8886,11.0,9,2,cancelado,2026-03-25 17:25:09,,
8887,50.0,7,4,cancelado,2026-02-20 05:00:47,,
8888,18.0,3,2,em_andamento,2026-04-16 21:14:11,,
8889,21.0,5,2,em_andamento,2025-11-08 08:04:49,,
8890,41.0,8,2,em_andamento,2026-05-22 06:54:23,,
8891,46.0,8,2,cancelado,2026-06-26 15:41:18,,
8892,50.0,10,2,aberto,2025-12-03 21:40:43,,
8893,23.0,2,1,aberto,2026-02-02 11:57:30,,
8894,9.0,7,1,cancelado,2026-03-24 07:37:20,,
8895,29.0,3,1,resolvido,2026-05-22 15:21:07,2026-05-30 15:21:07,8.0
8896,17.0,9,4,cancelado,2025-10-13 01:22:08,,
8897,22.0,4,4,aberto,2026-06-30 16:09:28,,
8898,24.0,6,4,em_andamento,2026-02-09 04:29:40,,
8899,8.0,1,3,em_andamento,2025-09-17 19:33:28,,
8900,1.0,9,2,aberto,2025-10-15 23:58:41,,
8901,36.0,8,2,aberto,2025-08-11 20:46:12,,
8902,43.0,10,3,aberto,2025-09-04 02:12:56,,
8903,31.0,10,2,em_andamento,2026-03-11 00:58:13,,
8904,30.0,8,2,aberto,2026-04-09 16:40:56,,
8905,9.0,10,4,em_andamento,2026-04-20 22:59:26,,
8906,18.0,2,3,resolvido,2026-05-10 10:41:42,2026-05-22 10:41:42,12.0
8907,4.0,3,4,resolvido,2026-05-08 19:30:35,2026-05-09 19:30:35,1.0
8908,45.0,1,2,cancelado,2026-01-20 04:48:47,,
8909,35.0,1,1,aberto,2025-09-30 10:07:32,,
8910,31.0,3,2,aberto,2025-08-13 03:23:55,,
8911,36.0,8,1,em_andamento,2025-11-13 10:31:38,,
8912,49.0,2,3,resolvido,2026-05-07 18:25:33,2026-05-09 18:25:33,2.0
8913,,4,3,cancelado,2026-01-20 04:47:06,,
8914,50.0,1,2,em_andamento,2026-07-05 01:33:09,,
8915,14.0,2,3,cancelado,2025-12-19 17:45:00,,
8916,23.0,2,4,resolvido,2026-07-23 04:28:25,2026-07-24 04:28:25,1.0
8917,13.0,3,2,aberto,2026-07-25 22:27:39,,
8918,36.0,9,1,cancelado,2026-05-15 05:37:45,,
8919,1.0,10,3,aberto,2026-06-16 15:11:25,,
8920,30.0,6,1,em_andamento,2026-06-07 22:54:15,,
8921,47.0,5,1,em_andamento,2025-08-28 12:20:42,,
8922,2.0,1,4,cancelado,2025-09-11 21:20:15,,
8923,32.0,6,4,resolvido,2025-11-27 22:19:24,2025-12-05 22:19:24,8.0
8924,22.0,9,3,aberto,2026-06-19 04:00:21,,
8925,38.0,6,1,resolvido,2025-08-26 19:51:26,2025-08-31 19:51:26,5.0
8926,29.0,3,2,cancelado,2026-04-27 13:09:09,,
8927,27.0,10,3,cancelado,2026-03-05 02:36:40,,
8928,9.0,8,2,cancelado,2026-07-09 11:07:10,,
8929,22.0,2,1,resolvido,2026-07-05 10:25:33,2026-07-14 10:25:33,9.0
8930,50.0,3,1,resolvido,2026-02-22 16:44:12,2026-03-03 16:44:12,9.0
8931,42.0,9,3,resolvido,2025-08-23 15:19:49,2025-08-24 15:19:49,1.0
8932,3.0,5,4,em_andamento,2026-05-05 07:42:37,,
8933,7.0,8,4,resolvido,2026-06-05 22:43:30,2026-06-07 22:43:30,2.0
8934,39.0,4,3,aberto,2025-09-01 00:20:52,,
8935,28.0,7,4,resolvido,2026-03-03 03:54:32,2026-03-04 03:54:32,1.0
8936,3.0,8,4,resolvido,2026-05-01 22:12:12,2026-05-03 22:12:12,2.0
8937,40.0,2,1,aberto,2026-07-15 15:50:10,,
8938,26.0,7,4,em_andamento,2025-12-03 23:22:40,,
8939,28.0,5,1,cancelado,2025-10-22 01:12:42,,
8940,40.0,4,4,resolvido,2025-12-06 23:22:22,2025-12-12 23:22:22,6.0
8941,14.0,8,4,aberto,2025-12-25 04:08:54,,
8942,5.0,3,3,em_andamento,2026-07-04 03:11:08,,
8943,8.0,7,3,resolvido,2025-12-17 16:39:01,2025-12-21 16:39:01,4.0
8944,10.0,5,2,cancelado,2026-04-02 20:12:58,,
8945,35.0,1,3,cancelado,2026-01-30 08:32:34,,
8946,1.0,5,1,cancelado,2025-10-03 04:40:24,,
8947,41.0,10,2,cancelado,2025-09-28 05:20:49,,
8948,23.0,2,4,resolvido,2026-05-14 12:04:40,2026-05-16 12:04:40,2.0
8949,26.0,10,2,cancelado,2025-12-22 05:06:39,,
8950,45.0,10,2,aberto,2026-07-25 07:28:20,,
8951,50.0,4,2,cancelado,2025-10-30 13:08:41,,
8952,14.0,6,4,aberto,2026-01-22 23:50:10,,
8953,10.0,6,4,cancelado,2025-09-28 05:29:44,,
8954,12.0,2,2,em_andamento,2026-04-01 21:56:58,,
8955,1.0,1,3,cancelado,2025-08-09 03:09:54,,
8956,43.0,9,3,aberto,2026-04-15 04:35:59,,
8957,24.0,4,2,resolvido,2026-07-05 11:29:02,2026-07-14 11:29:02,9.0
8958,25.0,1,1,aberto,2026-04-28 08:31:09,,
8959,22.0,8,2,cancelado,2025-12-08 18:25:25,,
8960,42.0,10,1,em_andamento,2025-08-24 22:07:21,,
8961,2.0,4,3,aberto,2026-05-23 03:10:18,,
8962,16.0,7,3,em_andamento,2025-12-24 20:20:22,,
8963,9.0,10,3,cancelado,2026-07-31 13:21:39,,
8964,47.0,9,3,cancelado,2026-06-06 17:59:59,,
8965,47.0,8,1,cancelado,2025-09-29 00:35:53,,
8966,3.0,7,1,aberto,2025-09-18 07:20:43,,
8967,32.0,5,4,aberto,2026-05-24 17:45:10,,
8968,18.0,4,2,cancelado,2025-11-12 13:46:35,,
8969,3.0,1,3,aberto,2025-12-14 00:27:26,,
8970,47.0,8,3,resolvido,2025-09-12 06:24:49,2025-09-25 06:24:49,13.0
8971,13.0,7,4,aberto,2026-02-05 20:54:46,,
8972,43.0,7,2,cancelado,2026-03-13 01:30:24,,
8973,28.0,3,1,resolvido,2026-06-20 06:25:27,2026-07-01 06:25:27,11.0
8974,20.0,1,3,resolvido,2025-12-28 20:35:27,2025-12-31 20:35:27,3.0
8975,24.0,9,4,cancelado,2025-11-29 09:55:13,,
8976,8.0,9,2,resolvido,2026-06-08 10:06:06,2026-06-15 10:06:06,7.0
8977,20.0,2,3,em_andamento,2025-08-24 08:22:14,,
8978,32.0,9,3,em_andamento,2026-04-02 10:49:40,,
8979,41.0,2,3,aberto,2026-02-06 16:41:49,,
8980,47.0,10,4,em_andamento,2025-09-29 11:38:28,,
8981,27.0,4,3,em_andamento,2026-06-21 21:25:06,,
8982,6.0,3,2,em_andamento,2026-03-01 10:27:40,,
8983,46.0,4,2,aberto,2026-01-23 20:31:41,,
8984,21.0,10,1,aberto,2025-08-09 12:59:01,,
8985,30.0,2,2,em_andamento,2026-06-05 14:48:22,,
8986,43.0,1,3,resolvido,2025-08-22 11:03:28,2025-08-23 11:03:28,1.0
8987,33.0,5,3,cancelado,2025-11-24 23:45:35,,
8988,30.0,8,1,resolvido,2026-02-28 21:21:16,2026-03-09 21:21:16,9.0
8989,8.0,8,4,cancelado,2026-04-17 08:43:16,,
8990,1.0,5,3,cancelado,2025-10-03 07:49:30,,
8991,36.0,10,2,aberto,2025-10-02 14:31:42,,
8992,7.0,7,3,resolvido,2026-03-28 11:10:01,2026-03-29 11:10:01,1.0
8993,29.0,7,4,cancelado,2025-10-08 06:43:57,,
8994,49.0,7,3,cancelado,2026-04-04 10:52:41,,
8995,47.0,7,4,cancelado,2026-03-30 06:09:37,,
8996,17.0,8,4,aberto,2025-09-06 13:35:47,,
8997,36.0,6,2,aberto,2025-12-08 18:03:24,,
8998,33.0,6,2,cancelado,2026-05-02 13:36:33,,
8999,20.0,6,3,em_andamento,2026-05-22 10:12:39,,
9000,5.0,8,3,aberto,2025-08-15 18:35:24,,
9001,19.0,10,4,em_andamento,2026-05-23 21:39:18,,
9002,38.0,9,4,em_andamento,2026-04-21 01:52:12,,
9003,30.0,6,3,resolvido,2026-05-04 10:20:32,2026-05-11 10:20:32,7.0
9004,5.0,9,3,aberto,2026-06-22 05:54:50,,
9005,27.0,10,2,cancelado,2025-09-05 14:56:41,,
9006,44.0,4,4,resolvido,2025-11-07 11:39:14,2025-11-14 11:39:14,7.0
9007,3.0,1,4,cancelado,2025-11-19 05:52:00,,
9008,9.0,5,4,cancelado,2025-10-14 14:22:33,,
9009,13.0,10,1,em_andamento,2025-09-19 12:32:46,,
9010,11.0,2,3,em_andamento,2026-03-25 06:38:01,,
9011,4.0,4,1,em_andamento,2026-02-03 03:42:10,,
9012,37.0,4,2,aberto,2025-10-05 21:19:25,,
9013,6.0,2,1,resolvido,2026-04-27 09:02:31,2026-05-02 09:02:31,5.0
9014,17.0,9,3,resolvido,2025-11-03 23:37:49,2025-11-06 23:37:49,3.0
9015,34.0,8,3,resolvido,2025-08-28 22:24:27,2025-09-06 22:24:27,9.0
9016,10.0,10,4,aberto,2025-10-31 15:56:44,,
9017,22.0,2,3,em_andamento,2026-05-27 16:39:26,,
9018,27.0,10,4,resolvido,2025-11-06 15:05:47,2025-11-15 15:05:47,9.0
9019,23.0,8,2,resolvido,2025-11-07 11:49:21,2025-11-17 11:49:21,10.0
9020,37.0,9,2,cancelado,2025-09-03 05:01:32,,
9021,46.0,2,2,resolvido,2025-09-24 10:29:52,2025-10-02 10:29:52,8.0
9022,23.0,7,4,cancelado,2025-12-10 12:51:29,,
9023,16.0,4,3,cancelado,2025-12-17 13:09:01,,
9024,43.0,5,1,cancelado,2025-11-18 18:09:39,,
9025,42.0,9,2,resolvido,2025-09-22 21:10:40,2025-10-02 21:10:40,10.0
9026,3.0,2,1,cancelado,2026-06-09 05:06:15,,
9027,9.0,5,4,resolvido,2026-02-07 01:14:12,2026-02-12 01:14:12,5.0
9028,41.0,8,4,em_andamento,2026-03-07 00:20:09,,
9029,38.0,4,4,resolvido,2026-05-26 02:47:31,2026-06-05 02:47:31,10.0
9030,24.0,2,4,cancelado,2026-03-05 22:40:26,,
9031,13.0,7,4,aberto,2026-04-14 18:17:53,,
9032,6.0,1,2,cancelado,2026-01-14 21:32:02,,
9033,5.0,10,1,resolvido,2026-04-27 04:03:00,2026-05-07 04:03:00,10.0
9034,47.0,3,1,em_andamento,2025-09-16 11:16:03,,
9035,35.0,8,2,aberto,2026-01-06 19:52:20,,
9036,9.0,2,3,aberto,2026-01-02 16:32:13,,
9037,37.0,1,3,resolvido,2026-01-18 13:14:30,2026-01-24 13:14:30,6.0
9038,20.0,5,4,em_andamento,2026-07-13 03:36:11,,
9039,10.0,1,1,cancelado,2025-09-08 00:16:29,,
9040,22.0,7,4,em_andamento,2026-07-19 14:07:28,,
9041,41.0,4,2,resolvido,2026-02-28 23:31:50,2026-03-03 23:31:50,3.0
9042,3.0,9,2,resolvido,2025-10-04 21:23:04,2025-10-11 21:23:04,7.0
9043,9.0,6,2,aberto,2026-07-20 18:54:16,,
9044,18.0,1,2,aberto,2025-08-04 01:09:39,,
9045,42.0,8,3,resolvido,2026-04-16 17:28:28,2026-04-24 17:28:28,8.0
9046,39.0,9,3,aberto,2026-03-02 22:31:08,,
9047,44.0,5,2,aberto,2025-09-27 03:00:18,,
9048,10.0,5,3,em_andamento,2026-07-07 00:48:13,,
9049,49.0,6,1,cancelado,2026-06-26 01:25:34,,
9050,18.0,6,1,em_andamento,2025-09-26 15:00:04,,
9051,48.0,4,2,aberto,2026-01-27 23:55:26,,
9052,38.0,10,4,aberto,2025-11-16 19:22:32,,
9053,9.0,5,3,aberto,2025-10-19 06:35:34,,
9054,20.0,4,1,aberto,2025-10-06 14:30:36,,
9055,40.0,1,4,cancelado,2026-07-31 21:32:36,,
9056,7.0,9,2,em_andamento,2026-05-25 23:18:45,,
9057,44.0,6,2,em_andamento,2026-04-23 04:16:57,,
9058,49.0,8,4,em_andamento,2026-05-26 23:35:28,,
9059,32.0,7,3,resolvido,2026-02-22 06:14:56,2026-02-28 06:14:56,6.0
9060,29.0,3,4,resolvido,2025-09-13 19:13:20,2025-09-24 19:13:20,11.0
9061,31.0,4,3,resolvido,2026-05-18 11:57:48,2026-05-21 11:57:48,3.0
9062,19.0,8,1,em_andamento,2026-06-22 02:22:50,,
9063,25.0,7,4,aberto,2026-05-10 07:09:19,,
9064,22.0,4,2,em_andamento,2025-08-25 20:49:12,,
9065,39.0,5,2,cancelado,2026-04-30 01:54:09,,
9066,46.0,1,2,aberto,2025-08-22 01:56:18,,
9067,23.0,1,1,em_andamento,2025-08-29 21:47:38,,
9068,17.0,4,2,aberto,2026-07-28 04:33:02,,
9069,28.0,3,4,resolvido,2026-02-08 04:11:06,2026-02-23 04:11:06,15.0
9070,33.0,3,3,cancelado,2025-11-10 22:17:40,,
9071,31.0,4,2,aberto,2026-01-05 09:51:55,,
9072,9.0,10,1,em_andamento,2025-10-16 03:56:16,,
9073,29.0,2,1,em_andamento,2025-09-13 01:22:48,,
9074,29.0,6,2,resolvido,2026-06-26 06:39:40,2026-06-30 06:39:40,4.0
9075,6.0,5,2,aberto,2026-02-03 05:46:58,,
9076,48.0,2,4,em_andamento,2025-09-05 16:03:46,,
9077,12.0,1,4,resolvido,2025-11-29 05:08:55,2025-12-11 05:08:55,12.0
9078,39.0,2,1,aberto,2026-04-15 11:42:18,,
9079,46.0,5,3,em_andamento,2025-12-05 15:52:10,,
9080,26.0,5,2,cancelado,2025-09-14 01:25:15,,
9081,18.0,5,3,em_andamento,2026-03-02 00:38:02,,
9082,11.0,10,4,aberto,2025-12-16 06:00:15,,
9083,17.0,3,2,aberto,2025-10-20 18:50:13,,
9084,41.0,1,4,em_andamento,2025-12-04 03:06:10,,
9085,11.0,8,4,em_andamento,2025-12-24 08:54:21,,
9086,21.0,3,4,aberto,2025-08-21 15:12:25,,
9087,41.0,9,4,resolvido,2026-06-05 12:40:30,2026-06-11 12:40:30,6.0
9088,39.0,4,2,resolvido,2025-10-06 07:53:06,2025-10-11 07:53:06,5.0
9089,14.0,1,1,aberto,2025-08-21 05:12:41,,
9090,38.0,1,1,cancelado,2025-12-03 16:16:36,,
9091,14.0,3,3,cancelado,2026-07-17 22:09:45,,
9092,42.0,8,4,resolvido,2026-01-24 16:36:01,2026-01-30 16:36:01,6.0
9093,27.0,2,4,em_andamento,2025-11-22 18:34:56,,
9094,36.0,5,4,aberto,2026-07-07 10:28:32,,
9095,16.0,5,3,cancelado,2026-01-04 19:55:31,,
9096,41.0,4,2,em_andamento,2026-01-26 12:07:30,,
9097,46.0,5,4,resolvido,2026-02-27 16:11:23,2026-03-09 16:11:23,10.0
9098,42.0,7,3,aberto,2025-12-31 17:24:26,,
9099,22.0,5,4,em_andamento,2025-09-06 09:49:27,,
9100,22.0,2,4,resolvido,2026-05-20 02:52:33,2026-05-23 02:52:33,3.0
9101,49.0,2,3,aberto,2026-05-01 15:53:33,,
9102,47.0,8,4,cancelado,2026-07-09 07:23:55,,
9103,23.0,10,3,cancelado,2025-12-29 18:14:08,,
9104,21.0,7,1,aberto,2026-06-26 15:58:26,,
9105,41.0,4,2,cancelado,2025-12-01 09:11:21,,
9106,48.0,6,2,em_andamento,2025-12-11 17:56:53,,
9107,37.0,7,3,resolvido,2026-02-21 11:32:07,2026-02-28 11:32:07,7.0
9108,41.0,3,1,aberto,2025-10-22 15:51:26,,
9109,37.0,3,2,em_andamento,2026-06-21 08:12:49,,
9110,21.0,2,3,resolvido,2025-11-28 21:06:21,2025-11-29 21:06:21,1.0
9111,41.0,6,2,cancelado,2026-04-13 08:29:18,,
9112,42.0,3,2,cancelado,2026-01-31 20:28:47,,
9113,26.0,7,1,resolvido,2025-12-13 14:28:14,2025-12-27 14:28:14,14.0
9114,5.0,5,2,cancelado,2026-03-22 19:22:31,,
9115,20.0,4,1,em_andamento,2026-06-28 16:18:04,,
9116,40.0,8,1,aberto,2025-10-31 04:37:35,,
9117,15.0,8,2,em_andamento,2025-10-23 22:10:51,,
9118,38.0,9,2,aberto,2026-04-02 21:24:33,,
9119,2.0,10,2,resolvido,2026-02-11 20:18:18,2026-02-16 20:18:18,5.0
9120,43.0,4,2,em_andamento,2026-04-06 22:55:42,,
9121,39.0,6,1,aberto,2026-04-10 06:34:56,,
9122,46.0,5,4,em_andamento,2025-08-16 13:17:40,,
9123,36.0,5,1,cancelado,2026-05-21 09:55:55,,
9124,28.0,10,3,em_andamento,2026-06-12 10:43:50,,
9125,39.0,1,4,em_andamento,2026-03-10 11:55:25,,
9126,43.0,5,4,cancelado,2026-07-02 05:25:37,,
9127,30.0,10,1,aberto,2026-03-18 08:39:50,,
9128,29.0,9,2,resolvido,2026-05-02 10:45:11,2026-05-07 10:45:11,5.0
9129,20.0,7,4,cancelado,2026-03-11 03:01:09,,
9130,25.0,10,3,em_andamento,2026-05-13 06:26:45,,
9131,28.0,1,3,em_andamento,2026-04-24 14:44:43,,
9132,34.0,7,2,resolvido,2026-02-01 05:12:08,2026-02-08 05:12:08,7.0
9133,21.0,6,2,resolvido,2025-10-03 15:57:07,2025-10-09 15:57:07,6.0
9134,41.0,7,2,cancelado,2026-04-21 21:07:37,,
9135,12.0,7,4,em_andamento,2025-12-06 12:33:45,,
9136,14.0,3,3,cancelado,2025-08-27 22:46:22,,
9137,48.0,3,4,em_andamento,2026-07-14 06:21:25,,
9138,41.0,5,4,em_andamento,2026-02-28 09:57:18,,
9139,31.0,1,3,cancelado,2026-03-01 07:06:46,,
9140,12.0,4,2,resolvido,2025-10-02 05:29:20,2025-10-03 05:29:20,1.0
9141,28.0,7,4,aberto,2025-12-26 21:48:58,,
9142,3.0,6,1,resolvido,2025-09-26 04:21:45,2025-09-27 04:21:45,1.0
9143,39.0,7,1,aberto,2026-02-25 13:46:38,,
9144,25.0,9,4,em_andamento,2026-02-22 20:36:32,,
9145,33.0,9,4,cancelado,2026-02-28 04:27:00,,
9146,40.0,3,3,resolvido,2026-01-25 01:14:57,2026-01-26 01:14:57,1.0
9147,2.0,4,3,aberto,2025-12-01 14:31:54,,
9148,34.0,7,3,cancelado,2026-05-18 21:09:02,,
9149,6.0,4,3,resolvido,2025-09-30 00:08:10,2025-10-01 00:08:10,1.0
9150,4.0,9,2,em_andamento,2026-07-13 20:31:28,,
9151,7.0,9,2,aberto,2025-10-01 04:42:17,,
9152,8.0,7,2,resolvido,2026-05-07 10:26:34,2026-05-08 10:26:34,1.0
9153,9.0,4,4,cancelado,2025-12-08 05:10:40,,
9154,39.0,4,1,aberto,2026-01-12 04:02:05,,
9155,50.0,3,2,aberto,2026-03-16 03:18:19,,
9156,5.0,7,2,aberto,2026-07-26 11:59:59,,
9157,33.0,6,2,aberto,2025-09-09 19:55:33,,
9158,1.0,3,2,aberto,2025-11-17 19:44:13,,
9159,24.0,3,2,aberto,2025-10-17 19:47:50,,
9160,13.0,4,4,em_andamento,2025-08-19 13:12:01,,
9161,44.0,2,3,aberto,2025-10-30 05:39:05,,
9162,38.0,9,2,aberto,2026-05-30 03:45:42,,
9163,11.0,8,1,em_andamento,2025-10-31 04:58:34,,
9164,16.0,2,4,cancelado,2025-10-25 02:09:34,,
9165,12.0,1,1,em_andamento,2025-12-10 08:28:26,,
9166,40.0,6,1,em_andamento,2025-08-12 11:44:07,,
9167,7.0,8,4,resolvido,2025-11-14 08:28:46,2025-11-22 08:28:46,8.0
9168,26.0,10,1,aberto,2025-11-11 18:00:30,,
9169,45.0,1,1,aberto,2025-11-06 09:08:52,,
9170,30.0,7,3,em_andamento,2025-10-27 00:24:03,,
9171,49.0,3,3,resolvido,2025-10-03 13:17:37,2025-10-06 13:17:37,3.0
9172,14.0,9,4,aberto,2025-12-30 17:46:23,,
9173,24.0,2,3,resolvido,2026-01-16 05:25:05,2026-01-22 05:25:05,6.0
9174,47.0,8,3,cancelado,2026-03-15 18:41:59,,
9175,40.0,2,1,cancelado,2026-02-08 13:01:24,,
9176,41.0,1,4,aberto,2025-08-25 17:05:45,,
9177,9.0,8,2,em_andamento,2026-02-11 14:11:16,,
9178,3.0,5,1,aberto,2025-09-15 06:26:16,,
9179,40.0,4,1,em_andamento,2025-11-11 00:19:50,,
9180,19.0,10,1,em_andamento,2026-03-07 23:27:12,,
9181,14.0,3,1,cancelado,2025-12-06 23:02:05,,
9182,43.0,1,1,resolvido,2026-07-15 11:33:00,2026-07-27 11:33:00,12.0
9183,14.0,3,3,aberto,2025-12-27 02:29:02,,
9184,35.0,4,2,resolvido,2026-04-02 17:03:42,2026-04-03 17:03:42,1.0
9185,12.0,8,4,em_andamento,2025-08-05 15:05:37,,
9186,24.0,3,1,em_andamento,2026-07-04 21:05:17,,
9187,6.0,4,1,aberto,2026-02-13 02:17:10,,
9188,28.0,8,3,resolvido,2026-07-02 01:03:43,2026-07-14 01:03:43,12.0
9189,48.0,4,2,cancelado,2025-10-12 00:11:34,,
9190,32.0,1,1,aberto,2026-01-02 20:02:13,,
9191,26.0,8,1,aberto,2026-05-09 16:28:13,,
9192,28.0,8,4,em_andamento,2025-08-19 01:40:18,,
9193,39.0,1,2,resolvido,2026-05-01 15:11:51,2026-05-16 15:11:51,15.0
9194,7.0,6,2,cancelado,2025-08-01 13:23:06,,
9195,17.0,3,4,cancelado,2026-05-27 19:16:08,,
9196,15.0,1,2,em_andamento,2026-07-08 22:29:39,,
9197,3.0,10,3,aberto,2025-08-08 08:35:58,,
9198,31.0,6,2,aberto,2026-07-11 08:54:41,,
9199,19.0,1,3,em_andamento,2026-02-06 09:03:32,,
9200,5.0,10,3,aberto,2026-01-10 04:00:46,,
9201,4.0,6,1,cancelado,2025-09-23 01:47:48,,
9202,21.0,6,1,resolvido,2025-10-17 13:14:13,2025-10-21 13:14:13,4.0
9203,19.0,7,4,cancelado,2026-05-24 10:50:59,,
9204,4.0,4,4,resolvido,2026-07-22 13:20:51,2026-07-28 13:20:51,6.0
9205,28.0,8,4,aberto,2026-07-07 15:03:35,,
9206,47.0,1,2,aberto,2026-06-14 03:34:56,,
9207,42.0,8,4,resolvido,2026-02-16 17:20:54,2026-02-18 17:20:54,2.0
9208,22.0,9,2,resolvido,2026-04-06 07:08:45,2026-04-07 07:08:45,1.0
9209,21.0,1,1,cancelado,2025-10-03 22:48:13,,
9210,11.0,8,2,cancelado,2025-09-06 00:19:13,,
9211,42.0,10,4,em_andamento,2025-09-29 08:56:47,,
9212,47.0,3,2,aberto,2025-12-16 02:29:08,,
9213,8.0,9,2,em_andamento,2025-09-14 05:22:29,,
9214,1.0,6,1,aberto,2025-08-01 09:38:27,,
9215,49.0,3,1,em_andamento,2025-11-02 04:12:06,,
9216,17.0,1,4,em_andamento,2026-06-13 17:40:51,,
9217,25.0,9,1,aberto,2026-01-03 10:02:03,,
9218,40.0,10,1,resolvido,2025-10-31 19:48:31,2025-11-10 19:48:31,10.0
9219,26.0,6,1,aberto,2025-11-11 14:21:36,,
9220,44.0,8,3,cancelado,2026-03-24 08:51:18,,
9221,5.0,2,4,aberto,2025-09-01 06:03:33,,
9222,43.0,7,3,resolvido,2026-04-28 12:18:40,2026-05-05 12:18:40,7.0
9223,29.0,10,4,cancelado,2026-04-01 06:43:17,,
9224,13.0,2,2,resolvido,2026-07-05 03:23:07,2026-07-14 03:23:07,9.0
9225,43.0,10,1,resolvido,2025-09-17 04:25:08,2025-09-20 04:25:08,3.0
9226,41.0,5,1,em_andamento,2025-10-07 19:17:26,,
9227,35.0,9,1,aberto,2025-11-22 21:04:55,,
9228,8.0,2,3,resolvido,2025-12-12 04:22:05,2025-12-17 04:22:05,5.0
9229,45.0,7,4,cancelado,2025-08-02 03:25:29,,
9230,27.0,2,3,em_andamento,2026-06-16 19:29:50,,
9231,18.0,10,4,aberto,2025-10-19 19:00:34,,
9232,7.0,8,1,em_andamento,2026-03-17 20:24:39,,
9233,7.0,8,4,resolvido,2026-03-11 10:07:12,2026-03-13 10:07:12,2.0
9234,22.0,2,4,cancelado,2025-11-17 13:33:18,,
9235,49.0,1,2,em_andamento,2025-12-01 02:52:50,,
9236,43.0,4,1,resolvido,2026-04-08 17:44:21,2026-04-13 17:44:21,5.0
9237,15.0,5,4,em_andamento,2025-12-20 16:29:30,,
9238,29.0,8,2,resolvido,2025-08-16 08:44:36,2025-08-19 08:44:36,3.0
9239,13.0,3,1,resolvido,2026-06-09 08:04:16,2026-06-12 08:04:16,3.0
9240,12.0,9,3,cancelado,2026-07-05 17:06:45,,
9241,16.0,6,4,em_andamento,2025-09-16 00:14:52,,
9242,30.0,3,2,em_andamento,2026-07-11 03:40:51,,
9243,41.0,6,4,aberto,2026-05-22 13:18:26,,
9244,11.0,5,1,em_andamento,2026-04-02 06:39:33,,
9245,37.0,9,4,cancelado,2025-09-14 13:54:15,,
9246,13.0,10,3,cancelado,2026-02-18 21:42:24,,
9247,19.0,9,3,resolvido,2025-11-17 23:55:55,2025-11-19 23:55:55,2.0
9248,9.0,8,2,em_andamento,2026-01-23 09:31:11,,
9249,21.0,7,3,em_andamento,2026-04-21 14:21:36,,
9250,46.0,4,1,cancelado,2026-02-21 02:47:50,,
9251,43.0,8,4,em_andamento,2026-01-06 11:52:42,,
9252,10.0,8,2,resolvido,2026-01-03 05:29:29,2026-01-17 05:29:29,14.0
9253,16.0,5,1,cancelado,2025-12-04 21:08:02,,
9254,41.0,3,1,aberto,2025-11-11 01:13:07,,
9255,27.0,7,2,em_andamento,2025-08-02 04:59:19,,
9256,18.0,1,1,resolvido,2025-09-17 04:29:23,2025-09-22 04:29:23,5.0
9257,45.0,3,1,resolvido,2026-02-07 00:17:04,2026-02-11 00:17:04,4.0
9258,45.0,6,2,cancelado,2026-02-11 03:39:46,,
9259,14.0,7,2,cancelado,2026-04-21 12:41:27,,
9260,12.0,4,2,resolvido,2026-03-12 17:51:24,2026-03-20 17:51:24,8.0
9261,30.0,1,3,resolvido,2025-12-18 16:57:40,2025-12-24 16:57:40,6.0
9262,46.0,2,3,em_andamento,2026-04-08 03:13:22,,
9263,18.0,5,2,aberto,2025-11-18 06:13:34,,
9264,5.0,2,4,resolvido,2026-03-05 15:51:04,2026-03-15 15:51:04,10.0
9265,17.0,10,3,resolvido,2026-05-25 08:12:06,2026-06-04 08:12:06,10.0
9266,42.0,5,2,aberto,2026-03-08 20:44:45,,
9267,41.0,9,3,em_andamento,2026-02-20 08:40:41,,
9268,41.0,5,4,em_andamento,2026-05-03 01:59:04,,
9269,33.0,2,3,aberto,2026-04-11 21:22:07,,
9270,11.0,10,1,aberto,2025-12-15 09:02:40,,
9271,27.0,5,4,em_andamento,2025-08-03 07:52:57,,
9272,17.0,7,3,em_andamento,2026-05-06 09:13:00,,
9273,38.0,10,4,em_andamento,2026-06-01 22:07:37,,
9274,17.0,8,2,resolvido,2025-12-23 07:45:18,2025-12-29 07:45:18,6.0
9275,14.0,10,4,resolvido,2026-06-27 10:46:53,2026-07-04 10:46:53,7.0
9276,8.0,6,2,aberto,2025-08-15 01:44:18,,
9277,4.0,8,3,aberto,2025-10-16 08:57:56,,
9278,17.0,6,1,em_andamento,2025-09-16 02:59:51,,
9279,18.0,8,2,em_andamento,2026-06-15 14:44:05,,
9280,4.0,6,4,em_andamento,2026-05-30 09:17:42,,
9281,17.0,6,2,aberto,2026-07-07 16:02:45,,
9282,2.0,9,1,em_andamento,2026-02-05 02:23:05,,
9283,17.0,7,3,em_andamento,2026-01-06 22:34:07,,
9284,48.0,8,4,em_andamento,2026-03-31 08:34:13,,
9285,20.0,4,1,aberto,2026-02-05 15:28:35,,
9286,18.0,7,1,cancelado,2026-06-13 22:30:53,,
9287,27.0,10,4,aberto,2025-10-12 02:52:13,,
9288,47.0,1,4,cancelado,2026-02-02 13:44:04,,
9289,16.0,8,3,aberto,2025-12-01 21:06:36,,
9290,10.0,2,4,aberto,2026-02-28 15:50:00,,
9291,25.0,6,1,cancelado,2025-11-09 05:53:32,,
9292,5.0,5,4,aberto,2025-12-26 10:53:44,,
9293,23.0,10,1,aberto,2026-01-06 14:22:34,,
9294,7.0,3,3,aberto,2026-07-22 05:56:18,,
9295,9.0,4,1,cancelado,2025-12-18 14:35:00,,
9296,3.0,1,3,aberto,2026-07-04 19:29:24,,
9297,12.0,8,2,cancelado,2026-05-05 06:09:02,,
9298,33.0,4,2,aberto,2026-03-31 04:35:26,,
9299,12.0,1,4,aberto,2025-08-27 10:54:32,,
9300,17.0,10,3,em_andamento,2025-08-19 02:59:21,,
9301,24.0,1,4,cancelado,2026-01-09 05:27:11,,
9302,49.0,7,4,resolvido,2026-06-23 04:05:27,2026-06-24 04:05:27,1.0
9303,11.0,1,1,aberto,2026-05-28 01:56:22,,
9304,19.0,2,3,resolvido,2026-01-29 22:00:25,2026-02-07 22:00:25,9.0
9305,42.0,8,2,cancelado,2025-08-19 17:05:19,,
9306,11.0,4,4,aberto,2026-01-04 08:29:10,,
9307,46.0,6,3,em_andamento,2026-06-07 11:38:40,,
9308,34.0,6,3,cancelado,2026-01-28 17:08:44,,
9309,21.0,8,4,em_andamento,2026-03-17 23:25:55,,
9310,49.0,8,2,em_andamento,2025-10-23 10:47:23,,
9311,2.0,6,3,cancelado,2026-07-12 13:09:12,,
9312,31.0,10,4,em_andamento,2025-09-23 23:06:33,,
9313,25.0,8,4,aberto,2026-03-21 04:14:44,,
9314,31.0,5,1,aberto,2025-11-18 08:28:19,,
9315,24.0,10,2,resolvido,2026-07-20 16:06:16,2026-07-30 16:06:16,10.0
9316,47.0,9,1,resolvido,2026-07-13 01:17:44,2026-07-23 01:17:44,10.0
9317,15.0,10,1,em_andamento,2026-01-12 08:31:57,,
9318,22.0,7,1,em_andamento,2026-07-04 21:46:08,,
9319,34.0,6,4,cancelado,2026-06-15 23:44:06,,
9320,28.0,1,4,em_andamento,2026-01-17 03:15:39,,
9321,23.0,5,4,cancelado,2026-07-10 15:03:22,,
9322,2.0,8,3,aberto,2026-03-05 08:46:55,,
9323,11.0,2,1,aberto,2026-05-29 13:44:29,,
9324,33.0,5,2,cancelado,2026-05-05 17:39:02,,
9325,11.0,3,4,resolvido,2025-09-24 03:01:37,2025-10-01 03:01:37,7.0
9326,42.0,5,1,aberto,2026-02-04 05:17:49,,
9327,9.0,5,3,resolvido,2026-02-01 10:18:34,2026-02-11 10:18:34,10.0
9328,39.0,4,3,cancelado,2025-08-30 02:08:45,,
9329,24.0,4,3,em_andamento,2025-08-22 02:35:38,,
9330,18.0,4,4,cancelado,2025-11-28 16:26:09,,
9331,49.0,10,3,aberto,2026-07-21 18:21:45,,
9332,29.0,7,3,resolvido,2026-06-11 00:50:36,2026-06-19 00:50:36,8.0
9333,30.0,4,4,resolvido,2025-12-10 12:49:05,2025-12-11 12:49:05,1.0
9334,47.0,6,2,resolvido,2026-04-14 23:10:36,2026-04-18 23:10:36,4.0
9335,5.0,3,2,resolvido,2026-01-16 06:00:39,2026-01-29 06:00:39,13.0
9336,19.0,7,4,aberto,2026-05-15 04:59:11,,
9337,6.0,8,3,em_andamento,2025-12-11 18:24:34,,
9338,11.0,8,2,resolvido,2025-12-01 07:05:06,2025-12-05 07:05:06,4.0
9339,37.0,7,3,em_andamento,2026-03-08 19:25:07,,
9340,14.0,10,4,cancelado,2026-02-20 21:59:31,,
9341,17.0,10,1,em_andamento,2026-01-15 07:52:16,,
9342,4.0,4,3,resolvido,2026-07-24 22:50:30,2026-07-31 22:50:30,7.0
9343,36.0,5,1,resolvido,2025-11-29 06:26:44,2025-12-06 06:26:44,7.0
9344,37.0,2,2,resolvido,2026-06-06 20:29:23,2026-06-16 20:29:23,10.0
9345,21.0,8,3,em_andamento,2025-11-03 15:58:26,,
9346,45.0,9,3,aberto,2026-07-11 02:33:44,,
9347,46.0,4,4,cancelado,2025-08-15 14:00:44,,
9348,46.0,4,3,em_andamento,2025-10-27 21:06:54,,
9349,40.0,5,4,aberto,2026-06-08 23:16:07,,
9350,20.0,3,4,em_andamento,2026-02-12 02:45:11,,
9351,2.0,5,1,resolvido,2025-10-26 07:00:47,2025-11-06 07:00:47,11.0
9352,10.0,1,4,em_andamento,2025-09-19 19:50:57,,
9353,14.0,5,4,aberto,2026-03-13 21:15:28,,
9354,5.0,9,4,cancelado,2026-03-30 01:23:37,,
9355,13.0,8,2,em_andamento,2026-04-13 16:49:43,,
9356,42.0,7,3,em_andamento,2025-11-10 12:09:16,,
9357,43.0,4,1,resolvido,2026-05-14 06:31:46,2026-05-28 06:31:46,14.0
9358,5.0,8,1,cancelado,2025-09-25 07:13:41,,
9359,4.0,4,2,em_andamento,2026-05-26 23:05:46,,
9360,4.0,9,3,resolvido,2026-04-23 23:02:29,2026-05-05 23:02:29,12.0
9361,19.0,2,3,em_andamento,2026-07-20 03:02:17,,
9362,27.0,7,1,em_andamento,2025-09-17 05:57:23,,
9363,44.0,1,2,aberto,2026-02-07 11:00:07,,
9364,15.0,8,1,em_andamento,2026-06-13 20:30:06,,
9365,44.0,2,1,em_andamento,2026-01-29 08:00:27,,
9366,27.0,8,4,cancelado,2026-01-31 19:52:19,,
9367,30.0,8,4,em_andamento,2026-05-15 16:20:21,,
9368,27.0,6,4,cancelado,2026-02-10 05:21:38,,
9369,20.0,6,3,resolvido,2026-06-24 21:38:54,2026-06-26 21:38:54,2.0
9370,14.0,5,1,resolvido,2026-05-01 09:27:30,2026-05-15 09:27:30,14.0
9371,45.0,5,2,resolvido,2025-11-30 20:36:46,2025-12-07 20:36:46,7.0
9372,7.0,1,2,cancelado,2025-09-10 03:39:10,,
9373,40.0,4,3,resolvido,2026-01-01 14:35:25,2026-01-02 14:35:25,1.0
9374,14.0,4,1,em_andamento,2026-01-20 23:39:57,,
9375,13.0,4,2,aberto,2025-08-10 06:41:12,,
9376,14.0,6,1,resolvido,2026-03-20 06:01:59,2026-03-31 06:01:59,11.0
9377,22.0,1,4,aberto,2025-11-16 01:17:43,,
9378,10.0,7,3,aberto,2026-01-14 04:46:46,,
9379,28.0,3,4,aberto,2025-10-30 17:01:00,,
9380,25.0,8,3,aberto,2026-01-07 11:10:43,,
9381,21.0,2,3,resolvido,2025-09-09 05:46:48,2025-09-15 05:46:48,6.0
9382,33.0,8,4,em_andamento,2026-04-04 02:51:53,,
9383,7.0,7,3,em_andamento,2026-04-17 11:30:37,,
9384,48.0,5,2,cancelado,2026-07-01 09:18:48,,
9385,45.0,10,4,em_andamento,2025-12-24 22:25:49,,
9386,4.0,3,3,aberto,2026-02-26 03:33:05,,
9387,28.0,10,3,cancelado,2026-01-15 00:56:35,,
9388,11.0,6,2,aberto,2025-08-25 00:29:35,,
9389,11.0,4,3,em_andamento,2025-12-02 05:11:44,,
9390,30.0,8,1,em_andamento,2025-10-22 19:53:12,,
9391,24.0,9,2,resolvido,2026-03-17 14:42:56,2026-03-18 14:42:56,1.0
9392,39.0,2,3,resolvido,2026-02-07 11:17:26,2026-02-12 11:17:26,5.0
9393,6.0,7,3,aberto,2026-05-03 14:07:30,,
9394,48.0,10,3,resolvido,2025-11-06 14:48:08,2025-11-15 14:48:08,9.0
9395,19.0,5,4,resolvido,2026-07-08 13:25:48,2026-07-11 13:25:48,3.0
9396,50.0,6,2,em_andamento,2026-03-04 03:12:06,,
9397,38.0,1,1,resolvido,2025-10-17 09:12:28,2025-10-27 09:12:28,10.0
9398,20.0,3,4,cancelado,2026-03-13 20:53:35,,
9399,35.0,6,3,resolvido,2026-01-09 06:27:06,2026-01-17 06:27:06,8.0
9400,32.0,1,1,cancelado,2026-06-19 14:03:16,,
9401,49.0,8,3,aberto,2025-09-03 13:37:10,,
9402,8.0,5,4,cancelado,2026-07-14 06:14:34,,
9403,3.0,10,2,cancelado,2026-02-15 08:29:33,,
9404,32.0,3,3,aberto,2025-08-03 07:10:40,,
9405,48.0,3,1,aberto,2025-11-07 21:02:01,,
9406,45.0,5,1,cancelado,2026-07-04 21:17:09,,
9407,31.0,1,4,em_andamento,2025-09-13 22:16:55,,
9408,18.0,7,1,em_andamento,2026-01-30 01:43:10,,
9409,7.0,7,1,em_andamento,2026-03-17 22:09:14,,
9410,43.0,5,1,cancelado,2026-01-25 01:43:54,,
9411,38.0,10,2,aberto,2025-08-11 01:25:24,,
9412,25.0,5,3,cancelado,2025-12-14 04:13:35,,
9413,21.0,3,4,resolvido,2026-06-23 08:31:56,2026-06-29 08:31:56,6.0
9414,33.0,4,2,cancelado,2025-11-14 11:42:42,,
9415,32.0,9,3,aberto,2026-02-22 06:49:37,,
9416,23.0,1,4,cancelado,2026-05-14 19:32:04,,
9417,34.0,9,1,resolvido,2026-02-28 10:31:46,2026-03-09 10:31:46,9.0
9418,23.0,8,1,resolvido,2025-09-10 06:52:00,2025-09-14 06:52:00,4.0
9419,27.0,2,4,cancelado,2026-02-27 22:56:03,,
9420,36.0,10,3,aberto,2026-06-08 07:03:53,,
9421,37.0,4,4,em_andamento,2026-05-20 19:15:42,,
9422,25.0,5,4,aberto,2026-07-21 07:07:23,,
9423,22.0,10,3,resolvido,2026-05-02 12:50:54,2026-05-12 12:50:54,10.0
9424,8.0,7,1,aberto,2025-10-03 16:32:40,,
9425,15.0,4,3,cancelado,2026-07-10 22:53:07,,
9426,13.0,3,2,resolvido,2026-02-18 22:36:23,2026-03-04 22:36:23,14.0
9427,33.0,3,3,cancelado,2025-08-01 00:58:16,,
9428,39.0,7,1,em_andamento,2025-12-03 11:13:09,,
9429,6.0,3,4,cancelado,2025-12-25 06:35:33,,
9430,48.0,5,4,cancelado,2025-10-01 06:21:26,,
9431,36.0,5,4,cancelado,2025-09-30 22:48:33,,
9432,48.0,4,1,cancelado,2025-10-13 19:43:20,,
9433,15.0,1,3,em_andamento,2026-02-09 11:18:14,,
9434,32.0,1,3,em_andamento,2025-11-23 16:46:30,,
9435,25.0,10,2,em_andamento,2026-05-12 08:57:47,,
9436,49.0,6,1,cancelado,2026-02-05 00:33:30,,
9437,17.0,3,2,aberto,2025-09-21 12:35:00,,
9438,8.0,3,4,resolvido,2025-10-09 13:40:41,2025-10-10 13:40:41,1.0
9439,26.0,10,1,aberto,2026-03-27 00:04:13,,
9440,32.0,7,2,aberto,2026-03-16 03:38:25,,
9441,49.0,10,1,cancelado,2026-01-12 10:00:53,,
9442,16.0,8,1,resolvido,2025-09-27 06:25:04,2025-10-02 06:25:04,5.0
9443,25.0,1,4,em_andamento,2026-05-20 23:37:22,,
9444,12.0,4,1,cancelado,2025-11-08 07:39:24,,
9445,13.0,6,4,cancelado,2026-05-16 15:52:56,,
9446,14.0,6,4,cancelado,2026-03-05 13:02:58,,
9447,24.0,7,3,em_andamento,2026-01-30 02:09:31,,
9448,50.0,10,3,aberto,2026-01-21 06:26:07,,
9449,1.0,5,1,aberto,2026-04-10 05:15:55,,
9450,14.0,3,4,em_andamento,2025-10-19 11:46:27,,
9451,2.0,4,2,resolvido,2025-10-26 16:36:46,2025-10-30 16:36:46,4.0
9452,50.0,9,2,cancelado,2025-12-25 09:44:53,,
9453,20.0,7,2,resolvido,2026-04-22 15:18:17,2026-05-03 15:18:17,11.0
9454,22.0,7,1,aberto,2026-04-23 03:44:48,,
9455,36.0,9,2,aberto,2025-09-25 18:01:33,,
9456,16.0,9,1,cancelado,2026-01-19 05:25:23,,
9457,44.0,10,3,cancelado,2026-07-23 19:04:43,,
9458,9.0,2,3,em_andamento,2026-01-06 14:38:52,,
9459,42.0,2,1,aberto,2026-05-14 03:11:16,,
9460,42.0,3,1,cancelado,2025-08-02 02:20:35,,
9461,32.0,10,1,em_andamento,2026-02-10 11:19:50,,
9462,41.0,7,4,cancelado,2026-06-08 15:54:37,,
9463,26.0,4,4,resolvido,2026-06-15 03:19:31,2026-06-26 03:19:31,11.0
9464,31.0,3,1,em_andamento,2026-04-01 06:26:35,,
9465,11.0,7,3,resolvido,2025-10-13 22:59:13,2025-10-18 22:59:13,5.0
9466,44.0,8,1,em_andamento,2025-11-07 11:20:39,,
9467,43.0,10,3,aberto,2026-07-30 18:29:32,,
9468,15.0,8,3,em_andamento,2025-08-10 13:42:19,,
9469,23.0,4,1,em_andamento,2026-06-19 11:59:22,,
9470,10.0,5,3,em_andamento,2026-03-22 10:45:25,,
9471,45.0,8,3,cancelado,2025-09-30 15:54:49,,
9472,29.0,2,3,aberto,2025-11-09 03:18:56,,
9473,47.0,4,1,resolvido,2025-08-13 02:05:18,2025-08-22 02:05:18,9.0
9474,26.0,9,4,aberto,2025-09-02 16:49:08,,
9475,30.0,2,2,cancelado,2026-06-01 13:40:13,,
9476,22.0,3,3,resolvido,2025-08-04 17:22:57,2025-08-12 17:22:57,8.0
9477,33.0,6,2,em_andamento,2025-08-19 11:21:45,,
9478,33.0,9,2,aberto,2026-05-05 15:09:13,,
9479,46.0,2,3,aberto,2026-05-30 21:44:52,,
9480,18.0,10,4,cancelado,2026-01-29 20:09:56,,
9481,32.0,7,3,aberto,2026-02-01 09:59:58,,
9482,16.0,7,1,cancelado,2025-12-01 23:12:49,,
9483,23.0,8,4,resolvido,2026-05-12 10:36:19,2026-05-13 10:36:19,1.0
9484,9.0,9,2,em_andamento,2026-02-05 20:07:06,,
9485,46.0,7,1,resolvido,2025-08-21 02:57:39,2025-08-24 02:57:39,3.0
9486,37.0,1,2,resolvido,2026-03-10 19:10:06,2026-03-11 19:10:06,1.0
9487,36.0,5,3,em_andamento,2025-10-06 01:20:26,,
9488,43.0,5,3,cancelado,2025-08-30 10:39:01,,
9489,31.0,7,4,aberto,2025-12-26 12:25:10,,
9490,47.0,4,4,resolvido,2026-03-18 11:02:08,2026-03-24 11:02:08,6.0
9491,48.0,1,1,resolvido,2026-07-17 00:38:44,2026-07-23 00:38:44,6.0
9492,39.0,6,4,cancelado,2025-09-27 04:52:05,,
9493,33.0,4,2,em_andamento,2026-05-30 21:08:24,,
9494,37.0,6,2,cancelado,2025-12-18 17:09:52,,
9495,1.0,2,3,aberto,2026-01-09 15:26:02,,
9496,10.0,8,1,cancelado,2026-07-10 02:33:31,,
9497,25.0,2,3,em_andamento,2025-10-11 15:36:10,,
9498,27.0,1,4,aberto,2026-07-25 00:24:45,,
9499,29.0,3,1,em_andamento,2025-08-30 18:40:15,,
9500,2.0,4,2,aberto,2025-12-04 15:07:38,,
9501,5.0,3,1,cancelado,2026-01-05 02:57:37,,
9502,26.0,8,4,em_andamento,2025-09-07 04:36:22,,
9503,29.0,3,1,em_andamento,2025-12-08 07:03:48,,
9504,42.0,8,2,resolvido,2025-12-16 01:32:50,2025-12-23 01:32:50,7.0
9505,25.0,6,4,cancelado,2025-10-02 07:54:02,,
9506,1.0,8,1,aberto,2026-04-25 07:43:41,,
9507,23.0,7,3,cancelado,2026-07-13 07:02:53,,
9508,19.0,4,4,cancelado,2025-12-02 05:30:40,,
9509,31.0,1,3,resolvido,2025-12-02 19:20:50,2025-12-04 19:20:50,2.0
9510,26.0,8,2,em_andamento,2025-12-20 15:06:20,,
9511,5.0,7,3,aberto,2026-01-01 14:54:37,,
9512,38.0,6,3,cancelado,2025-12-16 15:19:49,,
9513,36.0,9,4,em_andamento,2025-11-03 11:30:44,,
9514,46.0,1,3,cancelado,2025-12-29 23:28:21,,
9515,35.0,2,1,em_andamento,2026-06-14 04:01:30,,
9516,22.0,4,1,em_andamento,2026-01-23 10:51:34,,
9517,38.0,3,4,cancelado,2025-09-07 01:24:38,,
9518,9.0,6,3,cancelado,2026-06-14 23:26:30,,
9519,50.0,9,1,aberto,2026-06-01 12:21:57,,
9520,37.0,6,1,resolvido,2026-05-18 21:53:26,2026-05-26 21:53:26,8.0
9521,19.0,7,1,resolvido,2025-12-27 01:16:24,2026-01-03 01:16:24,7.0
9522,39.0,8,1,aberto,2025-10-22 19:48:40,,
9523,2.0,2,1,aberto,2026-04-13 20:39:07,,
9524,29.0,4,3,resolvido,2025-12-22 10:38:13,2025-12-23 10:38:13,1.0
9525,46.0,4,3,cancelado,2026-05-06 21:09:24,,
9526,19.0,4,4,em_andamento,2026-04-15 03:01:41,,
9527,37.0,1,3,aberto,2026-01-09 23:48:20,,
9528,14.0,2,3,cancelado,2025-10-11 10:39:48,,
9529,32.0,2,2,em_andamento,2026-01-17 06:16:08,,
9530,7.0,4,1,resolvido,2026-01-21 20:41:30,2026-02-02 20:41:30,12.0
9531,19.0,3,3,em_andamento,2025-11-16 10:21:07,,
9532,23.0,2,1,aberto,2026-06-09 01:53:37,,
9533,38.0,1,2,resolvido,2025-10-30 16:33:15,2025-10-31 16:33:15,1.0
9534,1.0,10,3,em_andamento,2025-08-15 04:10:51,,
9535,43.0,10,3,aberto,2025-10-01 16:19:52,,
9536,12.0,6,4,aberto,2026-01-01 07:24:07,,
9537,47.0,4,2,em_andamento,2026-05-28 07:17:20,,
9538,36.0,9,4,cancelado,2026-04-17 21:24:20,,
9539,30.0,7,4,aberto,2026-02-18 01:32:16,,
9540,41.0,7,2,resolvido,2026-01-20 01:35:43,2026-01-22 01:35:43,2.0
9541,5.0,4,3,aberto,2026-04-29 05:33:23,,
9542,42.0,4,4,em_andamento,2026-03-11 01:27:22,,
9543,35.0,8,3,resolvido,2026-07-17 14:33:09,2026-07-21 14:33:09,4.0
9544,2.0,9,1,em_andamento,2026-02-17 22:09:58,,
9545,27.0,4,2,em_andamento,2026-05-26 02:44:09,,
9546,41.0,10,4,aberto,2025-10-29 04:21:48,,
9547,12.0,7,4,em_andamento,2025-12-11 20:26:14,,
9548,33.0,3,1,cancelado,2025-08-11 05:01:07,,
9549,8.0,6,3,aberto,2026-03-13 12:34:23,,
9550,36.0,6,1,em_andamento,2026-04-30 02:25:33,,
9551,15.0,2,1,cancelado,2026-07-17 11:52:20,,
9552,33.0,7,1,resolvido,2026-01-06 04:50:12,2026-01-07 04:50:12,1.0
9553,29.0,8,4,cancelado,2026-03-18 22:50:50,,
9554,32.0,2,2,em_andamento,2026-06-06 06:13:44,,
9555,49.0,1,2,aberto,2026-01-02 11:57:13,,
9556,10.0,9,4,resolvido,2026-06-17 00:21:28,2026-06-25 00:21:28,8.0
9557,23.0,9,2,em_andamento,2026-05-07 22:17:19,,
9558,44.0,1,2,cancelado,2026-01-10 15:30:10,,
9559,1.0,7,4,cancelado,2025-12-25 10:34:21,,
9560,34.0,8,1,em_andamento,2025-09-10 16:26:37,,
9561,18.0,10,4,em_andamento,2026-02-09 20:35:41,,
9562,25.0,6,3,cancelado,2026-03-15 14:13:12,,
9563,5.0,4,4,resolvido,2025-08-26 18:13:59,2025-08-30 18:13:59,4.0
9564,37.0,7,4,resolvido,2025-10-19 14:59:30,2025-10-25 14:59:30,6.0
9565,48.0,5,3,em_andamento,2026-03-29 15:42:22,,
9566,29.0,6,2,resolvido,2025-11-18 02:55:48,2025-11-23 02:55:48,5.0
9567,29.0,5,3,em_andamento,2026-07-01 14:58:05,,
9568,21.0,3,4,aberto,2026-04-08 19:36:45,,
9569,46.0,2,3,aberto,2026-04-29 14:05:24,,
9570,49.0,2,1,resolvido,2025-08-16 20:57:22,2025-08-22 20:57:22,6.0
9571,16.0,4,3,aberto,2026-05-12 18:52:44,,
9572,21.0,8,4,resolvido,2026-01-30 18:25:04,2026-02-01 18:25:04,2.0
9573,48.0,7,4,aberto,2026-02-22 18:31:18,,
9574,42.0,6,1,cancelado,2026-01-02 08:30:18,,
9575,49.0,9,1,em_andamento,2025-08-20 16:01:28,,
9576,33.0,4,1,em_andamento,2025-11-17 07:38:42,,
9577,17.0,7,3,aberto,2026-03-01 04:35:42,,
9578,12.0,8,3,cancelado,2026-02-07 23:00:04,,
9579,4.0,4,3,resolvido,2026-06-14 09:41:18,2026-06-16 09:41:18,2.0
9580,14.0,9,2,em_andamento,2026-03-16 04:07:51,,
9581,20.0,10,3,em_andamento,2026-02-08 20:44:55,,
9582,18.0,6,4,aberto,2026-01-17 07:20:19,,
9583,22.0,2,3,resolvido,2026-07-19 04:27:50,2026-07-30 04:27:50,11.0
9584,47.0,8,2,cancelado,2025-11-15 13:11:17,,
9585,13.0,9,1,em_andamento,2026-03-02 19:49:53,,
9586,11.0,5,2,cancelado,2026-07-19 16:35:13,,
9587,6.0,7,1,cancelado,2025-08-28 05:20:02,,
9588,50.0,3,4,cancelado,2025-08-10 13:11:44,,
9589,48.0,5,4,cancelado,2025-11-24 01:24:58,,
9590,47.0,3,2,cancelado,2026-01-24 12:21:54,,
9591,2.0,4,3,resolvido,2025-10-20 22:55:38,2025-10-21 22:55:38,1.0
9592,49.0,3,4,aberto,2025-10-16 17:12:39,,
9593,37.0,4,1,em_andamento,2026-05-03 13:27:03,,
9594,12.0,10,3,aberto,2026-05-12 04:11:35,,
9595,50.0,3,2,em_andamento,2026-06-11 14:57:06,,
9596,33.0,1,4,em_andamento,2025-12-29 00:30:01,,
9597,23.0,4,3,aberto,2026-02-01 00:11:09,,
9598,33.0,6,3,resolvido,2025-12-23 00:18:24,2025-12-31 00:18:24,8.0
9599,24.0,5,1,em_andamento,2026-02-04 13:54:15,,
9600,21.0,9,2,aberto,2026-01-17 03:00:42,,
9601,17.0,1,1,em_andamento,2025-09-26 08:42:04,,
9602,23.0,7,2,aberto,2025-09-19 01:01:10,,
9603,13.0,3,2,cancelado,2026-05-05 02:52:46,,
9604,31.0,4,3,resolvido,2026-07-11 12:28:34,2026-07-18 12:28:34,7.0
9605,29.0,10,4,resolvido,2026-06-20 11:14:44,2026-06-26 11:14:44,6.0
9606,29.0,2,4,cancelado,2025-08-14 01:29:49,,
9607,42.0,3,1,em_andamento,2025-10-27 14:18:29,,
9608,10.0,6,1,cancelado,2026-04-19 15:20:45,,
9609,12.0,9,4,resolvido,2026-05-05 11:33:08,2026-05-06 11:33:08,1.0
9610,14.0,5,4,cancelado,2025-09-16 11:48:13,,
9611,4.0,9,2,em_andamento,2026-07-15 08:22:02,,
9612,2.0,10,2,resolvido,2025-12-07 23:20:45,2025-12-20 23:20:45,13.0
9613,35.0,8,2,resolvido,2025-08-18 15:39:03,2025-08-19 15:39:03,1.0
9614,43.0,4,4,em_andamento,2026-05-07 08:09:26,,
9615,5.0,7,2,em_andamento,2026-03-16 22:30:25,,
9616,2.0,9,3,cancelado,2025-11-24 01:32:10,,
9617,3.0,2,4,em_andamento,2025-10-10 12:45:23,,
9618,48.0,7,2,aberto,2026-07-17 02:31:06,,
9619,16.0,4,4,resolvido,2025-11-06 23:21:11,2025-11-18 23:21:11,12.0
9620,39.0,1,3,cancelado,2026-07-05 14:16:20,,
9621,19.0,10,1,aberto,2026-05-04 05:23:37,,
9622,28.0,4,3,em_andamento,2026-01-28 17:53:38,,
9623,44.0,1,2,aberto,2025-10-30 10:26:20,,
9624,4.0,2,4,cancelado,2026-04-28 20:33:40,,
9625,16.0,7,4,em_andamento,2025-09-18 21:59:09,,
9626,49.0,3,3,resolvido,2026-07-01 00:33:38,2026-07-09 00:33:38,8.0
9627,19.0,1,3,cancelado,2025-08-31 10:11:40,,
9628,40.0,7,2,em_andamento,2025-09-21 15:11:37,,
9629,37.0,6,1,aberto,2025-11-13 19:23:06,,
9630,41.0,1,3,cancelado,2025-11-20 02:47:31,,
9631,6.0,1,4,cancelado,2026-01-01 17:31:57,,
9632,48.0,1,1,em_andamento,2025-12-06 13:15:31,,
9633,25.0,1,3,cancelado,2026-06-02 16:36:47,,
9634,38.0,1,1,cancelado,2026-06-18 21:30:20,,
9635,17.0,10,3,em_andamento,2025-09-25 19:03:42,,
9636,33.0,10,1,cancelado,2026-06-01 14:56:20,,
9637,9.0,5,3,aberto,2026-07-22 07:50:01,,
9638,2.0,7,4,cancelado,2026-01-02 13:53:02,,
9639,35.0,9,3,resolvido,2026-04-04 11:14:19,2026-04-08 11:14:19,4.0
9640,31.0,4,2,aberto,2025-08-22 18:08:58,,
9641,28.0,6,1,em_andamento,2026-03-10 08:11:43,,
9642,44.0,5,2,em_andamento,2025-12-11 09:22:47,,
9643,50.0,9,2,resolvido,2025-11-30 10:12:30,2025-12-06 10:12:30,6.0
9644,1.0,8,1,aberto,2026-01-15 00:34:50,,
9645,42.0,1,4,em_andamento,2025-08-11 20:48:12,,
9646,40.0,9,3,aberto,2025-08-06 01:03:16,,
9647,11.0,4,1,resolvido,2026-06-07 05:20:46,2026-06-17 05:20:46,10.0
9648,41.0,1,4,cancelado,2026-01-04 01:03:52,,
9649,29.0,2,3,resolvido,2026-07-15 17:34:58,2026-07-13 17:34:58,7.0
9650,13.0,2,4,aberto,2026-07-13 14:06:48,,
9651,17.0,8,3,resolvido,2026-03-27 09:35:11,2026-04-05 09:35:11,9.0
9652,17.0,2,2,em_andamento,2025-12-24 21:52:45,,
9653,19.0,10,2,em_andamento,2026-02-23 02:26:30,,
9654,1.0,3,1,resolvido,2026-04-25 05:22:46,2026-05-02 05:22:46,7.0
9655,33.0,10,3,em_andamento,2025-11-17 22:12:04,,
9656,8.0,8,4,aberto,2025-09-14 14:31:21,,
9657,8.0,3,4,cancelado,2025-08-15 03:15:29,,
9658,11.0,6,1,resolvido,2025-10-01 12:37:26,2025-10-05 12:37:26,4.0
9659,49.0,1,4,em_andamento,2026-07-23 06:22:53,,
9660,46.0,3,3,aberto,2026-02-10 08:55:05,,
9661,15.0,10,3,em_andamento,2026-07-24 11:18:25,,
9662,4.0,4,2,resolvido,2025-09-24 23:43:51,2025-10-07 23:43:51,13.0
9663,32.0,5,4,em_andamento,2026-01-22 23:08:12,,
9664,16.0,9,2,resolvido,2026-06-16 00:36:18,2026-06-24 00:36:18,8.0
9665,19.0,1,2,cancelado,2025-11-18 13:08:49,,
9666,42.0,7,3,resolvido,2026-07-21 18:41:39,2026-07-29 18:41:39,8.0
9667,18.0,3,3,aberto,2025-09-18 06:16:56,,
9668,13.0,4,1,cancelado,2025-08-15 23:29:20,,
9669,41.0,5,1,resolvido,2025-12-16 17:18:51,2025-12-28 17:18:51,12.0
9670,36.0,7,2,em_andamento,2026-06-26 21:43:17,,
9671,38.0,1,3,aberto,2025-12-01 15:24:10,,
9672,22.0,1,3,cancelado,2025-09-10 21:29:52,,
9673,43.0,2,3,aberto,2026-04-21 14:30:41,,
9674,21.0,2,2,em_andamento,2025-11-14 05:36:16,,
9675,30.0,8,2,aberto,2026-03-04 10:10:04,,
9676,4.0,10,1,cancelado,2026-02-22 19:59:52,,
9677,17.0,5,3,cancelado,2026-03-23 23:41:45,,
9678,37.0,4,1,aberto,2026-05-06 14:00:33,,
9679,31.0,2,4,resolvido,2025-09-29 11:43:56,2025-10-06 11:43:56,7.0
9680,13.0,5,3,cancelado,2025-08-20 11:44:51,,
9681,34.0,9,3,cancelado,2025-10-24 19:56:34,,
9682,22.0,8,2,cancelado,2025-11-24 08:09:28,,
9683,19.0,5,4,cancelado,2026-04-25 08:28:46,,
9684,25.0,1,4,em_andamento,2026-03-26 00:00:43,,
9685,15.0,7,4,aberto,2026-06-30 01:04:06,,
9686,50.0,5,4,resolvido,2026-07-29 06:28:39,2026-08-04 06:28:39,6.0
9687,7.0,3,1,aberto,2025-12-10 16:23:55,,
9688,35.0,1,2,cancelado,2026-05-08 23:39:50,,
9689,34.0,10,2,em_andamento,2026-01-19 03:23:18,,
9690,23.0,3,3,aberto,2026-01-29 18:55:41,,
9691,20.0,4,2,resolvido,2026-01-03 05:33:24,2026-01-10 05:33:24,7.0
9692,26.0,10,3,cancelado,2026-07-08 15:56:47,,
9693,29.0,6,2,cancelado,2025-10-21 20:16:23,,
9694,27.0,9,3,aberto,2025-09-13 10:19:16,,
9695,14.0,2,4,em_andamento,2025-11-04 20:23:42,,
9696,26.0,8,1,cancelado,2025-08-11 11:10:16,,
9697,21.0,3,3,aberto,2026-06-30 11:12:20,,
9698,16.0,6,2,cancelado,2025-08-18 18:20:26,,
9699,25.0,5,2,em_andamento,2025-11-18 00:05:26,,
9700,49.0,10,2,aberto,2026-06-12 09:08:46,,
9701,14.0,10,3,em_andamento,2026-04-26 22:44:06,,
9702,39.0,6,2,cancelado,2026-03-16 17:41:30,,
9703,3.0,9,3,em_andamento,2026-01-19 16:59:29,,
9704,12.0,10,4,em_andamento,2026-07-30 14:58:21,,
9705,19.0,1,1,aberto,2026-01-12 14:06:09,,
9706,17.0,10,4,resolvido,2025-09-18 10:03:45,2025-09-25 10:03:45,7.0
9707,30.0,6,3,cancelado,2026-06-19 11:15:13,,
9708,13.0,8,4,aberto,2025-12-30 06:01:21,,
9709,18.0,10,1,cancelado,2026-02-22 10:01:48,,
9710,30.0,9,1,resolvido,2025-11-04 12:43:13,2025-11-06 12:43:13,2.0
9711,22.0,10,4,cancelado,2025-11-14 21:22:42,,
9712,15.0,10,4,aberto,2025-11-10 13:24:38,,
9713,50.0,1,2,resolvido,2026-01-27 18:18:10,2026-02-08 18:18:10,12.0
9714,2.0,6,4,em_andamento,2025-08-13 21:22:59,,
9715,26.0,9,1,aberto,2026-05-09 00:18:58,,
9716,34.0,1,3,aberto,2025-12-19 01:33:10,,
9717,46.0,8,3,cancelado,2026-03-30 16:03:09,,
9718,40.0,5,2,aberto,2026-01-06 20:01:58,,
9719,31.0,3,1,cancelado,2026-04-07 08:53:28,,
9720,43.0,8,1,cancelado,2026-03-18 09:09:49,,
9721,37.0,10,1,cancelado,2026-04-30 07:21:54,,
9722,21.0,9,4,em_andamento,2026-05-25 19:40:50,,
9723,15.0,7,2,resolvido,2025-10-13 23:02:35,2025-10-20 23:02:35,7.0
9724,17.0,9,3,cancelado,2026-07-25 01:34:14,,
9725,36.0,7,4,aberto,2026-04-11 23:46:39,,
9726,10.0,7,3,cancelado,2025-11-18 11:55:21,,
9727,45.0,3,1,em_andamento,2026-01-20 05:33:46,,
9728,50.0,10,1,em_andamento,2025-10-29 21:23:27,,
9729,32.0,9,3,em_andamento,2025-10-14 16:41:46,,
9730,17.0,10,1,cancelado,2026-02-03 04:28:46,,
9731,2.0,9,3,aberto,2026-05-09 11:17:24,,
9732,47.0,6,3,resolvido,2025-12-05 03:14:39,2025-12-09 03:14:39,4.0
9733,13.0,8,2,aberto,2025-11-06 04:39:49,,
9734,46.0,5,2,cancelado,2025-08-31 13:04:15,,
9735,27.0,4,1,resolvido,2026-05-31 07:13:13,2026-06-04 07:13:13,4.0
9736,32.0,1,4,aberto,2026-07-22 01:39:34,,
9737,28.0,10,3,resolvido,2026-01-11 01:47:12,2026-01-20 01:47:12,9.0
9738,36.0,2,3,resolvido,2026-04-18 05:55:14,2026-04-26 05:55:14,8.0
9739,47.0,5,1,cancelado,2025-09-24 18:26:18,,
9740,24.0,7,1,em_andamento,2026-07-26 15:45:25,,
9741,16.0,2,1,cancelado,2026-06-21 23:02:34,,
9742,20.0,1,4,cancelado,2026-05-23 01:45:45,,
9743,11.0,10,4,em_andamento,2025-10-21 21:41:58,,
9744,12.0,9,3,resolvido,2025-08-14 22:39:07,2025-08-21 22:39:07,7.0
9745,10.0,8,2,resolvido,2025-10-07 01:46:28,2025-10-13 01:46:28,6.0
9746,32.0,10,2,resolvido,2025-12-14 15:42:08,2025-12-26 15:42:08,12.0
9747,8.0,10,4,em_andamento,2026-07-09 16:34:45,,
9748,27.0,7,3,resolvido,2026-06-07 09:10:56,2026-06-08 09:10:56,1.0
9749,33.0,8,2,cancelado,2025-09-29 03:23:26,,
9750,5.0,1,3,em_andamento,2026-06-05 10:03:46,,
9751,38.0,3,3,aberto,2025-08-05 00:26:17,,
9752,28.0,8,4,aberto,2026-01-20 11:11:54,,
9753,36.0,6,2,cancelado,2025-08-05 13:37:21,,
9754,1.0,2,4,resolvido,2026-05-10 11:37:17,2026-05-20 11:37:17,10.0
9755,15.0,1,3,aberto,2025-12-08 15:37:06,,
9756,11.0,6,4,aberto,2026-01-25 23:31:52,,
9757,3.0,5,1,em_andamento,2025-08-23 13:22:28,,
9758,7.0,7,4,cancelado,2026-03-15 10:27:29,,
9759,30.0,6,2,cancelado,2025-10-08 18:28:18,,
9760,50.0,1,4,aberto,2026-03-22 00:59:24,,
9761,10.0,8,4,aberto,2026-02-21 22:18:34,,
9762,29.0,7,2,resolvido,2025-08-01 18:02:03,2025-08-16 18:02:03,15.0
9763,49.0,5,2,cancelado,2026-06-15 17:09:36,,
9764,11.0,10,1,resolvido,2026-07-20 04:45:00,2026-07-27 04:45:00,7.0
9765,14.0,9,1,cancelado,2025-08-10 12:42:47,,
9766,47.0,7,4,cancelado,2025-08-11 22:22:13,,
9767,9.0,3,4,aberto,2026-04-22 00:41:31,,
9768,10.0,6,3,em_andamento,2025-09-25 14:43:17,,
9769,5.0,7,2,aberto,2026-04-19 23:59:19,,
9770,21.0,9,3,cancelado,2026-03-16 20:20:03,,
9771,18.0,8,2,resolvido,2025-09-28 22:21:45,2025-09-29 22:21:45,1.0
9772,25.0,8,2,aberto,2025-12-24 15:13:19,,
9773,44.0,4,4,aberto,2025-10-21 17:34:29,,
9774,26.0,2,3,resolvido,2026-07-24 10:29:58,2026-08-03 10:29:58,10.0
9775,3.0,3,4,aberto,2026-04-18 22:48:00,,
9776,16.0,5,1,cancelado,2026-05-14 02:38:06,,
9777,15.0,2,2,em_andamento,2026-02-07 08:44:14,,
9778,50.0,1,4,cancelado,2026-01-08 22:15:48,,
9779,29.0,7,4,resolvido,2026-03-30 15:44:58,2026-04-05 15:44:58,6.0
9780,15.0,3,3,em_andamento,2025-11-11 06:25:44,,
9781,41.0,2,4,resolvido,2026-04-24 16:20:07,2026-05-01 16:20:07,7.0
9782,15.0,6,2,em_andamento,2026-07-29 06:12:59,,
9783,33.0,7,1,cancelado,2026-06-25 12:30:52,,
9784,36.0,1,3,aberto,2026-04-01 01:49:21,,
9785,16.0,9,1,resolvido,2026-05-31 05:15:35,2026-06-04 05:15:35,4.0
9786,15.0,7,4,cancelado,2026-07-29 15:51:35,,
9787,19.0,6,3,resolvido,2026-03-11 16:48:14,2026-03-18 16:48:14,7.0
9788,9.0,7,1,resolvido,2026-03-11 05:47:55,2026-03-21 05:47:55,10.0
9789,48.0,6,3,cancelado,2026-01-22 05:52:51,,
9790,1.0,6,2,resolvido,2025-12-11 03:20:58,2025-12-20 03:20:58,9.0
9791,3.0,9,4,cancelado,2025-08-19 23:52:23,,
9792,18.0,5,1,em_andamento,2025-08-15 04:13:55,,
9793,50.0,4,3,cancelado,2026-05-31 14:32:11,,
9794,42.0,3,3,cancelado,2025-08-20 11:48:18,,
9795,39.0,3,4,em_andamento,2026-03-17 02:08:14,,
9796,21.0,7,1,aberto,2026-03-25 02:40:03,,
9797,25.0,3,3,resolvido,2025-11-10 21:04:03,2025-11-18 21:04:03,8.0
9798,49.0,10,4,resolvido,2026-01-04 01:19:06,2026-01-11 01:19:06,7.0
9799,5.0,10,2,cancelado,2026-01-15 10:37:12,,
9800,34.0,5,3,em_andamento,2026-04-26 15:59:14,,
9801,5.0,3,4,em_andamento,2026-01-29 10:52:53,,
9802,18.0,5,3,aberto,2026-04-24 08:26:41,,
9803,43.0,2,4,cancelado,2025-11-30 04:02:34,,
9804,45.0,3,1,em_andamento,2026-03-24 18:20:37,,
9805,18.0,7,1,cancelado,2026-06-25 18:03:13,,
9806,18.0,7,1,resolvido,2026-04-21 06:30:02,2026-05-01 06:30:02,10.0
9807,28.0,6,2,em_andamento,2026-04-06 10:57:12,,
9808,10.0,3,3,cancelado,2026-01-15 16:28:19,,
9809,3.0,9,1,aberto,2026-06-10 03:55:09,,
9810,7.0,5,1,em_andamento,2026-06-30 15:01:31,,
9811,38.0,8,1,resolvido,2025-10-07 16:08:54,2025-10-18 16:08:54,11.0
9812,3.0,9,3,em_andamento,2026-06-02 14:46:06,,
9813,29.0,5,1,em_andamento,2025-08-24 05:07:24,,
9814,26.0,9,1,cancelado,2026-03-28 19:42:24,,
9815,49.0,10,2,aberto,2026-06-15 12:03:09,,
9816,47.0,1,1,resolvido,2026-06-30 19:22:32,2026-07-01 19:22:32,1.0
9817,39.0,1,3,aberto,2025-08-24 16:00:32,,
9818,35.0,2,3,aberto,2026-03-22 00:23:29,,
9819,13.0,4,3,aberto,2025-10-02 00:51:31,,
9820,22.0,1,1,aberto,2026-06-10 17:56:26,,
9821,22.0,7,2,resolvido,2026-02-10 11:20:00,2026-02-16 11:20:00,6.0
9822,42.0,9,4,aberto,2026-05-02 11:12:57,,
9823,41.0,3,1,em_andamento,2026-03-10 04:01:59,,
9824,5.0,2,4,cancelado,2026-06-26 03:53:08,,
9825,37.0,5,4,aberto,2026-05-11 11:11:33,,
9826,9.0,2,2,resolvido,2026-07-25 12:16:04,2026-08-09 12:16:04,15.0
9827,28.0,5,2,aberto,2025-11-21 20:29:05,,
9828,10.0,6,2,cancelado,2026-07-09 18:08:42,,
9829,50.0,3,1,cancelado,2025-11-25 01:29:39,,
9830,18.0,10,3,resolvido,2026-07-06 20:46:21,2026-07-07 20:46:21,1.0
9831,39.0,2,2,cancelado,2025-09-14 11:36:43,,
9832,1.0,10,2,aberto,2025-09-19 03:59:15,,
9833,16.0,4,1,resolvido,2026-01-17 06:54:14,2026-01-23 06:54:14,6.0
9834,44.0,6,4,aberto,2025-11-12 06:35:05,,
9835,49.0,7,4,resolvido,2025-11-28 01:27:12,2025-12-01 01:27:12,3.0
9836,32.0,9,1,em_andamento,2026-01-15 21:20:17,,
9837,2.0,5,3,aberto,2025-10-28 16:02:23,,
9838,20.0,4,4,resolvido,2026-04-22 13:36:00,2026-04-26 13:36:00,4.0
9839,23.0,1,4,em_andamento,2026-07-17 09:49:56,,
9840,47.0,10,3,em_andamento,2026-07-14 22:22:32,,
9841,9.0,3,2,aberto,2025-12-01 19:44:14,,
9842,31.0,3,3,cancelado,2025-11-11 15:25:57,,
9843,25.0,5,1,em_andamento,2025-09-29 16:18:51,,
9844,27.0,2,2,resolvido,2026-05-18 22:52:18,2026-05-21 22:52:18,3.0
9845,50.0,6,4,resolvido,2025-12-10 19:15:37,2025-12-15 19:15:37,5.0
9846,33.0,1,3,em_andamento,2026-02-20 18:24:07,,
9847,37.0,4,3,aberto,2026-02-10 07:37:48,,
9848,34.0,4,3,resolvido,2025-10-10 11:25:15,2025-10-20 11:25:15,10.0
9849,41.0,5,2,cancelado,2026-04-26 03:20:31,,
9850,33.0,9,3,aberto,2026-04-25 05:50:43,,
9851,38.0,3,1,cancelado,2026-02-10 23:59:20,,
9852,40.0,7,3,cancelado,2025-12-20 16:26:36,,
9853,40.0,4,2,resolvido,2026-07-21 09:51:17,2026-07-25 09:51:17,4.0
9854,10.0,8,4,em_andamento,2026-07-11 17:55:48,,
9855,9.0,4,4,em_andamento,2026-07-26 15:45:30,,
9856,6.0,3,4,resolvido,2026-02-16 23:45:12,2026-02-18 23:45:12,2.0
9857,15.0,5,1,em_andamento,2026-03-09 13:28:29,,
9858,40.0,10,3,resolvido,2026-01-10 20:33:36,2026-01-14 20:33:36,4.0
9859,36.0,1,2,em_andamento,2026-05-31 05:58:46,,
9860,33.0,1,1,cancelado,2026-02-23 12:52:49,,
9861,32.0,2,1,cancelado,2026-05-23 13:13:39,,
9862,9.0,10,3,resolvido,2025-08-22 22:38:20,2025-08-25 22:38:20,3.0
9863,2.0,3,4,resolvido,2025-11-28 13:32:05,2025-12-04 13:32:05,6.0
9864,24.0,4,3,aberto,2026-06-09 12:22:46,,
9865,42.0,5,2,aberto,2026-03-24 16:51:12,,
9866,2.0,4,2,em_andamento,2025-09-26 04:14:48,,
9867,48.0,2,4,cancelado,2026-02-16 23:04:58,,
9868,30.0,10,1,cancelado,2026-07-27 21:11:11,,
9869,28.0,8,3,cancelado,2025-12-18 10:31:10,,
9870,31.0,3,1,aberto,2026-04-16 20:13:03,,
9871,6.0,1,3,aberto,2026-01-04 14:21:31,,
9872,36.0,4,3,em_andamento,2026-05-24 03:18:07,,
9873,48.0,8,2,cancelado,2025-10-08 04:05:52,,
9874,2.0,2,4,cancelado,2026-05-24 08:09:35,,
9875,46.0,8,3,em_andamento,2026-01-26 08:31:18,,
9876,13.0,5,2,em_andamento,2026-02-09 09:10:49,,
9877,21.0,4,2,em_andamento,2026-04-16 17:53:56,,
9878,9.0,5,2,resolvido,2026-04-23 07:25:55,2026-05-02 07:25:55,9.0
9879,49.0,8,4,cancelado,2026-01-05 17:05:29,,
9880,50.0,3,4,cancelado,2026-03-17 18:43:14,,
9881,17.0,6,4,resolvido,2026-05-30 06:41:45,2026-06-18 06:41:45,19.0
9882,43.0,9,3,em_andamento,2025-09-22 07:49:54,,
9883,6.0,2,3,resolvido,2026-03-02 12:06:54,2026-03-12 12:06:54,10.0
9884,28.0,1,2,cancelado,2025-08-03 06:34:35,,
9885,13.0,9,2,cancelado,2026-03-30 19:23:59,,
9886,46.0,9,4,resolvido,2025-12-21 11:44:49,2025-12-31 11:44:49,10.0
9887,49.0,5,4,resolvido,2026-02-25 16:51:05,2026-03-10 16:51:05,13.0
9888,45.0,10,2,resolvido,2026-06-13 17:50:44,2026-06-16 17:50:44,3.0
9889,20.0,8,4,aberto,2025-12-20 14:01:52,,
9890,25.0,10,2,em_andamento,2026-06-28 22:28:33,,
9891,34.0,6,2,em_andamento,2026-03-16 02:58:35,,
9892,42.0,1,2,resolvido,2026-07-16 17:08:05,2026-07-17 17:08:05,1.0
9893,20.0,7,1,cancelado,2026-01-23 06:32:55,,
9894,46.0,8,3,cancelado,2025-10-22 02:37:37,,
9895,48.0,8,4,aberto,2026-05-04 00:54:23,,
9896,34.0,10,4,em_andamento,2025-09-27 12:26:21,,
9897,46.0,7,1,em_andamento,2026-07-16 05:35:04,,
9898,37.0,6,3,resolvido,2026-04-10 17:57:21,2026-04-22 17:57:21,12.0
9899,46.0,2,1,resolvido,2025-10-30 22:37:16,2025-11-05 22:37:16,6.0
9900,48.0,8,2,em_andamento,2025-09-23 10:28:05,,
9901,41.0,6,1,aberto,2026-05-12 10:00:17,,
9902,40.0,5,4,em_andamento,2025-12-01 13:08:35,,
9903,32.0,8,4,em_andamento,2026-03-25 09:07:22,,
9904,26.0,4,4,resolvido,2026-05-07 00:25:19,2026-05-11 00:25:19,4.0
9905,40.0,8,4,aberto,2026-01-10 02:37:56,,
9906,46.0,8,2,em_andamento,2026-03-12 16:09:05,,
9907,2.0,1,1,aberto,2026-06-25 12:18:00,,
9908,2.0,2,3,em_andamento,2025-08-02 19:05:12,,
9909,33.0,7,4,aberto,2026-02-23 02:47:53,,
9910,26.0,3,3,aberto,2026-03-28 20:31:42,,
9911,21.0,8,3,resolvido,2025-09-14 11:12:40,2025-09-30 11:12:40,16.0
9912,7.0,5,1,cancelado,2026-05-15 07:40:18,,
9913,29.0,2,1,aberto,2025-09-19 03:37:32,,
9914,1.0,5,3,cancelado,2026-05-04 15:50:28,,
9915,12.0,5,2,em_andamento,2026-02-15 21:35:06,,
9916,31.0,5,4,cancelado,2026-05-12 16:32:12,,
9917,23.0,3,3,em_andamento,2025-11-16 20:25:17,,
9918,3.0,6,1,cancelado,2025-12-22 11:28:06,,
9919,8.0,10,4,em_andamento,2026-07-04 19:59:25,,
9920,48.0,6,1,em_andamento,2025-11-28 04:41:16,,
9921,42.0,4,3,em_andamento,2026-06-23 17:59:44,,
9922,49.0,4,3,em_andamento,2026-06-10 01:06:42,,
9923,28.0,8,3,cancelado,2026-03-11 01:21:52,,
9924,44.0,8,4,cancelado,2025-09-13 06:00:55,,
9925,14.0,5,2,cancelado,2026-07-30 00:07:55,,
9926,50.0,6,4,resolvido,2026-01-19 00:28:15,2026-01-31 00:28:15,12.0
9927,1.0,5,4,aberto,2026-05-14 20:36:06,,
9928,17.0,1,4,cancelado,2025-09-18 22:25:00,,
9929,5.0,3,1,cancelado,2026-03-11 23:35:04,,
9930,6.0,10,1,cancelado,2025-11-27 10:59:24,,
9931,17.0,7,4,cancelado,2025-11-06 18:34:05,,
9932,39.0,8,3,cancelado,2026-07-14 09:39:29,,
9933,10.0,2,4,aberto,2026-02-04 08:55:22,,
9934,49.0,3,3,em_andamento,2026-03-27 00:32:02,,
9935,24.0,7,4,em_andamento,2025-11-12 01:00:27,,
9936,48.0,1,2,em_andamento,2026-01-31 04:26:14,,
9937,23.0,4,4,resolvido,2025-09-30 14:31:53,2025-10-08 14:31:53,8.0
9938,46.0,3,3,resolvido,2026-04-29 02:31:58,2026-04-30 02:31:58,1.0
9939,25.0,8,2,resolvido,2025-10-08 14:13:10,2025-10-13 14:13:10,5.0
9940,47.0,1,4,aberto,2025-08-11 14:21:09,,
9941,48.0,1,4,em_andamento,2026-03-04 01:14:34,,
9942,34.0,4,3,cancelado,2025-12-23 13:03:15,,
9943,25.0,5,4,aberto,2026-04-06 07:49:03,,
9944,12.0,7,1,resolvido,2026-05-14 21:45:08,2026-05-16 21:45:08,2.0
9945,39.0,4,4,em_andamento,2025-09-17 16:51:09,,
9946,7.0,10,4,em_andamento,2025-08-20 03:41:33,,
9947,29.0,6,4,resolvido,2025-10-22 04:35:35,2025-10-25 04:35:35,3.0
9948,17.0,4,1,resolvido,2026-01-26 10:09:38,2026-02-07 10:09:38,12.0
9949,22.0,7,4,em_andamento,2026-07-14 13:37:22,,
9950,2.0,1,4,em_andamento,2026-04-14 06:02:47,,
9951,25.0,3,1,aberto,2026-05-02 02:57:38,,
9952,23.0,2,4,resolvido,2025-10-11 15:43:52,2025-10-20 15:43:52,9.0
9953,4.0,8,4,aberto,2025-10-07 09:12:48,,
9954,20.0,9,1,Resolvido,2025-08-27 07:16:59,,
9955,14.0,6,2,cancelado,2025-12-25 10:41:34,,
9956,48.0,4,4,resolvido,2025-09-22 08:25:09,2025-10-03 08:25:09,11.0
9957,41.0,3,3,cancelado,2025-11-09 12:29:37,,
9958,29.0,8,4,aberto,2026-01-01 11:50:12,,
9959,22.0,6,3,aberto,2026-01-20 20:43:19,,
9960,31.0,2,2,cancelado,2025-12-06 00:25:31,,
9961,39.0,10,1,resolvido,2026-04-30 19:04:12,2026-05-05 19:04:12,5.0
9962,19.0,9,2,cancelado,2026-04-25 08:18:59,,
9963,1.0,1,2,em_andamento,2025-08-08 18:55:19,,
9964,14.0,2,2,em_andamento,2026-04-05 17:42:23,,
9965,26.0,9,2,cancelado,2025-11-26 22:07:04,,
9966,17.0,7,1,em_andamento,2026-01-03 14:17:52,,
9967,5.0,4,4,resolvido,2026-02-13 22:20:14,2026-02-24 22:20:14,11.0
9968,6.0,3,1,resolvido,2026-03-08 22:49:07,2026-03-17 22:49:07,9.0
9969,12.0,6,1,resolvido,2026-03-14 12:12:22,2026-03-22 12:12:22,8.0
9970,31.0,7,3,resolvido,2025-08-06 01:10:11,2025-08-07 01:10:11,1.0
9971,36.0,10,2,em_andamento,2026-06-30 00:52:20,,
9972,15.0,6,3,em_andamento,2026-02-25 17:10:10,,
9973,45.0,9,3,cancelado,2026-02-23 17:09:10,,
9974,43.0,1,4,em_andamento,2025-08-07 23:33:46,,
9975,1.0,3,2,em_andamento,2025-10-06 03:25:19,,
9976,39.0,4,2,resolvido,2026-02-01 16:17:55,2026-02-12 16:17:55,11.0
9977,29.0,9,4,aberto,2026-02-17 18:31:48,,
9978,24.0,4,3,cancelado,2025-11-26 14:03:14,,
9979,20.0,8,2,cancelado,2026-04-16 21:42:18,,
9980,34.0,5,4,resolvido,2025-10-25 19:05:05,2025-10-30 19:05:05,5.0
9981,27.0,5,3,resolvido,2026-01-06 07:35:23,2026-01-18 07:35:23,12.0
9982,34.0,4,1,aberto,2026-07-28 19:51:37,,
9983,8.0,9,3,aberto,2026-04-01 10:00:34,,
9984,34.0,9,1,cancelado,2026-02-05 04:38:09,,
9985,21.0,7,3,Resolvido,2025-09-15 22:44:07,2025-09-23 22:44:07,8.0
9986,49.0,1,3,aberto,2026-02-21 17:33:58,,
9987,42.0,1,3,aberto,2025-11-03 20:57:25,,
9988,7.0,1,4,cancelado,2026-04-29 14:28:15,,
9989,39.0,8,3,resolvido,2025-08-05 12:37:30,2025-08-10 12:37:30,5.0
9990,14.0,8,4,cancelado,2026-07-31 17:34:00,,
9991,13.0,7,3,cancelado,2026-03-27 22:49:54,,
9992,49.0,6,2,em_andamento,2025-11-20 18:58:53,,
9993,15.0,5,4,cancelado,2025-10-25 12:08:27,,
9994,18.0,10,4,em_andamento,2026-02-07 09:30:45,,
9995,13.0,8,2,em_andamento,2026-05-26 04:52:12,,
9996,45.0,7,2,aberto,2025-11-14 03:11:27,,
9997,40.0,2,3,aberto,2026-02-09 14:30:13,,
9998,12.0,4,4,resolvido,2026-05-10 20:26:27,2026-05-17 20:26:27,7.0
9999,14.0,9,4,em_andamento,2026-03-19 07:02:23,,
10000,19.0,6,1,resolvido,2025-08-01 02:56:26,2025-08-09 02:56:26,8.0
7055,46.0,2,2,cancelado,2026-06-16 15:05:12,,
443,33.0,8,3,aberto,2026-03-26 03:55:17,,
3955,48.0,1,2,em_andamento,2025-10-21 16:32:04,,
2289,28.0,9,2,cancelado,2025-11-26 13:28:26,,
3197,16.0,3,1,em_andamento,2026-03-19 03:51:45,,
6179,6.0,6,4,aberto,2026-01-10 11:16:30,,
8352,24.0,10,3,aberto,2025-08-05 05:57:39,,
5659,42.0,8,3,aberto,2025-11-05 08:30:34,,
2066,3.0,3,2,resolvido,2025-09-02 16:08:50,2025-09-06 16:08:50,4.0
414,50.0,9,2,em_andamento,2025-11-10 04:49:41,,
8595,25.0,10,4,aberto,2026-04-02 08:24:10,,
1806,32.0,8,4,cancelado,2026-04-24 15:26:30,,
3632,11.0,3,2,aberto,2025-08-16 14:31:23,,
838,3.0,7,3,em_andamento,2026-05-17 14:52:20,,
9323,11.0,2,1,aberto,2026-05-29 13:44:29,,
4187,24.0,5,3,em_andamento,2026-07-10 20:08:23,,
6569,17.0,2,2,cancelado,2026-03-27 13:32:42,,
5402,17.0,3,4,cancelado,2026-03-23 06:10:08,,
8468,27.0,9,1,aberto,2026-05-20 15:18:39,,
1996,19.0,7,4,aberto,2026-01-29 23:51:50,,
